food_number,food_name,food_group,food_subgroup,country,year,gi,gi_sem,gl,subjects,subject_n,avail_carb_g,test_portion_g,reference_food,timepoints,sample_collection,analysis_method,reference_id,group_avail_carb_portion_g,row_type,page,processing,processing_source
1,"Cake, NS, decreased GI variant, sugar-to-flour ratio: 0.80 (Bakery School, Herk-de-Stad, Belgium)",BAKERY PRODUCTS,Cakes,Belgium,2010*,20,4,6,Normal,10,25,54.4,"Glucose, 2h",Standard,"Venous, plasma/serum",Enzymatic,1,30,food,2,,
2,"Carrot cake, prepared with wheat flour and coconut flour",BAKERY PRODUCTS,Cakes,Philippines,2002,37,2,11,Normal,10,50,,"Bread, 2h",Standard,"Capillary, serum",Enzymatic,2,30,food,2,,
3,"Chocolate cake made from packet mix with chocolate frosting (Betty Crocker, General Mills Inc., Minneapolis, USA)",BAKERY PRODUCTS,Cakes,USA,2000,38,3,11,Normal,10,50,92.4,"Glucose, 2h",Standard,"Capillary, plasma",Enzymatic,UO5,30,food,2,,
4,Chocolate mudcake,BAKERY PRODUCTS,Cakes,Australia,2009,43,4,13,Normal,9,50,109.4,"Glucose, 2h",Standard,"Capillary, plasma",Enzymatic,UO5,30,food,2,,
5,Christmas fruit cake,BAKERY PRODUCTS,Cakes,Australia,2009,53,3,16,Normal,10,50,90.6,"Glucose, 2h",Standard,"Capillary, plasma",Enzymatic,UO5,30,food,2,,
6,"Cupcake, strawberry-iced (Squiggles, Farmland, Grocery Holdings, Tooronga, Australia)",BAKERY PRODUCTS,Cakes,Australia,2000,73,12,22,Normal,10,50,74.2,"Glucose, 2h",Standard,"Capillary, plasma",Enzymatic,UO5,30,food,2,,
7,"Plumcake, prepared with wheat flour and yogurt (Mulino Bianco, Barilla, Italy)",BAKERY PRODUCTS,Cakes,Italy,2005,47,6,14,Normal,10,50,100,"Glucose, 2h",Standard,"Capillary, whole blood",YSI,3,30,food,2,,
8,"Pound cake 0% (Bimbo S.A de C.V, Mexico)",BAKERY PRODUCTS,Cakes,Mexico,2006,38,5,11,Normal,12,50,122.2,"Glucose, 2h",Standard,"Capillary, plasma",Enzymatic,UO5,30,food,2,,
9,"Raspberry Coffee cake, President's Choice® Blue Menu™ (Loblaw Brands Limited, Canada)",BAKERY PRODUCTS,Cakes,Canada,2007,50,4,15,Normal,10,50,113.6,"Bread, 2h",Standard,"Capillary, whole blood",YSI,UO7,30,food,2,,
10,"Sponge cake, filled with marmalade and yogurt cream (Yogo brioss, Ferrero, Italy)",BAKERY PRODUCTS,Cakes,Italy,2014,57,5,17,Normal,10,25,50,"Glucose, 2h",Standard,"Capillary, whole blood",YSI,3,30,food,2,,
11,"Sponge cake with cocoa, milk cream-filled, coated with chocolate (Kinder Délice, Italy)",BAKERY PRODUCTS,Cakes,Italy,2012,58,8,17,Normal,10,50,114.8,"Glucose, 2h",Standard,"Capillary, whole blood",YSI,3,30,food,2,,
12,"Sponge cake with cocoa, milk cream-filled, coated with chocolate and coconut pieces (Kinder Délice Cocco, Kinder, Ferrero, Italy)",BAKERY PRODUCTS,Cakes,Italy,2012,56,6,17,Normal,10,25,62,"Glucose, 2h",Standard,"Capillary, whole blood",YSI,3,30,food,2,,
13,"Sponge cake, soft wheat flour, carrots (14%), almonds (7%) (Camille, Mulino Bianco, Barilla, Italy)",BAKERY PRODUCTS,Cakes,Italy,2007,51,3,15,Normal,10,50,70,"Glucose, 2h",Standard,"Capillary, whole blood",YSI,3,30,food,2,,
14,"Sponge cake, soft wheat flour, filled with chocolate cream (Kinder Pan e Cioc Cacao, Kinder, Ferrero, Italy)",BAKERY PRODUCTS,Cakes,Italy,2014,61,3,18,Normal,10,25,56,"Glucose, 2h",Standard,"Capillary, whole blood",YSI,3,30,food,2,,
15,"Sponge cake, soft wheat flour, ground cereals (rice, barley, rye, oat, wheat) and cocoa, filled with barley malt cream (Kinder colazione più, Kinder, Ferrero, Italy)",BAKERY PRODUCTS,Cakes,Italy,2014,66,8,20,Normal,10,,57,"Glucose, 2h",Standard,"Capillary, whole blood",YSI,3,30,food,3,,
16,"Sponge cake, soft wheat flour, orange cream-filled, coated with chocolate (Fiesta, Ferrero, Italy)",BAKERY PRODUCTS,Cakes,Italy,2012,60,6,18,Normal,10,25,48,"Glucose, 2h",Standard,"Capillary, whole blood",YSI,3,30,food,3,,
17,"Sponge cake, soft wheat flour, with almond and chocolate pieces (Brioche Cereali e Cioccolato, Grancereale, Barilla, Italy)",BAKERY PRODUCTS,Cakes,Italy,2012,66,3,20,Normal,10,50,107,"Glucose, 2h",Standard,"Capillary, whole blood",YSI,3,30,food,3,,
18,"Sponge cake, wheat flour, rolled barley and oat (2.5%), filled with apricot jam (Brioss Albicocca ecereali, Ferrero Italy)",BAKERY PRODUCTS,Cakes,Italy,2012,60,7,18,Normal,10,50,80,"Glucose, 2h",Standard,"Capillary, whole blood",YSI,4,30,food,3,,
19,"Vanilla cake, made from packet mix with vanilla frosting (Betty Crocker, General Mills Inc., Minneapolis, USA)",BAKERY PRODUCTS,Cakes,USA,2000,42,4,13,Normal,10,50,96.8,"Glucose, 2h",Standard,"Capillary, plasma",Enzymatic,UO5,30,food,3,,
20,"Cake, prepared with yoghurt, gluten-free (Plum cake, Dr Shaer AG/SPA, Italy)",BAKERY PRODUCTS,"Cakes, gluten-free",Italy,2015*,42,6,13,Normal,10,50,102,"Glucose, 2h",Standard,"Capillary, whole blood",YSI,5,30,food,3,,
21,"Cake, prepared with brown rice, corn, millet and buckwheat, gluten-free (Gallette Chicchi al vento, Grancereale, Barilla, Italy)",BAKERY PRODUCTS,"Cakes, gluten-free",Italy,2015*,67,6,20,Normal,10,50,62,"Glucose, 2h",Standard,"Capillary, whole blood",YSI,5,30,food,3,,
22,"Croissant, all butter (Coles Supermarkets Pty Ltd, Australia)",BAKERY PRODUCTS,Croissant,Australia,2013,45,6,14,Normal,10,50,123.2,"Glucose, 2h",Standard,"Capillary, plasma",Enzymatic,UO5,30,food,3,,
23,Croissant,BAKERY PRODUCTS,Croissant,Oman,2020*,67,2,20,Normal,12,50,,"Glucose, 2h",Standard,"Capillary, whole blood",Glucometer 9,6,30,food,3,,
,"Croissant, mean of two foods",BAKERY PRODUCTS,Croissant,,,56,,,,,,,,,,,,30,mean,3,,
24,"Apple Berry crumble, President's Choice® Blue Menu™ (Loblaw Brands Limited, Canada)",BAKERY PRODUCTS,Desserts,Canada,2007,41,3,12,Normal,10,50,242.6,"Bread, 2h",Standard,"Capillary, whole blood",YSI,UO7,30,food,3,,
25,"Bavarian (mousse filling on biscuit base), Chocolate honeycomb, light (Sara Lee Bakery, Australia)",BAKERY PRODUCTS,Desserts,Australia,2006-2007,31,5,9,Normal,9,50,184.5,"Glucose, 2h",Standard,"Capillary, whole blood",HemoCue,UO10,30,food,3,,
26,"Danish Pastry, Apple & Peach, light (Sara Lee Bakery, Australia)",BAKERY PRODUCTS,Desserts,Australia,2006-2007,50,4,15,Normal,10,50,114.4,"Glucose, 2h",Standard,"Capillary, whole blood",HemoCue,UO10,30,food,3,,
27,"Fruit mince pies, shortcrust pastry case filled with dried fruit",BAKERY PRODUCTS,Desserts,Australia,2009,58,6,17,Normal,11,50,80.9,"Glucose, 2h",Standard,"Capillary, plasma",Enzymatic,UO5,30,food,3,,
28,"Pavlova, meringue base topped with whipped cream, fresh strawberries, banana and passionfruit pulp",BAKERY PRODUCTS,Desserts,Australia,2010,49,5,15,Normal,9,50,193.3,"Glucose, 2h",Standard,"Capillary, plasma",Enzymatic,UO5,30,food,3,,
29,Gingerbread,BAKERY PRODUCTS,"Gingerbread, cake-style",France,2019*,81,5,24,Normal,15,50,68.2,"Glucose, 2h",Standard,"Capillary, plasma",Enzymatic,7,30,food,4,,
30,Gingerbread,BAKERY PRODUCTS,"Gingerbread, cake-style",France,2019*,88,5,26,Normal,15,50,68.2,"Glucose, 2h",Standard,"Capillary, whole blood",YSI,7,30,food,4,,
31,Gingerbread,BAKERY PRODUCTS,"Gingerbread, cake-style",France,2019*,89,8,27,Normal,13,50,68.2,"Glucose, 2h",Standard,"Capillary, plasma",Enzymatic,7,30,food,4,,
,"Gingerbread, mean of three studies",BAKERY PRODUCTS,"Gingerbread, cake-style",,,86,,,,,,,,,,,,30,mean,4,,
32,"Apple Blueberry muffin (Sara Lee Bakery, Australia)",BAKERY PRODUCTS,Muffins,Australia,2006-2007,49,4,15,Normal,9,50,119.0,"Glucose, 2h",Standard,"Capillary, whole blood",HemoCue,UO10,30,food,4,,
33,"Apple, oat, sultana muffin",BAKERY PRODUCTS,Muffins,Australia,2000,54,4,16,Normal,9,50,92.6,"Bread, 2h",Standard,"Capillary, whole blood",HemoCue,5 UO,30,food,4,,
34,"Apricot, coconut and honey muffin",BAKERY PRODUCTS,Muffins,Australia,2000,60,4,18,Normal,9,50,102.4,"Bread, 2h",Standard,"Capillary, whole blood",HemoCue,5 UO,30,food,4,,
35,"Banana, oat and honey muffin",BAKERY PRODUCTS,Muffins,Australia,2000,65,11,20,Normal,10,50,98.3,"Bread, 2h",Standard,"Capillary, whole blood",HemoCue,5 UO,30,food,4,,
36,"Blueberry muffin (Sara Lee Bakery, Australia)",BAKERY PRODUCTS,Muffins,Australia,2006-2007,50,3,15,Normal,10,50,96.9,"Glucose, 2h",Standard,"Capillary, whole blood",HemoCue,10 UO,30,food,4,,
37,"Blueberry (Wild) 10-Grain muffin, President's Choice® Blue Menu™ (Loblaw Brands Limited, Canada)",BAKERY PRODUCTS,Muffins,Canada,2007,57,7,17,Normal,10,50,89.7,"Bread, 2h",Standard,"Capillary, whole blood",YSI,UO7,30,food,4,,
38,Chocolate butterscotch muffin,BAKERY PRODUCTS,Muffins,Australia,2001,53,5,16,Normal,10,50,89.2,"Bread, 2h",Standard,"Capillary, whole blood",HemoCue,UO5,30,food,4,,
39,"Chocolate chip muffin (Sara Lee Bakery, Australia)",BAKERY PRODUCTS,Muffins,Australia,2006-2007,52,6,16,Normal,11,50,94.0,"Glucose, 2h",Standard,"Capillary, whole blood",HemoCue,UO10,30,food,4,,
40,"Cranberry & Orange Soy muffin, President's Choice® Blue Menu™ (Loblaw Brands Limited, Canada)",BAKERY PRODUCTS,Muffins,Canada,2007,48,6,14,Normal,10,50,120.7,"Bread, 2h",Standard,"Capillary, whole blood",YSI,UO7,30,food,4,,
41,Cranberry Raisin muffin,BAKERY PRODUCTS,Muffins,Australia,2013,43,3,13,Normal,10,50,140.4,"Glucose, 2h",Standard,"Capillary, plasma",Enzymatic,5 UO,30,food,4,,
42,"Double chocolate muffin (Sara Lee Bakery, Australia)",BAKERY PRODUCTS,Muffins,Australia,2006-2007,46,4,14,Normal,10,50,89.0,"Glucose, 2h",Standard,"Capillary, whole blood",HemoCue,10 UO,30,food,4,,
43,"Raisin Bran Flax muffin, President's Choice® Blue Menu™ (Loblaw Brands Limited, Canada)",BAKERY PRODUCTS,Muffins,Canada,2007,52,3,16,Normal,10,50,106.1,"Bread, 2h",Standard,"Capillary, whole blood",YSI,UO7,30,food,4,,
44,"Raspberry Pomegranate muffin, President's Choice® Blue Menu™ (Loblaw Brands Limited, Canada)",BAKERY PRODUCTS,Muffins,Canada,2007,58,7,17,Normal,10,50,106.1,"Bread, 2h",Standard,"Capillary, whole blood",YSI,UO7,30,food,4,,
,"Muffins, mean of 13 foods",BAKERY PRODUCTS,Muffins,,,53,,,,,,,,,,,,30,mean,4,,
45,"Muffin, made with 14% soft wheat flour, 7% lentil flour, 5% resistant starch and 3% dextrins",BAKERY PRODUCTS,"Muffin, plain, made with different flours",Spain,2009,39,6,12,Normal,10,50,133,"Glucose, 2h",Standard,"Venous, whole blood 12",Enzymatic,8,30,food,5,,
46,Muffin made with oat flour,BAKERY PRODUCTS,"Muffin, plain, made with different flours",Singapore,2015*,54,5,16,Normal,12,50,146.8,"Glucose, 2h",Standard,"Capillary, whole blood",HemoCue,9,30,food,5,,
47,Muffin made with barley flour,BAKERY PRODUCTS,"Muffin, plain, made with different flours",Singapore,2015*,55,5,17,Normal,12,50,139.7,"Glucose, 2h",Standard,"Capillary, whole blood",HemoCue,9,30,food,5,,
48,Muffin made with corn flour,BAKERY PRODUCTS,"Muffin, plain, made with different flours",Singapore,2015*,74,5,22,Normal,12,50,136.9,"Glucose, 2h",Standard,"Capillary, whole blood",HemoCue,9,30,food,5,,
49,Muffin made with wheat flour,BAKERY PRODUCTS,"Muffin, plain, made with different flours",Singapore,2015*,74,8,22,Normal,12,50,126.1,"Glucose, 2h",Standard,"Capillary, whole blood",HemoCue,9,30,food,5,,
50,Muffin made with rice flour,BAKERY PRODUCTS,"Muffin, plain, made with different flours",Singapore,2015*,79,6,24,Normal,12,50,119.4,"Glucose, 2h",Standard,"Capillary, whole blood",HemoCue,9,30,food,5,,
51,"Pancakes, prepared with wheat flour and coconut flour",BAKERY PRODUCTS,Pancakes,Philippines,2002,46,2,14,Normal,10,50,,"Bread, 2h",Standard,"Capillary, serum",Enzymatic,2,30,food,5,,
52,"Pancakes, prepared from wheat flour and water (Coles Smart Buy Plain Flour, Coles Supermarkets Pty Ltd) (78.9 g flour + 108.8 mL water)",BAKERY PRODUCTS,Pancakes,Australia,2009,61,7,18,Normal,10,50,78.9,"Glucose, 2h",Standard,"Capillary, plasma",Enzymatic,10,30,food,5,,
53,"Pancakes, prepared from shake mix (Green's General Foods, Glendenning, Australia)",BAKERY PRODUCTS,Pancakes,Australia,2000,67,5,20,Normal,10,50,69.7,"Glucose, 2h",Standard,"Capillary, plasma",Enzymatic,UO5,30,food,5,,
54,"Pancakes, millet (100% foxtail millet flour)",BAKERY PRODUCTS,Pancakes,China,2016*,76,11,23,Normal,10,50,121,"Glucose, 2h",Standard,"Venous, plasma/serum",Enzymatic,11,30,food,5,,
55,"Pancakes, prepared from wheat flour",BAKERY PRODUCTS,Pancakes,China,2005,80,4,24,Normal,10,50,,"Glucose, 2h",Standard,"Venous, NS",NS,12,30,food,5,,
56,"Pancakes, millet (75% foxtail millet flour, 25% extrusion flour (w/w, dry basis)",BAKERY PRODUCTS,Pancakes,China,2016*,83,10,25,Normal,10,50,141,"Glucose, 2h",Standard,"Venous, plasma/serum",Enzymatic,11,30,food,5,,
57,"Pancakes, buckwheat, gluten-free, made from packet mix (Orgran Natural Foods, Carrum Downs, Australia)",BAKERY PRODUCTS,"Pancakes, gluten-free",Australia,2000,102,11,31,Normal,10,50,69.4,"Glucose, 2h",Standard,"Capillary, plasma",Enzymatic,UO5,30,food,5,,
58,"Pancakes, gluten-free, made from packet mix (Freedom Foods, Cheltenham, Australia)",BAKERY PRODUCTS,"Pancakes, gluten-free",Australia,2006-2007,61,6,18,Normal,10,50,187.3,"Glucose, 2h",Standard,"Capillary, whole blood",HemoCue,UO10,30,food,5,,
59,"Brownies, containing wheat flour and coconut flour",BAKERY PRODUCTS,Other bakery products,Philippines,2002,43,4,13,Normal,10,50,,"Bread, 2h",Standard,"Capillary, serum",Enzymatic,2,30,food,5,,
60,"Cinnamon bread, prepared with wheat flour and coconut flour",BAKERY PRODUCTS,Other bakery products,production Philippines,2002,45,3,14,number) Normal,10,,,"period Bread, 2h",Standard,"Capillary, serum",method 4 Enzymatic,2,30,food,6,,
61,Doughnut,BAKERY PRODUCTS,Other bakery products,Oman,2020*,75,3,23,Normal,12,50,,"Glucose, 2h",Standard,"Capillary, whole blood",Glucometer 9,6,30,food,6,,
62,"Hot cross buns, spiced sweet bun with dried fruit (Tip Top Bakeries, Chatswood, Australia)",BAKERY PRODUCTS,Other bakery products,Australia,2012,59,7,18,Normal,10,50,89.8,"Glucose, 2h",Standard,"Capillary, plasma",Enzymatic,UO5,30,food,6,,
63,"Hot cross buns, spiced sweet bun with dried fruit",BAKERY PRODUCTS,Other bakery products,Australia,2012,66,6,20,Normal,9,50,112.8,"Glucose, 2h",Standard,"Capillary, plasma",Enzymatic,UO5,30,food,6,,
64,"Pan de sal (sweet bread roll), containing wheat flour and coconut flour",BAKERY PRODUCTS,Other bakery products,Philippines,2002,62,4,19,Normal,10,50,,"Bread, 2h",Standard,"Capillary, serum",Enzymatic,2,30,food,6,,
65,"Pastry, puff (Pampas™, Australia)",BAKERY PRODUCTS,Other bakery products,Australia,2006,56,5,17,Normal,10,50,127.2,"Glucose, 2h",Standard,"Capillary, plasma",Enzymatic,UO5,30,food,6,,
66,"Pastry, puff, with wheat flour and sugar (Nastrine, Italy)",BAKERY PRODUCTS,Other bakery products,Italy,2005,47,6,14,Normal,9,50,102,"Glucose, 2h",Standard,"Capillary, whole blood",YSI,3,30,food,6,,
67,"Pikelets, Golden brand (Tip Top Bakeries, Chatswood, Australia)",BAKERY PRODUCTS,Other bakery products,Australia,2000,85,14,26,Normal,10,50,144.5,"Glucose, 2h",Standard,"Capillary, plasma",Enzymatic,UO5,30,food,6,,
68,"Pizza base, baked in oven at 220°C for 9 min (Boboli, Orograin Bakeries Manufacturing Inc, PA, USA)",BAKERY PRODUCTS,Other bakery products,USA,2015,52,4,16,Normal,10,50,104.2,"Glucose, 2h",Standard,"Capillary, plasma",Enzymatic,UO5,30,food,6,baked,name
69,"Scones, plain, made from packet mix (Defiance Milling Co, Australia)",BAKERY PRODUCTS,Other bakery products,Australia,2000,92,8,28,Normal,10,50,105.3,"Glucose, 2h",Standard,"Capillary, plasma",Enzymatic,UO5,30,food,6,,
70,"Sweet bread, with chocolate chips (Pangoccioli, Italy)",BAKERY PRODUCTS,Other bakery products,Italy,2009,50,5,15,Normal,10,50,81.4,"Glucose, 2h",Standard,"Capillary, whole blood",YSI,3,30,food,6,,
71,"Tarte, made with wheat flour and apricot jam (Crostatina all'albicocca, Italy)",BAKERY PRODUCTS,Other bakery products,Italy,2005,44,4,13,Normal,9,50,77.5,"Glucose, 2h",Standard,"Capillary, whole blood",YSI,3,30,food,6,,
72,"Beer (4.5% alcohol by volume) (Nikolai Lager, Sinebrychoff Ltd, Finland)",BEVERAGES,Beer,Finland,2012*,119,10,12,Normal,10,25,510,"Glucose, 2h",Standard,"Capillary, whole blood",HemoCue,13,25,food,6,,
73,"Beer (4.4% alcohol by volume), Pilsner Urquell® (Plze ňsk ý Prazdroj, A.S., Czech Republic)",BEVERAGES,Beer,Czech Republic,2016*,89,2,9,Normal,10,25,554.3,"Glucose, 2h",Standard,"Capillary, plasma",Enzymatic,14,25,food,6,,
,"Beer, mean of two foods",BEVERAGES,Beer,,,104,,,,,,,,,,,,25,mean,6,,
74,"Beer, non-alcoholic (0.0% alcohol by volume) (Nikolai Lager, Sinebrychoff Ltd, Finland)",BEVERAGES,Beer,production Finland,2012*,80,6,8,number) Normal,10,,,"period Glucose, 2h",Standard,"Capillary, whole blood",method 4 HemoCue,13,25,food,7,,
75,"Coca Cola® , soft drink (Coca Cola Amatil, Sydney, Australia)",BEVERAGES,Carbonated beverages/soft drinks,Australia,2006,53,7,13,Normal,10,50,480.8,"Bread, 2h",Standard,"Capillary, plasma",Enzymatic,UO5,25,food,7,,
76,"Coca Cola® , soft drink",BEVERAGES,Carbonated beverages/soft drinks,Italy,2011,73,7,18,Normal,9,50,472,"Glucose, 2h",Standard,"Capillary, whole blood",YSI,3,25,food,7,,
,"Coca Cola® , mean of two studies",BEVERAGES,Carbonated beverages/soft drinks,,,63,,,,,,,,,,,,25,mean,7,,
77,"Cola, Pepsi®, sucrose-sweetened (Pepsi, Hartwall Ltd, Finland)",BEVERAGES,Carbonated beverages/soft drinks,Finland,2011,72,7,18,Normal,12,50,450,"Glucose, 2h",Standard,"Capillary, whole blood",HemoCue,15,25,food,7,,
78,"Ginger beer, carbonated beverage (Bundaberg Brewed Drinks Pty Ltd, Australia)",BEVERAGES,Carbonated beverages/soft drinks,Australia,2017,65,5,16,Normal,10,25,231.5,"Glucose, 2h",Standard,"Capillary, plasma",Enzymatic,UO5,25,food,7,,
79,"Lemon flavored soft drink, Lemonade, Schweppes® (Cadbury Schweppes, Sydney, Australia)",BEVERAGES,Carbonated beverages/soft drinks,Australia,2006,54,5,14,Normal,10,50,454.5,"Glucose, 2h",Standard,"Capillary, plasma",Enzymatic,UO5,25,food,7,,
80,"Lemon flavored soft drink, Solo™, lemon squash (Cadbury Schweppes, Australia)",BEVERAGES,Carbonated beverages/soft drinks,Australia,2001,58,5,15,Normal,10,25,190.8,"Glucose, 2h",Standard,"Capillary, whole blood",HemoCue,UO5,25,food,7,,
81,"Lemon flavored soft drink Sprite TM (The Coca-Cola Company, Australia)",BEVERAGES,Carbonated beverages/soft drinks,Australia,2011,64,3,16,Normal,10,50,495.0,"Glucose, 2h",Standard,"Capillary, plasma",Enzymatic,16,25,food,7,,
,"Lemon flavored soft drinks, mean of three foods",BEVERAGES,Carbonated beverages/soft drinks,,,59,,,,,,,,,,,,25,mean,7,,
82,"Blackcurrant fruit syrup, Ribena™ reconstituted with 315.5 mL water (GlaxoSmithKline Group, Australia)",BEVERAGES,Fruit drinks,Australia,2006,52,5,13,Normal,10,50,63.1,"Glucose, 2h",Standard,"Capillary, whole blood",HemoCue,UO5,25,food,7,,
83,"Fruit drink, decreased GI variant (containing 8% isomaltose)",BEVERAGES,Fruit drinks,Belgium,2010*,48,8,12,Normal,10,25,306,"Glucose, 2h",Standard,"Venous, plasma/serum",Enzymatic,1,25,food,7,,
84,"Fruit drink, increased GI variant (containing 8% sucrose)",BEVERAGES,Fruit drinks,Belgium,2010*,86,14,22,Normal,10,25,306,"Glucose, 2h",Standard,"Venous, plasma/serum",Enzymatic,1,25,food,7,,
85,Fruit flavored beverage,BEVERAGES,Fruit drinks,Australia,2014*,67,5,17,Normal,10,50,769,"Glucose, 2h",Standard,"Capillary, plasma",Enzymatic,17,25,food,7,,
86,Fruit flavored beverage with 0.22 g Filtered Molasses Concentrate added per 100 mL (3.6 g FMC/100 g carbohydrate),BEVERAGES,Fruit drinks,Australia,2014*,58,3,15,Normal,10,50,820,"Glucose, 2h",Standard,"Capillary, plasma",Enzymatic,17,25,food,7,,
87,"Ice Green Tea, ready-to-drink brewed green tea (Pokka Corporation (S) Private Ltd, Singapore)",BEVERAGES,Fruit drinks,Singapore,2015*,50,5,13,Normal,13,50,833.3,"Glucose, 2h",Standard,"Capillary, whole blood",HemoCue,18,25,food,7,,
88,"Iced Green Tea, 7% lemon juice (Estathè verde, Ferrero, Italy)",BEVERAGES,Fruit drinks,Italy,2011,66,5,17,Normal,9,50,575,"Glucose, 2h",Standard,"Capillary, whole blood",YSI,3,25,food,7,,
89,"Ice Lemon Tea, ready-to-drink black tea with lemon flavor (F&N Foods Private Ltd, Singapore)",BEVERAGES,Fruit drinks,production Singapore,2015*,74,7,19,number) Normal,14,,,"period Glucose, 2h",Standard,"Capillary, whole blood",method 4 HemoCue,18,25,food,8,,
90,"Iced lemon tea, decaffeinated, lemon juice powder 0.2% (7% fructose) (Estathè deteinato limone, Ferrero, Italy)",BEVERAGES,Fruit drinks,Italy,2011,38,3,10,Normal,9,50,575,"Glucose, 2h",Standard,"Capillary, whole blood",YSI,3,25,food,8,,
91,"Iced lemon tea, lemon juice powder 0.2%, (Estathè limone, Ferrero, Italy)",BEVERAGES,Fruit drinks,Italy,2011,72,6,18,Normal,9,50,442,"Glucose, 2h",Standard,"Capillary, whole blood",YSI,3,25,food,8,,
92,"Iced peach tea, 9.5% peach juice (Estathè pesca, Ferrero, Italy)",BEVERAGES,Fruit drinks,Italy,2011,71,7,18,Normal,9,50,455,"Glucose, 2h",Standard,"Capillary, whole blood",YSI,3,25,food,8,,
93,"Orange Delight Cocktail with pulp, President's Choice® Blue Menu™ (Loblaw Brands Limited, Canada)",BEVERAGES,Fruit drinks,Canada,2007,44,5,11,Normal,10,50,781.3,"Bread, 2h",Standard,"Capillary, whole blood",YSI,UO7,25,food,8,,
94,"Tropical blend fruit drink, V8 Splash® (Campbell's Soup Company, USA)",BEVERAGES,Fruit drinks,USA,2002,47,4,12,Normal,10,50,455.4,"Glucose, 2h",Standard,"Capillary, whole blood",HemoCue,UO5,25,food,8,,
95,"Choc Banana flavored drink, Aussie Bodies Start the Day UHT (Aussie Bodies Pty Ltd, Australia)",BEVERAGES,Milk drinks,Australia,2006-2007,24,3,6,Normal,10,50,847.5,"Glucose, 2h",Standard,"Capillary, whole blood",HemoCue,UO10,25,food,8,,
96,"Chocolate flavored drink, Aussie Bodies Start the Day UHT (Aussie Bodies Pty Ltd, Australia)",BEVERAGES,Milk drinks,Australia,2006-2007,26,4,7,Normal,11,50,847.5,"Glucose, 2h",Standard,"Capillary, whole blood",HemoCue,UO10,25,food,8,,
97,"Hot Chocolate mix made with hot water, Complete (Nestlé, Australia)",BEVERAGES,Milk drinks,Australia,2001,51,3,13,Normal,10,50,69.4,"Glucose, 2h",Standard,"Capillary, plasma",Enzymatic,UO5,25,food,8,,
98,"Chocolate Liquid Breakfast, Devondale Fast Start (Murray Goulburn Co-Operative Company Limited, Australia)",BEVERAGES,Milk drinks,Australia,2012,39,4,10,Normal,9,50,468.7,"Glucose, 2h",Standard,"Capillary, plasma",Enzymatic,UO5,25,food,8,,
99,"Coffee Liquid Breakfast, Devondale Fast Start (Murray Goulburn Co-Operative Company Limited, Australia)",BEVERAGES,Milk drinks,Australia,2012,39,4,10,Normal,9,50,449.2,"Glucose, 2h",Standard,"Capillary, plasma",Enzymatic,UO5,25,food,8,,
100,Kellogg’s® Coco Pops Chocolatey Liquid Breakfast (Kellogg’s Australia),BEVERAGES,Milk drinks,Australia,2012,35,4,9,Normal,10,50,519.6,"Glucose, 2h",Standard,"Capillary, plasma",Enzymatic,UO5,25,food,8,,
101,Kellogg‘s® Nutri-Grain Breakfast Fuel (Kellogg’s Australia),BEVERAGES,Milk drinks,Australia,2012,38,3,10,Normal,10,50,514.6,"Glucose, 2h",Standard,"Capillary, plasma",Enzymatic,UO5,25,food,8,,
102,"Milo™ (Nestlé, Australia) dissolved in water",BEVERAGES,Milk drinks,Australia,1999,55,3,14,Normal,10,50,73.0,"Glucose, 2h",Standard,"Capillary, plasma",Enzymatic,UO5,25,food,8,,
103,"Milo™ (Nestlé, Auckland, New Zealand) dissolved in water",BEVERAGES,Milk drinks,New Zealand,1999,52,5,13,Normal,10,50,69.4,"Glucose, 2h",Standard,"Capillary, plasma",Enzymatic,UO5,25,food,8,,
104,"Milk powder, Jerseyjoy Active Life (Australia Jersey Dairy Group Pty Ltd), prepared with water",BEVERAGES,Milk drinks,Australia,2019,32,4,8,Normal,10,50,96.2,"Glucose, 2h",Standard,"Capillary, plasma",Enzymatic,UO5,25,food,8,,
105,"Nesquik™, chocolate (Nestlé, Australia), prepared with water",BEVERAGES,Milk drinks,Australia,1998,53,5,13,Normal,9,50,,"Bread, 2h",Standard,"Capillary, plasma",Enzymatic,UO5,25,food,8,,
106,"Nesquik™, strawberry (Nestlé, Australia), prepared with water",BEVERAGES,Milk drinks,production Australia,1998,64,6,16,number) Normal,9,,,"period Bread, 2h",Standard,"Capillary, plasma",method 4 Enzymatic,UO5,25,food,9,,
107,"Ovaltine®, chocolate (Twinings & Co, Australia), prepared with water",BEVERAGES,Milk drinks,Australia,2016,50,4,13,Normal,10,25,37.6,"Glucose, 2h",Standard,"Capillary, plasma",Enzymatic,UO5,25,food,9,,
108,"Formulated Milk powder for Middle-Aged Adults, Probilove (Australia Jersey Dairy Group Pty Ltd), prepared with water",BEVERAGES,Milk drinks,Australia,2019,32,4,8,Normal,10,50,100.5,"Glucose, 2h",Standard,"Capillary, plasma",Enzymatic,UO5,25,food,9,,
109,"Vanilla drink with fiber, Build-Up™ nutrient-fortified drink (Nestlé, Australia)",BEVERAGES,Milk drinks,Australia,2001,41,4,10,Normal,10,50,92.1,"Glucose, 2h",Standard,"Capillary, plasma",Enzymatic,UO5,25,food,9,,
110,"Vanilla Liquid Breakfast, Devondale Fast Start (Murray Goulburn Co-Operative Company Limited, Australia)",BEVERAGES,Milk drinks,Australia,2012,49,3,12,Normal,10,50,456.8,"Glucose, 2h",Standard,"Capillary, plasma",Enzymatic,UO5,25,food,9,,
111,Yakult (Yakult Italia),BEVERAGES,Milk drinks,Italy,2011,51,4,13,Normal,10,25,170,"Glucose, 2h",Standard,"Capillary, whole blood",YSI,3,25,food,9,,
112,"Yakult, fermented milk drink (Yakult company, Taipei, Taiwan)",BEVERAGES,Milk drinks,Taiwan,2010*,58,0.3,15,Normal,10,50,,"Bread, 2h",Standard,"Capillary, plasma",Enzymatic,19,25,food,9,fermented,name
113,"Yakult® Light, fermented milk drink with Lactobacil lus casei (Yakult, Dandenong, Australia)",BEVERAGES,Milk drinks,Australia,2005,36,6,9,Normal,10,50,384.6,"Glucose, 2h",Standard,"Capillary, whole blood",HemoCue,UO5,25,food,9,fermented,name
114,"Rice milk drink, low-fat, Australia's Own Natural™ (So Natural Foods, Taren Point, Australia)",BEVERAGES,Rice milk drink,Australia,2003,92,9,23,Normal,10,50,390.6,"Glucose, 2h",Standard,"Capillary, whole blood",HemoCue,UO5,25,food,9,,
115,"Rice milk, low-fat, calcium enriched, Vitasoy® (National Foods Ltd, Australia)",BEVERAGES,Rice milk drink,Australia,2005,79,8,20,Normal,10,50,531.9,"Glucose, 2h",Standard,"Capillary, whole blood",HemoCue,UO5,25,food,9,,
116,"Smoothie, apple, pear, banana (Frullato mela, pera e banana Storie di frutta, Mulino Bianco, Barilla, Italy)",BEVERAGES,Smoothies,Italy,2011,68,5,17,Normal,9,50,336,"Glucose, 2h",Standard,"Capillary, whole blood",YSI,3,25,food,9,,
117,"Smoothie, banana",BEVERAGES,Smoothies,Australia,2003,30,4,8,Normal,10,50,505.1,"Glucose, 2h",Standard,"Capillary, whole blood",HemoCue,UO5,25,food,9,,
118,"Smoothie, Banana & Honey, Devondale brand (Murray Goulburn Co-Operative Company Limited, Australia)",BEVERAGES,Smoothies,Australia,2014,28,3,7,Normal,10,50,517.5,"Glucose, 2h",Standard,"Capillary, plasma",Enzymatic,UO5,25,food,9,,
119,"Smoothie, banana and strawberry, V8 Splash® (Campbell's Soup Company, Camden, USA)",BEVERAGES,Smoothies,USA,2002,44,3,11,Normal,10,50,473.0,"Glucose, 2h",Standard,"Capillary, whole blood",HemoCue,UO5,25,food,9,,
120,"Smoothie, mango",BEVERAGES,Smoothies,Australia,2003,32,4,8,Normal,10,50,476.2,"Glucose, 2h",Standard,"Capillary, whole blood",HemoCue,UO5,25,food,9,,
121,"Smoothie, mango and passionfruit (Innocent Ltd., UK)",BEVERAGES,Smoothies,UK,2019*,36,5,9,Normal,10,25,235.8,"Glucose, 2h",Standard,"Capillary, whole blood",HemoCue,20,25,food,9,,
122,"Smoothie, raspberry (Con Agra Inc, Omaha, USA)",BEVERAGES,Smoothies,production USA,1999,33,9,8,number) Normal,10,,,"period Bread, 2h",Standard,"Capillary, plasma",method 4 Enzymatic,UO5,25,food,10,,
123,"Smoothie, strawberry and banana (Innocent Ltd., UK)",BEVERAGES,Smoothies,UK,2019*,39,4,10,Normal,10,25,213.7,"Glucose, 2h",Standard,"Capillary, whole blood",HemoCue,20,25,food,10,,
124,"Smoothie, Tropical, Devondale brand (Murray Goulburn Co- Operative Company Limited, Australia)",BEVERAGES,Smoothies,Australia,2014,31,4,8,Normal,10,50,588.1,"Glucose, 2h",Standard,"Capillary, plasma",Enzymatic,UO5,25,food,10,,
,"Smoothie, mean of nine foods",BEVERAGES,Smoothies,,,38,,,,,,,,,,,,25,mean,10,,
125,"Cocoa malt flavor, Up & Go™, soy milk, rice cereal liquid breakfast (Sanitarium Health Foods, Australia)",BEVERAGES,Soy drinks,Australia,2001,43,5,11,Normal,10,25,,"Glucose, 2h",Standard,"Capillary, plasma",Enzymatic,UO5,25,food,10,,
126,"Chocolate Daydream™ shake, fructose (Revival Soy®, Physicians Pharmaceuticals, Inc, USA) (47.1 g powder + 305 mL water)",BEVERAGES,Soy drinks,USA,2004,33,4,8,Normal,10,25,47.1,"Glucose, 2h",Standard,"Capillary, whole blood",HemoCue,21,25,food,10,,
127,"Chocolate flavored soy milk drink, So Good Bliss (Sanitarium Health Foods, Australia)",BEVERAGES,Soy drinks,Australia,2008,46,3,12,Normal,10,50,595.2,"Glucose, 2h",Standard,"Capillary, plasma",Enzymatic,UO5,25,food,10,,
128,"Chocolate, Xpress, soy bean, cereal and legume extract drink with fructose (So Natural Foods, Australia)",BEVERAGES,Soy drinks,Australia,2001,39,2,10,Normal,10,25,438.6,"Glucose, 2h",Standard,"Capillary, whole blood",HemoCue,UO5,25,food,10,,
129,"Original malt flavor, Up & Go™, soy milk, rice cereal liquid breakfast (Sanitarium Health Foods, Australia)",BEVERAGES,Soy drinks,Australia,2001,46,5,12,Normal,10,25,,"Glucose, 2h",Standard,"Capillary, plasma",Enzymatic,UO5,25,food,10,,
130,"Smoothie drink, soy, banana, 1% fat (So Natural Foods, Australia)",BEVERAGES,Soy drinks,Australia,2000,30,3,8,Normal,10,25,342.5,"Glucose, 2h",Standard,"Capillary, plasma",Enzymatic,UO5,25,food,10,,
131,"Smoothie drink, soy, chocolate hazelnut, 1% fat (So Natural Foods, Australia)",BEVERAGES,Soy drinks,Australia,2000,34,3,9,Normal,10,25,294.1,"Glucose, 2h",Standard,"Capillary, plasma",Enzymatic,UO5,25,food,10,,
132,"Soy Beverage, Chocolate flavored, President's Choice® Blue Menu™ (Loblaw Brands Limited, Canada)",BEVERAGES,Soy drinks,Canada,2004-2007,40,5,10,Normal,10,50,446.4,"Bread, 2h",Standard,"Capillary, whole blood",YSI,UO7,25,food,10,,
133,"Soy Beverage, Original flavored, President's Choice® Blue Menu™ (Loblaw Brands Limited, Canada)",BEVERAGES,Soy drinks,Canada,2004-2007,15,4,4,Normal,10,25,694.4,"Bread, 2h",Standard,"Capillary, whole blood",YSI,UO7,25,food,10,,
134,"Soy Beverage, Vanilla flavored, President's Choice® Blue Menu™ (Loblaw Brands Limited, Canada)",BEVERAGES,Soy drinks,Canada,2004-2007,28,3,7,Normal,10,50,781.3,"Bread, 2h",Standard,"Capillary, whole blood",YSI,UO7,25,food,10,,
135,"Sport beverage based on whey protein powder with carbohydrate (CHO:PRO=4:1), orange flavor (Endurox R4, Pacific Health Laboratories, Parsippany, NJ, USA)",BEVERAGES,Sports drinks,USA,2017*,67,6,17,Normal,10,50,,"Glucose, 2h",Standard,"Capillary, whole blood",YSI,22,25,food,10,,
136,"Sustagen® Sport Chocolate (Nestlé Health Science, Australia), prepared with water",BEVERAGES,Sports drinks,Australia,2019,36,3,9,Normal,10,50,76.6,"Glucose, 2h",Standard,"Capillary, plasma",Enzymatic,UO5,25,food,10,,
137,"Sustagen® Sport Vanilla (Nestlé Health Science, Australia), prepared with water",BEVERAGES,Sports drinks,production Australia,2019,37,3,9,number) Normal,9,,,"period Glucose, 2h",Standard,"Capillary, plasma",method 4 Enzymatic,UO5,25,food,11,,
138,"Thorpedo® Advanced Hydration for Kids, all flavors (Thorpedo Foods, Australia)",BEVERAGES,Sports drinks,Australia,2006-2007,11,2,3,Normal,10,50,357.1,"Glucose, 2h",Standard,"Capillary, whole blood",HemoCue,UO10,25,food,11,,
139,"Thorpedo® Ultra Low GI Energy Water, all flavors (Thorpedo Foods, Australia)",BEVERAGES,Sports drinks,Australia,2006,16,4,4,Normal,10,25,843.3,"Glucose, 2h",Standard,"Capillary, whole blood",HemoCue,UO5,25,food,11,,
140,"Ancient Grains Quinoa milk drink with Chia (Freedom Foods, Australia)",BEVERAGES,Other beverages,Australia,2015,42,3,11,Normal,10,50,561.1,"Glucose, 2h",Standard,"Capillary, plasma",Enzymatic,UO5,25,food,11,,
141,"Coconut milk beverage, containing organic coconut milk and organic brown rice (Pure Harvest Coco Quench, Australia)",BEVERAGES,Other beverages,Australia,2020,68,6,17,Normal,10,50,641.0,"Glucose, 2h",Standard,"Capillary, plasma",Enzymatic,UO5,25,food,11,,
142,"Coconut Water, water of green coconut, Nudie™",BEVERAGES,Other beverages,Australia,2012,55,3,14,Normal,9,25,500.0,"Glucose, 2h",Standard,"Capillary, plasma",Enzymatic,UO5,25,food,11,,
143,"Goat Milk Drink, Symbiotics Low GI (NIG Nutritionals Pty Ltd, New Zealand), powder prepared with water",BEVERAGES,Other beverages,New Zealand,2019,25,2,6,Normal,10,50,87.7,"Glucose, 2h",Standard,"Capillary, plasma",Enzymatic,UO5,25,food,11,,
144,"Oat milk, calcium enriched, Vitasoy® (National Foods Ltd, Australia)",BEVERAGES,Other beverages,Australia,2009,69,6,17,Normal,9,50,571.4,"Glucose, 2h",Standard,"Capillary, plasma",Enzymatic,UO5,25,food,11,,
145,"English Muffin™ bread (Natural Ovens, USA)",BREADS,English Muffin,USA,1999,77,7,12,Normal,10,50,141.6,"Bread, 2h",Standard,"Capillary, plasma",Enzymatic,UO5,15,food,11,,
146,"English Muffin, Whole Grain Multigrain, President's Choice® Blue Menu™ (Loblaw Brands Limited, Canada)",BREADS,English Muffin,Canada,2007,45,3,7,Normal,10,50,142.5,"Bread, 2h",Standard,"Capillary, whole blood",YSI,UO7,15,food,11,,
147,"Fruit and Spice Bread, Vogel’s (Goodman Fielder, New Zealand)",BREADS,Fruit breads,New Zealand,2009*,57,5,9,Normal,20,50,,"Glucose, 2h",Standard,"Capillary, whole blood",HemoCue,23,15,food,11,,
148,"Fruit and Spice Bread, Vogel's (Goodman Fielder, Auckland, New Zealand), tested after a high-CHO evening meal",BREADS,Fruit breads,New Zealand,2010*,68,4,10,Normal,20,50,,"Glucose, 2h",Standard,"Capillary, whole blood",HemoCue,24,15,food,11,,
149,"Fruit and Spice Bread, Vogel's (Goodman Fielder, Auckland, New Zealand), tested after a high-fat evening meal",BREADS,Fruit breads,New Zealand,2010*,59,4,9,Normal,20,50,,"Glucose, 2h",Standard,"Capillary, whole blood",HemoCue,24,15,food,11,,
150,"Fruit loaf, Bürgen® (Tip Top Bakeries, Chatswood, Australia)",BREADS,Fruit breads,Australia,1997,44,5,7,Normal,10,50,,"Bread, 2h",Standard,"Capillary, plasma",Enzymatic,25,15,food,11,,
151,"Fruit and Muesli bread, Bürgen® (Tip Top Bakeries, Australia)",BREADS,Fruit breads,production Australia,2006-2007,53,4,8,number) Normal,10,,,"period Glucose, 2h",Standard,"Capillary, whole blood",method 4 HemoCue,UO10,15,food,12,,
152,"Fruit and cinnamon bread (Finest, UK)",BREADS,Fruit breads,UK,2005,71,11,11,Normal,10,50,94.9,"Glucose, 2h",Standard,"Capillary, whole blood",Glucometer 9,26,15,food,12,,
153,"Fruit and Spice Loaf, thick sliced (Buttercup bakeries, Moorebank, Australia)",BREADS,Fruit breads,Australia,2003,54,6,8,Normal,10,50,95.1,"Glucose, 2h",Standard,"Capillary, plasma",Enzymatic,UO5,15,food,12,,
154,"Fruit loaf, sliced",BREADS,Fruit breads,UK,2005,57,6,9,Normal,10,50,91.9,"Glucose, 2h",Standard,"Capillary, whole blood",Glucometer 9,26,15,food,12,,
155,"Cinnamon, raisin, pecan bread, Happiness™ (Natural Ovens, Manitowoc, USA)",BREADS,Fruit breads,USA,1999,63,5,9,Normal,10,50,133.3,"Bread, 2h",Standard,"Capillary, plasma",Enzymatic,UO5,15,food,12,,
156,"Muesli bread, made from packet mix in bread making machine (Con Agra Inc., USA)",BREADS,Fruit breads,USA,1999,54,6,8,Normal,10,50,122.9,"Bread, 2h",Standard,"Capillary, plasma",Enzymatic,UO5,15,food,12,,
157,"Raisin Toast, TipTop™ (Tip Top Bakeries, Australia)",BREADS,Fruit breads,Australia,2016,53,3,8,Normal,10,50,94.5,"Glucose, 2h",Standard,"Capillary, plasma",Enzymatic,UO5,15,food,12,toasted,name
158,Whole-wheat bread with dried fruit,BREADS,Fruit breads,China,2005,47,2,7,Normal,10,50,,"Glucose, 2h",Standard,"Venous, NS",NS,12,15,food,12,,
,"Fruit bread, mean of 12 foods",BREADS,Fruit breads,,,57,,,,,,,,,,,,15,mean,12,,
159,"Multigrain bread, gluten-free (Country Life Bakery, Dandenong, Australia)",BREADS,Gluten-free breads,Australia,2000,79,13,12,Normal,10,50,131.9,"Glucose, 2h",Standard,"Capillary, whole blood",HemoCue,UO5,15,food,12,,
160,"White bread, gluten free (Country Life Bakery, Australia)",BREADS,Gluten-free breads,Australia,2006,40,5,6,Normal,10,50,183.2,"Glucose, 2h",Standard,"Capillary, whole blood",HemoCue,UO5,15,food,12,,
161,"White bread, gluten free, sliced (COOP Italia-Soc. Coop a.r.l., Italy)",BREADS,Gluten-free breads,Italy,2015*,61,6,9,Normal,10,50,124,"Glucose, 2h",Standard,"Capillary, whole blood",YSI,5,15,food,12,,
162,"White roll bread, gluten free (Dr Schär AG/SPA, Italy)",BREADS,Gluten-free breads,Italy,2015*,63,8,9,Normal,10,50,112,"Glucose, 2h",Standard,"Capillary, whole blood",YSI,5,15,food,12,,
163,"White sourdough bread, gluten free, sliced (Dr Schär AG/SPA, Italy)",BREADS,Gluten-free breads,Italy,2015*,52,7,8,Normal,10,50,132,"Glucose, 2h",Standard,"Capillary, whole blood",YSI,5,15,food,12,,
,"Gluten-free breads, mean of five foods",BREADS,Gluten-free breads,,,59,,,,,,,,,,,,15,mean,12,,
164,"Burger Buns, 100% Whole wheat Gigantico, President's Choice® Blue Menu™ (Loblaw Brands Limited, Canada)",BREADS,Hamburger/Hot dog buns/Rolls,Canada,2007,62,6,9,Normal,10,50,127.4,"Bread, 2h",Standard,"Capillary, whole blood",YSI,UO7,15,food,12,,
165,"HermanBurger Protein Bun (Herman Brot Pty Ltd, Australia)",BREADS,Hamburger/Hot dog buns/Rolls,Australia,2018,31,4,5,Normal,10,25,219.3,"Glucose, 2h",Standard,"Capillary, plasma",Enzymatic,UO5,15,food,12,,
166,"Hot Dog Rolls, 100% Whole wheat Gigantico, President's Choice® Blue Menu™(Loblaw Brands Limited, Canada)",BREADS,Hamburger/Hot dog buns/Rolls,production Canada,2007,62,6,9,number) Normal,10,,,"period Bread, 2h",Standard,"Capillary, whole blood",method 4 YSI,UO7,15,food,13,,
167,"Mixed Grain bread roll, Bürgen™ (Tip Top Bakeries, Chatswood, Australia)",BREADS,Hamburger/Hot dog buns/Rolls,Australia,2008,52,4,8,Normal,14,50,165.6,"Glucose, 2h",Standard,"Capillary, plasma",Enzymatic,UO5,15,food,13,,
168,"Soft bread rolls, Pagnottelle classic, soft wheat flour, sugar (5.4%) (Mulino Bianco, Barilla, Italy)",BREADS,Hamburger/Hot dog buns/Rolls,Italy,2009,62,11,9,Normal,9,50,98,"Glucose, 2h",Standard,"Capillary, whole blood",YSI,3,15,food,13,,
169,"Soft bread rolls, Sfilatini al grano tenero (Mulino Bianco, Barilla, Italy)",BREADS,Hamburger/Hot dog buns/Rolls,Italy,2009,65,9,10,Normal,9,50,99,"Glucose, 2h",Standard,"Capillary, whole blood",YSI,UO14,15,food,13,,
170,"Classic Seed Loaf, Helga's™ (Quality Bakers, Sydney, Australia)",BREADS,Mixed grain or seed wheat breads,Australia,2007,68,9,10,Normal,10,50,120.4,"Glucose, 2h",Standard,"Capillary, plasma",Enzymatic,UO5,15,food,13,,
171,"Hearty 7 Grain bread, Healthy Choice™ (Con Agra Inc., USA)",BREADS,Mixed grain or seed wheat breads,USA,2000,55,6,8,Normal,10,50,130.9,"Glucose, 2h",Standard,"Capillary, plasma",Enzymatic,UO5,15,food,13,,
172,"Hearty 100% Whole Grain bread, Healthy Choice™ (Con Agra Inc., USA)",BREADS,Mixed grain or seed wheat breads,USA,2000,62,6,9,Normal,10,50,140.8,"Glucose, 2h",Standard,"Capillary, plasma",Enzymatic,UO5,15,food,13,,
173,"Kibbled Konini bread (Country Fare, New Zealand)",BREADS,Mixed grain or seed wheat breads,New Zealand,2000,68,12,10,Normal,14,50,,"Glucose, 2h",Standard,"Venous, plasma",Enzymatic,27,15,food,13,,
174,"Kibbled wheat bread, Lawson’s Settlers Grain (Goodman Fielder, Australia)",BREADS,Mixed grain or seed wheat breads,Australia,2008,65,5,10,Normal,9,50,121.1,"Glucose, 2h",Standard,"Capillary, plasma",Enzymatic,UO5,15,food,13,,
175,Linola seed bread,BREADS,Mixed grain or seed wheat breads,China,2010*,90,11,14,Normal,10,50,116.8,"Glucose, 2h",Standard,"Capillary, whole blood",HemoCue,28,15,food,13,,
176,"Mixed Grain bread, Bürgen™ (Tip Top Bakeries, Chatswood, Australia)",BREADS,Mixed grain or seed wheat breads,Australia,1997,34,4,5,"Normal, 10-",12,50,,"Bread, 2h",Standard,"Capillary, plasma",Enzymatic,25,15,food,13,,
177,"Mixed Grain, Bürgen™ (Tip Top Bakeries, Chatswood, Australia)",BREADS,Mixed grain or seed wheat breads,Australia,2007,52,4,8,Normal,12,50,,"Glucose, 2h",Standard,"Capillary, whole blood",HemoCue,UO15,15,food,13,,
178,"Mixed grain sandwich bread, Molenberg™ (Goodman Fielder, Auckland, New Zealand)",BREADS,Mixed grain or seed wheat breads,New Zealand,2000,75,10,11,Normal,15,50,,"Glucose, 2h",Standard,"Venous, plasma",Enzymatic,27,15,food,13,,
179,Multigrain batch bread,BREADS,Mixed grain or seed wheat breads,UK,2005,62,8,9,Normal,10,50,104.8,"Glucose, 2h",Standard,"Capillary, whole blood",Glucometer 9,26,15,food,13,,
180,"Multigrain bread (High 5 Silver Bird Group Berhad, Shah Alam, Selangor, Malaysia)",BREADS,Mixed grain or seed wheat breads,Malaysia,2009*,56,6,8,Normal,11,25,57.9,"Glucose, 2h",Standard,"Capillary, whole blood",Enzymatic,29,15,food,13,,
181,"Multi-Grain bread, 9-Grain (Tip Top Bakeries, Australia)",BREADS,Mixed grain or seed wheat breads,Australia,1997,43,5,6,"Normal, 10-",12,50,,"Bread, 2h",Standard,"Capillary, plasma",Enzymatic,25,15,food,13,,
182,"Multigrain loaf, containing wheat flour and coconut flour",BREADS,Mixed grain or seed wheat breads,Philippines,2002,60,5,9,Normal,10,50,,"Bread, 2h",Standard,"Capillary, serum",Enzymatic,2,15,food,13,,
183,Multiseed bread,BREADS,Mixed grain or seed wheat breads,production UK,2006,54,4,8,number) Normal,10,,,"period Glucose, 2h",Standard,"Capillary, whole blood",method 4 Glucometer 9,30,15,food,14,,
184,"Oatbran & Honey bread, Bürgen™ (Tip Top Bakeries, Australia)",BREADS,Mixed grain or seed wheat breads,Australia,2002,49,4,7,Normal,10,50,149.7,"Bread, 2h",Standard,"Capillary, plasma",Enzymatic,UO5,15,food,14,,
185,"Organic Heavy Wholegrain bread, Golden Hearth™ (Gold Coast Bakeries, QLD, Australia)",BREADS,Mixed grain or seed wheat breads,Australia,2004,53,7,8,Normal,10,50,120.8,"Glucose, 2h",Standard,"Capillary, plasma",Enzymatic,UO5,15,food,14,,
186,"Pumpkin Seed bread, containing 6% pumpkin seeds, Bürgen™ (Tip Top Bakeries, Australia)",BREADS,Mixed grain or seed wheat breads,Australia,2007,49,4,7,Normal,10,50,184.5,"Glucose, 2h",Standard,"Capillary, plasma",Enzymatic,UO15,15,food,14,,
187,Seeded bread,BREADS,Mixed grain or seed wheat breads,UK,2006,49,7,7,Normal,10,50,130.9,"Glucose, 2h",Standard,"Capillary, whole blood",Glucometer 9,30,15,food,14,,
188,"Soy-Lin, kibbled soy (8%) and linseed (8%) loaf, Bürgen™ (Tip Top Bakeries, Australia)",BREADS,Mixed grain or seed wheat breads,Australia,1997,36,4,5,"Normal, 10-",12,50,,"Bread, 2h",Standard,"Capillary, plasma",Enzymatic,25,15,food,14,,
189,"Soy & Linseed bread (made from packet mix cooked in bread maker) (Con Agra Inc., USA)",BREADS,Mixed grain or seed wheat breads,USA,1999,50,6,8,Normal,10,50,165.0,"Bread, 2h",Standard,"Capillary, plasma",Enzymatic,UO5,15,food,14,boiled,name
190,"Soy & Linseed bread (Coles Supermarkets Pty Ltd, Australia)",BREADS,Mixed grain or seed wheat breads,Australia,2015,56,7,8,Normal,10,50,130.5,"Glucose, 2h",Standard,"Capillary, plasma",Enzymatic,UO5,15,food,14,,
191,"Sprouted wheat bread, Sprouted 3 Grains bread (Stonemill Bread, Toronto, Canada)",BREADS,Mixed grain or seed wheat breads,Canada,2007,55,6,8,Normal,10,50,150.6,"Bread, 2h",Standard,"Capillary, whole blood",YSI,UO7,15,food,14,,
192,"Whole grain bread, Hunger Filler™ (Natural Ovens, USA)",BREADS,Mixed grain or seed wheat breads,USA,1999,59,8,9,Normal,10,50,154.3,"Bread, 2h",Standard,"Capillary, plasma",Enzymatic,UO5,15,food,14,,
193,"Whole grain bread, Nutty Natural™ (Natural Ovens, USA)",BREADS,Mixed grain or seed wheat breads,USA,1999,59,7,9,Normal,10,50,154.8,"Bread, 2h",Standard,"Capillary, plasma",Enzymatic,UO5,15,food,14,,
194,"Whole grain bread, Stay Trim™ (Natural Ovens, USA)",BREADS,Mixed grain or seed wheat breads,USA,1999,70,10,11,Normal,10,50,172.4,"Bread, 2h",Standard,"Capillary, plasma",Enzymatic,UO5,15,food,14,,
195,"Wholemeal Country Grain bread, Bakers Delight™ (Bakers Delight Holdings, Australia)",BREADS,Mixed grain or seed wheat breads,Australia,2005,53,9,8,Normal,10,50,126.6,"Glucose, 2h",Standard,"Capillary, whole blood",HemoCue,UO5,15,food,14,,
196,"Whol emeal & Seeds bread, Bürgen™ (Tip Top Bakeries, Australia)",BREADS,Mixed grain or seed wheat breads,Australia,2007,39,8,6,Normal,10,50,194.6,"Glucose, 2h",Standard,"Capillary, plasma",Enzymatic,UO15,15,food,14,,
,"Mixed grain or seed bread, mean of 27 foods",BREADS,Mixed grain or seed wheat breads,,,56,,,,,,,,,,,,15,mean,14,,
197,"Lower Carb Bread (Herman Brot Pty Ltd, Australia)",BREADS,"Mixed grain or seed wheat bread, lower carbohydrate",Australia,2013,24,3,4,Normal,10,25,337.8,"Glucose, 2h",Standard,"Capillary, plasma",Enzymatic,UO5,15,food,14,,
198,"Lower Carb 5 Seeds Bread, Helga’s™ (Quality Bakers, Sydney, Australia)",BREADS,"Mixed grain or seed wheat bread, lower carbohydrate",Australia,2018,53,5,8,Normal,10,50,172.4,"Glucose, 2h",Standard,"Capillary, plasma",Enzymatic,UO5,15,food,14,,
199,"Lower Carb Soy & Toasted Sesame Bread, Helga’s™ (Quality Bakers, Sydney, Australia)",BREADS,"Mixed grain or seed wheat bread, lower carbohydrate",production Australia,2018,51,4,8,number) Normal,10,,,"period Glucose, 2h",Standard,"Capillary, plasma",method 4 Enzymatic,UO5,15,food,15,,
200,"Lower Carb Wholemeal & Seeds Bread, Helga’s™ (Quality Bakers, Sydney, Australia)",BREADS,"Mixed grain or seed wheat bread, lower carbohydrate",Australia,2018,51,5,8,Normal,10,50,173.6,"Glucose, 2h",Standard,"Capillary, plasma",Enzymatic,UO5,15,food,15,,
,"Mixed grain or seed wheat bread, lower carbohydrate mean of four foods",BREADS,"Mixed grain or seed wheat bread, lower carbohydrate",,,,,,,,,,,,,,,15,mean,15,,
201,"Bread, short oat (50% wholemeal wheat, 20% rye, 10% oatmeal, 20% white wheat, yeast (1.3% net flour weight), no rising time, 30 min proving time, 220°C baking temperature, 30 min bake",BREADS,Oat breads,New Zealand,2010*,77,6,12,Normal,10,50,111,"Glucose, 2h",Standard,"Capillary, plasma",Enzymatic,31,15,food,15,baked,name
202,"Bread, wholemeal with oatmeal (High 5 Silver Bird Group Berhad, Shah Alam, Selangor, Malaysia)",BREADS,Oat breads,Malaysia,2009*,67,7,10,Normal,12,25,56.3,"Glucose, 2h",Standard,"Capillary, whole blood",Enzymatic,29,15,food,15,,
203,"Degraded oat bran concentrate bread (50% oat bran concentrate + 50% wheat, 5 h proving time)",BREADS,Oat breads,Norway,2019*,64,5,10,Normal,14,25,96.4,"Glucose, 2h",Standard,"Capillary, plasma",YSI,32,15,food,15,,
204,"Optimal oat bran concentrate bread (50% oat bran concentrate + 50% wheat, separate proving of wheat dough part)",BREADS,Oat breads,Norway,2019*,57,4,9,Normal,14,25,97,"Glucose, 2h",Standard,"Capillary, plasma",YSI,32,15,food,15,,
205,"Low oat bran concentrate bread (25% oat bran concentrate + 75% wheat, separate proving of wheat dough part)",BREADS,Oat breads,Norway,2019*,65,4,10,Normal,14,25,68.6,"Glucose, 2h",Standard,"Capillary, plasma",YSI,32,15,food,15,,
206,Oatmeal batch bread,BREADS,Oat breads,UK,2005,62,8,9,Normal,10,50,99.8,"Glucose, 2h",Standard,"Capillary, whole blood",Glucometer 9,26,15,food,15,,
,"Oat breads, mean of six foods",BREADS,Oat breads,,,65,,,,,,,,,,,,15,mean,15,,
207,"Soft pretzel, soy",BREADS,Pretzels,USA,2011*,39,6,6,Normal,12,50,72.9,"Glucose, 2h",Standard,"Venous, whole blood",YSI,33,15,food,15,,
208,"Soft pretzel, wheat",BREADS,Pretzels,USA,2011*,66,4,10,Normal,12,50,62,"Glucose, 2h",Standard,"Venous, whole blood",YSI,33,15,food,15,,
209,"Soft pretzel (Ditsch, Mainz , Germany)",BREADS,Pretzels,Germany,2014,80,6,12,Normal,11,50,100.2,"Glucose, 2h",Standard,"Capillary, plasma",Enzymatic,34,15,food,15,,
210,"Rice bread, high-amylose Doongara rice (Pav's Allergy Bakery, Australia)",BREADS,Rice breads,Australia,1996,61,9,9,Normal,12,50,111.1,"Bread, 2h",Standard,"Capillary, plasma",Enzymatic,UO5,15,food,15,,
211,"Rice bread, low-amylose Calrose rice (Pav's Allergy Bakery, Ingleburn, Australia)",BREADS,Rice breads,Australia,1996,72,9,11,Normal,12,50,140.0,"Bread, 2h",Standard,"Capillary, plasma",Enzymatic,UO5,15,food,15,,
212,"Bread, long rye (50% wholemeal wheat, 30% rye, 20% white wheat, yeast (13% net flour weight), 20 min rising time, 30 min proving time, 220°C baking temperature, 30 min bake time",BREADS,Rye breads,New Zealand,2010*,76,15,11,Normal,10,50,131,"Glucose, 2h",Standard,"Capillary, plasma",Enzymatic,31,15,food,16,baked,name
213,"Bread, short rye (50% wholemeal wheat, 30% rye, 20% white wheat, yeast (1.3% net flour weight), no rising time, 30 min proving time, 220°C baking temperature, 30 min bake time",BREADS,Rye breads,New Zealand,2010*,82,11,12,Normal,10,50,119,"Glucose, 2h",Standard,"Capillary, plasma",Enzymatic,31,15,food,16,baked,name
214,"Rye, Bürgen™ (Tip Top Bakeries, Australia)",BREADS,Rye breads,Australia,2002,51,3,8,Normal,10,50,155.8,"Glucose, 2h",Standard,"Capillary, plasma",Enzymatic,UO5,15,food,16,,
215,"Rye, Country Grain Organic (Country Life Bakery, Australia)",BREADS,Rye breads,Australia,2006-2007,53,4,8,Normal,12,50,,"Glucose, 2h",Standard,"Capillary, whole blood",HemoCue,UO10,15,food,16,,
216,"Pumpernickel Rye bread (Van der Meulen BV, Netherlands)",BREADS,Rye breads,Netherlands,2015,49,4,7,Normal,10,50,135.9,"Glucose, 2h",Standard,"Capillary, plasma",Enzymatic,UO5,15,food,16,,
217,"Rye Hi-Soy with Linseed (Country Life Bakery, Australia)",BREADS,Rye breads,Australia,2006-2007,55,4,8,Normal,13,50,,"Glucose, 2h",Standard,"Capillary, whole blood",HemoCue,UO10,15,food,16,,
218,"Rye wheat sourdough bread (Paderborner, Lieken Urkorn, Dortmund, Germany)",BREADS,Rye breads,Germany,2014,62,4,9,Normal,11,50,119,"Glucose, 2h",Standard,"Capillary, plasma",Enzymatic,34,15,food,16,,
219,Sourdough rye bread,BREADS,Rye breads,Australia,2004,48,5,7,Normal,10,50,116.7,"Glucose, 2h",Standard,"Capillary, whole blood",HemoCue,UO5,15,food,16,,
220,"Sourdough bread, made with rye flour, wholemeal rye flour, spelt flour and intact barley kernels and white bean kernels",BREADS,Rye breads,Sweden,2020*,67,5,10,Normal,12,50,143,"Glucose, 2h",Standard,"Capillary, whole blood",HemoCue,35,15,food,16,,
221,"Sourdough bread, made with rye flour, wholemeal rye flour, spelt flour with intact barley kernels and mung bean kernels",BREADS,Rye breads,Sweden,2020*,65,4,10,Normal,12,50,146,"Glucose, 2h",Standard,"Capillary, whole blood",HemoCue,35,15,food,16,,
222,Sprouted rye bread,BREADS,Rye breads,Australia,2008,61,5,9,Normal,10,50,145.3,"Glucose, 2h",Standard,"Capillary, plasma",Enzymatic,UO5,15,food,16,,
223,"Rye, made with 30% wholemeal wheat, 20% kibbled rye, 30% wheat flour, and baker’s yeast",BREADS,Rye breads,New Zealand,2010*,60,3,9,Normal,10,50,154,"Glucose, 2h",Standard,"Capillary, plasma",Enzymatic,31,15,food,16,,
224,"Wholemeal rye bread with intact grains and sunflower seeds (Kraftkerni, Lieken Urkorn, Dortmund, Germany)",BREADS,Rye breads,Germany,2014,55,4,8,Normal,12,50,151.5,"Glucose, 2h",Standard,"Capillary, plasma",Enzymatic,34,15,food,16,,
,"Rye breads, mean of 13 foods",BREADS,Rye breads,,,60,,,,,,,,,,,,15,mean,16,,
225,"Sourdough Cob Bread (Fine Breads of Australia, NSW, Australia)",BREADS,Sourdough wheat breads,Australia,2008,77,3,12,Normal,10,50,117.7,"Glucose, 2h",Standard,"Capillary, plasma",Enzymatic,UO5,15,food,16,,
226,Sourdough wheat bread,BREADS,Sourdough wheat breads,Australia,2003,54,5,8,Normal,10,50,107.1,"Glucose, 2h",Standard,"Capillary, plasma",Enzymatic,UO5,15,food,16,,
227,"Sourdough bread (50% wholemeal wheat, 50% white wheat, sourdough starter (70% wet weight), 80 min rising time, 60 min proving time, 200°C baking temperature, 60 min baking time",BREADS,Sourdough wheat breads,New Zealand,2010*,82,13,12,Normal,10,50,116,"Glucose, 2h",Standard,"Capillary, plasma",Enzymatic,31,15,food,17,baked,name
228,"Sourdough bread + oats (50% wholemeal wheat, 50% white wheat, 10% rolled oats; sourdough starter (70% wet weight), 80 min rising time, 60 min proving time, 200°C baking temperature, 60 min baking time",BREADS,Sourdough wheat breads,New Zealand,2010*,71,10,11,Normal,10,50,116,"Glucose, 2h",Standard,"Capillary, plasma",Enzymatic,31,15,food,17,baked,name
229,"Sourdough Vienna bread, Bakers Delight™ (Bakers Delight Holdings, Australia)",BREADS,Sourdough wheat breads,Australia,2005,66,6,10,Normal,10,50,96.3,"Glucose, 2h",Standard,"Capillary, whole blood",HemoCue,UO5,15,food,17,,
,"Sourdough wheat breads, mean of five foods",BREADS,Sourdough wheat breads,,,70,,,,,,,,,,,,15,mean,17,,
230,"Multigrain spelt bread® (Pav's bakery, Australia)",BREADS,Spelt wheat bread,Australia,1996,54,10,8,Normal,12,50,122.0,"Bread, 2h",Standard,"Capillary, plasma",Enzymatic,UO5,15,food,17,,
231,Sprouted Spelt bread,BREADS,Spelt wheat bread,Australia,2008,62,6,9,Normal,10,50,124.1,"Glucose, 2h",Standard,"Capillary, plasma",Enzymatic,UO5,15,food,17,,
232,White spelt wheat bread,BREADS,Spelt wheat bread,Belgium,2005,66,6,10,Normal,10,50,95,"Bread, 2h",Standard,"Capillary, whole blood",Glucometer 9,36,15,food,17,,
233,Wholemeal spelt wheat bread (local bakery),BREADS,Spelt wheat bread,Germany,2014,63,4,9,Normal,12,50,136.2,"Glucose, 2h",Standard,"Capillary, plasma",Enzymatic,34,15,food,17,,
,"Spelt bread, mean of four foods",BREADS,Spelt wheat bread,,,61,,,,,,,,,,,,15,mean,17,,
234,"Wheat bread, sliced (Pan Bauletto Bianco)",BREADS,White wheat flour bread,Italy,2009,59,7,9,Normal,10,50,93.7,"Glucose, 2h",Standard,"Capillary, whole blood",YSI,3,15,food,17,,
235,White bread,BREADS,White wheat flour bread,UK,2006,59,11,9,Normal,10,50,112.9,"Glucose, 2h",Standard,"Capillary, whole blood",Glucometer 9,30,15,food,17,,
236,"White bread (Giant Eagle King Size Enriched bread, Pittsburgh, PA, USA)",BREADS,White wheat flour bread,USA,2011*,60,6,9,Normal,12,50,62,"Glucose, 2h",Standard,"Venous, whole blood",YSI,33,15,food,17,,
237,"White bread (Pepperidge Farm Original White Bread, USA)",BREADS,White wheat flour bread,USA,2016*,62,2,9,Normal,63,50,96.3,"Glucose, 2h",Standard,"Venous, plasma/serum",Enzymatic,37,15,food,17,,
238,White bread,BREADS,White wheat flour bread,France,2019*,63,7,9,Normal,13,50,63.8,"Glucose, 2h",Standard,"Capillary, plasma",Enzymatic,7,15,food,17,,
239,White bread,BREADS,White wheat flour bread,France,2019*,65,4,10,Normal,15,50,63.8,"Glucose, 2h",Standard,"Capillary, whole blood",YSI,7,15,food,17,,
240,White bread,BREADS,White wheat flour bread,Canada,2009*,66,4,10,"Normal, Caucasian",40,,109,"Glucose, 2h",Standard,"Capillary, whole blood",YSI,38,15,food,18,,
241,White bread,BREADS,White wheat flour bread,Canada,2009*,68,3,10,"Normal, lean",37,50,109,"Glucose, 2h",Standard,"Capillary, whole blood",YSI,38,15,food,18,,
242,White bread,BREADS,White wheat flour bread,Canada,2009*,69,3,10,Normal,37,50,109,"Glucose, 2h",Standard,"Capillary, whole blood",YSI,38,15,food,18,,
243,"White bread, WonderWhite™ (Goodman Fielder Ltd, NSW, Australia)",BREADS,White wheat flour bread,Australia,2010,70,3,11,Normal,10,50,119,"Glucose, 2h",Standard,"Capillary, plasma",Enzymatic,39,15,food,18,,
244,"White bread, WonderWhite™ (Goodman Fielder Ltd, NSW, Australia), tested by subjects with a low AMY1 copy number",BREADS,White wheat flour bread,Australia,2014,70,3,11,Normal,19,50,119.9,"Glucose, 2h",Standard,"Capillary, plasma",Enzymatic,40,15,food,18,,
245,"White bread, Sunblest™ (Tip Top Bakeries, Australia)",BREADS,White wheat flour bread,Australia,1999,70,5,11,Normal,10,50,105.7,"Bread, 2h",Standard,"Capillary, plasma",Enzymatic,UO5,15,food,18,,
246,White bread,BREADS,White wheat flour bread,Taiwan,2012*,71,0.1,11,Normal,10,50,121.7,"Glucose, 2h",Standard,"Capillary, plasma",YSI,41,15,food,18,,
247,White bread,BREADS,White wheat flour bread,Multiple countries,2001,71,3,11,Normal,47,50,,"Glucose, 2h",Standard,"Capillary, NS",YSI / Enzymatic,42,15,food,18,,
248,"White bread (Somerfield Plc, Oxford, UK)",BREADS,White wheat flour bread,UK,2007*,71,5,11,Normal,15,50,,"Glucose, 2h",Standard,"Capillary, whole blood",Glucometer 9,43,15,food,18,,
249,"White bread (Original White Bread, Pepperidge Farm, Norwalk, CT, USA)",BREADS,White wheat flour bread,USA,2006,71,6,11,Normal,14,50,96,"Glucose, 2h",Standard,"Venous, serum",Enzymatic,44,15,food,18,,
250,"Wheat bread, bite-sized, soft wheat flour (Bocconcini, Panem, Italy)",BREADS,White wheat flour bread,Italy,2010,71,6,11,Normal,10,50,89,"Glucose, 2h",Standard,"Capillary, whole blood",YSI,3,15,food,18,,
251,White bread,BREADS,White wheat flour bread,Canada,2009*,72,3,11,"Normal, >40 y",38,50,109,"Glucose, 2h",Standard,"Capillary, whole blood",YSI,38,15,food,18,,
252,White bread,BREADS,White wheat flour bread,Canada,2009*,72,4,11,"Normal, ≤ 40 y",39,50,109,"Glucose, 2h",Standard,"Capillary, whole blood",YSI,38,15,food,18,,
253,White bread,BREADS,White wheat flour bread,Australia,2014*,74,3,11,Normal,10,50,121,"Glucose, 2h",Standard,"Capillary, plasma",Enzymatic,17,15,food,18,,
254,White bread,BREADS,White wheat flour bread,Canada,2009*,75,4,11,Normal,40,50,109,"Glucose, 2h",Standard,"Capillary, whole blood",YSI,38,15,food,18,,
255,"White bread (Nishin Shokuhin, Japan)",BREADS,White wheat flour bread,Japan,2003,75,10,11,Normal,10,50,116,"Rice 17 , 2h",Standard,"Capillary, whole blood",Glucometer 9,45,15,food,18,,
256,"White bread (Vodova veka Penam, Olomouc, Czech Republic)",BREADS,White wheat flour bread,Czech Republic,2003,75,10,11,Normal,11,50,85,"Glucose, 2h",Standard,"Capillary, whole blood",Glucometer 9,46,15,food,18,,
257,White bread,BREADS,White wheat flour bread,Canada,2009*,76,4,11,"Normal, overweight",40,,109,"Glucose, 2h",Standard,"Capillary, whole blood",YSI,38,15,food,19,,
258,White bread,BREADS,White wheat flour bread,France,2019*,76,6,11,Normal,15,50,63.8,"Glucose, 2h",Standard,"Capillary, plasma",Enzymatic,7,15,food,19,,
259,"White bread, containing 9% sourdough, baked for 30 min at 210°C",BREADS,White wheat flour bread,Spain,2013,76,8,11,Normal,22,50,95,"Glucose, 2h",Standard,"Venous, plasma/serum",Enzymatic,47,15,food,19,baked,name
260,White bread,BREADS,White wheat flour bread,Multiple countries,2001,76,13,11,Normal,21,50,,"Glucose, 2h",Standard,"Venous, NS",YSI / Enzymatic,42,15,food,19,,
261,"Wheat bread, sliced (Harry's)",BREADS,White wheat flour bread,Italy,2005-2015,76,14,11,Normal,,50,96.2,"Glucose, 2h",Standard,"Capillary, whole blood",YSI,4,15,food,19,,
262,White bread,BREADS,White wheat flour bread,Canada,2009*,78,4,12,"Normal, Non- Caucasian",37,50,109,"Glucose, 2h",Standard,"Capillary, whole blood",YSI,38,15,food,19,,
263,"White bread, WonderWhite™ (Goodman Fielder Ltd, NSW, Australia), tested by subjects with a high AMY1 copy number",BREADS,White wheat flour bread,Australia,2014,81,3,12,Normal,19,50,119.9,"Glucose, 2h",Standard,"Capillary, plasma",Enzymatic,40,15,food,19,,
264,"White bread (Gardenia Bakeries (KL) Sdn Bhd Shah Alam, Selangor)",BREADS,White wheat flour bread,Malaysia,2009*,83,7,12,Normal,12,25,51.9,"Glucose, 2h",Standard,"Capillary, whole blood",Enzymatic,29,15,food,19,,
265,"White bread (Gardenia brand, NTUC Fairprice, Singapore)",BREADS,White wheat flour bread,Singapore,2015*,83,9,12,Normal,11,50,91.4,"Glucose, 2h",Standard,"Capillary, whole blood",HemoCue,48,15,food,19,,
266,Wheat bread,BREADS,White wheat flour bread,Norway,2019*,84,7,13,Normal,14,25,51,"Glucose, 2h",Standard,"Capillary, plasma",YSI,32,15,food,19,,
267,White bread (lab made),BREADS,White wheat flour bread,China,2020,87,11,13,Normal,16,50,65.2,"Glucose, 2h",Standard,"Capillary, plasma",Enzymatic,UO18,15,food,19,,
268,White bread,BREADS,White wheat flour bread,China,2005,88,3,13,Normal,10,50,,"Glucose, 2h",Standard,"Venous, NS",NS,12,15,food,19,,
,"White wheat flour bread, mean of 35 foods",BREADS,White wheat flour bread,,,73,,,,,,,,,,,,15,mean,19,,
269,"Baguette, Whole Grain, President's Choice® Blue Menu™ (Loblaw Brands Limited, Canada)",BREADS,"White wheat flour bread, other",Canada,2007,73,6,11,Normal,10,50,119.0,"Bread, 2h",Standard,"Capillary, whole blood",YSI,UO7,15,food,19,,
270,"Bread, bakery made from an industrial mix for bread preparation (Pan Gustavo, Novaterra Zeelandia, Italy)",BREADS,"White wheat flour bread, other",Italy,2014,72,8,11,Normal,10,25,100,"Glucose, 2h",Standard,"Capillary, whole blood",YSI,3,15,food,19,,
271,"Bread, bakery made from an industrial mix for bread preparation (Pan Semola, Novaterra Zeelandia, Italy)",BREADS,"White wheat flour bread, other",Italy,2014,87,11,13,Normal,10,,51,"Glucose, 2h",Standard,"Capillary, whole blood",YSI,3,15,food,20,,
272,"Bread, sliced, soft wheat flour, low GI and high fiber (Pane a fette a basso indice glicemico e ad alto contenuto di fibre, Roberto Industria Alimentare, Italy)",BREADS,"White wheat flour bread, other",Italy,2011,41,2,6,Normal,9,25,65,"Glucose, 2h",Standard,"Capillary, whole blood",YSI,3,15,food,20,,
273,"Pan Bauletto 5 cereali e soia (Mulino Bianco, Barilla, Italy)",BREADS,"White wheat flour bread, other",Italy,2009,60,9,9,Normal,9,50,115,"Glucose, 2h",Standard,"Capillary, whole blood",YSI,3,15,food,20,,
274,"Bread, sliced, durum wheat flour (Pan Bauletto al grano duro, Mulino Bianco, Barilla, Italy)",BREADS,"White wheat flour bread, other",Italy,2009,68,7,10,Normal,9,50,104,"Glucose, 2h",Standard,"Capillary, whole blood",YSI,3,15,food,20,,
275,"White bread, Alfacar",BREADS,"White wheat flour bread, other",Spain,2013,68,8,10,Normal,22,50,94,"Glucose, 2h",Standard,"Venous, plasma/serum",Enzymatic,47,15,food,20,,
276,"White bread, candeal-flour",BREADS,"White wheat flour bread, other",Spain,2013,86,8,13,Normal,22,50,94,"Glucose, 2h",Standard,"Venous, plasma/serum",Enzymatic,47,15,food,20,,
277,"White sandwich bread, low GI, high fib er, Bakers Delight™ Hi Fibre Lo GI (Bakers Delight Holdings, Australia)",BREADS,"White wheat flour bread, other",Australia,2006,52,7,8,Normal,10,50,98.8,"Glucose, 2h",Standard,"Capillary, whole blood",HemoCue,UO5,15,food,20,,
278,"White sandwich bread, low GI, high fib er, Tip Top™ EnerGI (Tip Top Bakeries, George Weston Ltd, Australia)",BREADS,"White wheat flour bread, other",Australia,2007,58,3,9,Normal,20,50,111.6,"Glucose, 2h",Standard,"Capillary, plasma",Enzymatic,"UO5,1 0",15,food,20,,
279,"White bread, low GI, high fib er, Tip Top™ EnerGI (Tip Top Bakeries, George Weston Ltd, Australia)",BREADS,"White wheat flour bread, other",Australia,2007,54,4,8,Normal,11,50,111.6,"Glucose, 2h",Standard,"Capillary, plasma",Enzymatic,UO15,15,food,20,,
280,"White sandwich bread, low GI, high fib er , Vogel's Wonder White 'Low GI' (Quality Bakers, Australia)",BREADS,"White wheat flour bread, other",Australia,2006-2007,54,3,8,Normal,10,50,135.1,"Glucose, 2h",Standard,"Capillary, whole blood",HemoCue,UO10,15,food,20,,
281,"White sandwich bread, low GI, high fib er , Vogel's Wonder White 'Low GI' (Quality Bakers, Australia)",BREADS,"White wheat flour bread, other",Australia,2007,59,3,9,Normal,20,50,135.1,"Glucose, 2h",Standard,"Capillary, plasma",Enzymatic,UO5,15,food,20,,
282,"White sandwich bread, Low GI, high fib er, Low GI Wonder Active (Quality Bakers, Sydney, Australia)",BREADS,"White wheat flour bread, other",Australia,2019,52,4,8,Normal,10,50,131.9,"Glucose, 2h",Standard,"Capillary, plasma",Enzymatic,UO5,15,food,20,,
283,"White bread, toasted (Hovis, UK)",BREADS,"White wheat flour bread, other",UK,2005,50,7,8,Normal,10,50,101.6,"Glucose, 2h",Standard,"Capillary, whole blood",Glucometer 9,49,15,food,20,toasted,name
284,"Enriched white bread, Wonder™ (Interstate Brands Companies, Kansas City, USA)",BREADS,"White wheat flour bread, other",USA,1999,71,9,11,Normal,10,50,111.1,"Bread, 2h",Standard,"Capillary, plasma",Enzymatic,UO5,15,food,20,,
285,"Enriched white bread, Wonder™ (Interstate Brands Companies, Kansas City, USA)",BREADS,"White wheat flour bread, other",USA,2000,72,4,11,Normal,10,50,111.1,"Glucose, 2h",Standard,"Capillary, plasma",Enzymatic,UO5,15,food,20,,
286,"Enriched white bread, Wonder™ (Interstate Brands Companies, Kansas City, USA)",BREADS,"White wheat flour bread, other",production USA,2000,77,3,12,number) Normal,10,,,"period Glucose, 2h",Standard,"Capillary, plasma",method 4 Enzymatic,UO5,15,food,21,,
287,"Bread, sliced, soft wheat flour, olive oil (2.5%) (Pane Bianco, Roberto Industria Alimentare, Italy)",BREADS,White bread with added ingredients,Italy,2011,63,4,9,Normal,10,25,55,"Glucose, 2h",Standard,"Capillary, whole blood",YSI,3,15,food,21,,
288,"Bread, sliced, soft wheat flour, extra virgin olive oil (Pane Bianco all'olio d'oliva, Coop, Italy)",BREADS,White bread with added ingredients,Italy,2011,73,7,11,Normal,10,25,50,"Glucose, 2h",Standard,"Capillary, whole blood",YSI,3,15,food,21,,
289,"White bread (100% wheat flour) + 2% pectin (George Weston Foods Ltd, Australia)",BREADS,White bread with added ingredients,Australia,1998,86,8,13,Normal,10,50,,"Bread, 2h",Standard,"Capillary, plasma",Enzymatic,UO5,15,food,21,,
290,"White bread (100% wheat flour) + 5% fruit fiber (George Weston Foods Ltd, Australia)",BREADS,White bread with added ingredients,Australia,1998,77,9,12,Normal,10,50,,"Bread, 2h",Standard,"Capillary, plasma",Enzymatic,UO5,15,food,21,,
291,"White bread (80% wheat flour + 20% chickpea flour) (George Weston Foods Ltd, Australia)",BREADS,White bread with added ingredients,Australia,1998,80,9,12,Normal,10,50,,"Bread, 2h",Standard,"Capillary, plasma",Enzymatic,UO5,15,food,21,,
292,"White bread (90% wheat flour + 10% modified corn starch) (George Weston Foods Ltd, Australia)",BREADS,White bread with added ingredients,Australia,1998,79,5,12,Normal,10,50,,"Bread, 2h",Standard,"Capillary, plasma",Enzymatic,UO5,15,food,21,,
293,"White bread (90% wheat flour + 10% tapioca starch) (George Weston Foods Ltd, Australia)",BREADS,White bread with added ingredients,Australia,1998,78,11,12,Normal,10,50,,"Bread, 2h",Standard,"Capillary, plasma",Enzymatic,UO5,15,food,21,,
294,"White bread (95% wheat flour + 5% oat bran) (George Weston Foods Ltd, Australia)",BREADS,White bread with added ingredients,Australia,1998,75,6,11,Normal,10,50,,"Bread, 2h",Standard,"Capillary, plasma",Enzymatic,UO5,15,food,21,,
295,"White bread, containing 2% guar gum (George Weston Foods Ltd, Australia)",BREADS,White bread with added ingredients,Australia,1998,67,6,10,Normal,10,50,,"Bread, 2h",Standard,"Capillary, plasma",Enzymatic,UO5,15,food,21,,
296,"White bread, containing 2% vinegar and 2.5% sourdough (Noble Rise Crunchy Toast, Australia)",BREADS,White bread with added ingredients,Australia,1998,80,4,12,Normal,10,50,,"Bread, 2h",Standard,"Capillary, plasma",Enzymatic,UO5,15,food,21,toasted,name
297,"Bread, fibre-enriched flour (Pan Bauletto Fior di Fibra, Mulino Bianco, Barilla , Italy)",BREADS,White bread with added ingredients,Italy,2009,53,5,8,Normal,10,50,120,"Glucose, 2h",Standard,"Capillary, whole blood",YSI,3,15,food,21,,
298,"White bread, fiber-enriched, Fiber White™ (Nature's Fresh, Auckland, New Zealand)",BREADS,White bread with added ingredients,New Zealand,2000,77,10,12,Normal,14,50,,"Glucose, 2h",Standard,"Venous, plasma",Enzymatic,27,15,food,21,,
299,White bread with 2.5 g Filtered Molasses Concentrate added per 100 g (6.04 g FMC/100 g carbohydrate),BREADS,White bread with added ingredients,Australia,2014*,59,6,9,Normal,10,50,121,"Glucose, 2h",Standard,"Capillary, plasma",Enzymatic,17,15,food,21,,
300,Wheat bread enriched with ß-glucan (6 g per serving),BREADS,White bread with added ingredients,production Greece,2020*,48,10,7,number) Normal,10,,,"period Glucose, 2h",Standard,"Venous, plasma/serum",method 4 YSI,50,15,food,22,,
301,"White bread, containing 0.8% Reducose® , lab made",BREADS,White bread with added ingredients,China,2020,42,4,6,Normal,10,50,65.2,"Glucose, 2h",Standard,"Capillary, plasma",Enzymatic,UO18,15,food,22,,
302,Wheat bread enriched with resistant starch (high amylose waxy maize starch; 8.8 g/serving),BREADS,White bread with added ingredients,Greece,2020*,40,8,6,Normal,10,50,166,"Glucose, 2h",Standard,"Venous, plasma/serum",YSI,50,15,food,22,,
303,White bread (10% of white bread flour was substituted by resistant starch from tapioca),BREADS,White bread with added ingredients,Taiwan,2012*,70,0.1,11,Normal,10,50,144.5,"Glucose, 2h",Standard,"Capillary, plasma",YSI,41,15,food,22,,
304,White bread (30% of white bread flour was substituted by resistant starch from tapioca),BREADS,White bread with added ingredients,Taiwan,2012*,68,0.2,10,Normal,10,50,204.9,"Glucose, 2h",Standard,"Capillary, plasma",YSI,41,15,food,22,,
305,White bread (60% of white bread flour was substituted by resistant starch from tapioca),BREADS,White bread with added ingredients,Taiwan,2012*,51,0.1,8,Normal,10,50,221.2,"Glucose, 2h",Standard,"Capillary, plasma",YSI,41,15,food,22,,
306,"White bread, prepared with a 10 min prove and a second 2 min proving (low loaf volume)",BREADS,volumes,UK,2006,38,4,6,Normal,10,50,,"Glucose, 2h",Standard,"Capilla ry, whole blood",Glucometer 9,51,15,food,22,,
307,"White bread, prepared with a 30 min prove and a second 12 min proving (moderate loaf volume)",BREADS,volumes,UK,2006,72,7,11,Normal,10,50,,"Glucose, 2h",Standard,"Capillary, whole blood",Glucometer 9,51,15,food,22,,
308,"White bread, prepared with a 60 min prove and a second 30 min proving (moderate loaf volume)",BREADS,volumes,UK,2006,86,9,13,Normal,10,50,,"Glucose, 2h",Standard,"Capillary, whole blood",Glucometer 9,51,15,food,22,,
309,"White bread, prepared with a 40 min prove, a second 25 min proving and a third 50 min proving (large loaf volume)",BREADS,volumes,UK,2006,100,7,15,Normal,10,50,,"Glucose, 2h",Standard,"Capillary, whole blood",Glucometer 9,51,15,food,22,,
310,"Western baked bread, made with high protein flour (15 min resting time, 70 min proving time, 11 min baking at 210°C)",BREADS,White bread with different processing conditions,Singapore,2014*,71,5,11,Normal,13,50,102,"Glucose, 2h",Standard,"Capillary, whole blood",HemoCue,52,15,food,22,baked,name
311,"White bread, pre-cooked frozen, baked 16 min at 180°C, cooled at 30°C for 18 min; frozen at-30°C for 30 min; preserved at-18°C; 2 ndbaking at 230°C for 12 min",BREADS,White bread with different processing conditions,Spain,2013,78,8,12,Normal,22,50,100,"Glucose, 2h",Standard,"Venous, plasma/serum",Enzymatic,47,15,food,22,instant,name
312,"Modified steamed bread made with conventional baked bread recipe, using high protein flour (15 min resting time, 40 min proving time, 10 min steaming at 100°C)",BREADS,White bread with different processing conditions,Singapore,2014*,65,4,10,Normal,13,50,120,"Glucose, 2h",Standard,"Capillary, whole blood",HemoCue,52,15,food,22,steamed,name
313,"Oriental steamed bread, made with medium protein flour (15 min resting time, 40 min proving time, 10 min steaming at 100°C)",BREADS,White bread with different processing conditions,Singapore,2014*,68,5,10,Normal,13,50,105,"Glucose, 2h",Standard,"Capillary, whole blood",HemoCue,52,15,food,22,steamed,name
314,"Modified baked bread made with steamed bread recipe, made with medium protein flour (15 min resting time, 70 min proving time, 11 min baking at 210°C)",BREADS,White bread with different processing conditions,Singapore,2014*,75,4,11,Normal,13,50,87,"Glucose, 2h",Standard,"Capillary, whole blood",HemoCue,52,15,food,23,baked,name
315,"Wholemeal wheat flour bread, sliced (Pan Bauletto Integrale, Italy)",BREADS,Wholemeal (whole wheat) wheat flour bread,Italy,2005-2015,59,5,9,Normal,10,50,126.9,"Glucose, 2h",Standard,"Capillary, whole blood",YSI,3,15,food,23,,
316,Wholemeal flour bread,BREADS,Wholemeal (whole wheat) wheat flour bread,China,2005,69,3,10,Normal,10,50,,"Glucose, 2h",Standard,"Venous, NS",NS,12,15,food,23,,
317,Wholemeal flour bread,BREADS,Wholemeal (whole wheat) wheat flour bread,Australia,2012,75,5,11,Normal,10,50,125.0,"Glucose, 2h",Standard,"Capillary, plasma",Enzymatic,UO5,15,food,23,,
318,"Wholemeal flour bread, short wholemeal (50% whole meal wheat, 50% white wheat, Baker’s yeast (1.3% net flour weight), no rising time, 30 min proving time, 220°C baking temperature, 30 min baking time",BREADS,Wholemeal (whole wheat) wheat flour bread,New Zealand,2010*,78,5,12,Normal,10,50,111,"Glucose, 2h",Standard,"Capillary, plasma",Enzymatic,31,15,food,23,baked,name
319,"Wholemeal bread, long whole meal (50% whole meal wheat, 50% white wheat, Baker’s yeast (13% net flour weight), 20 min rising time, 30 min proving time, 220°C baking temperature, 30 min baking time",BREADS,Wholemeal (whole wheat) wheat flour bread,New Zealand,2010*,80,7,12,Normal,10,50,115,"Glucose, 2h",Standard,"Capillary, plasma",Enzymatic,31,15,food,23,baked,name
320,"Wholemeal bread (Gardenia Bakeries (KL) Sdn Bhd Shah Alam, Selangor, Malaysia)",BREADS,Wholemeal (whole wheat) wheat flour bread,Malaysia,2009*,85,6,13,Normal,11,25,80,"Glucose, 2h",Standard,"Capillary, whole blood",Enzymatic,29,15,food,23,,
321,"Wholemeal bread, yeast (50% wholemeal wheat, 50% white wheat, Baker ’ s yeast (15% dry weight), 60 min rising time, 40 min proving time, 200°C baking temperature, 40-50 min baking time",BREADS,Wholemeal (whole wheat) wheat flour bread,New Zealand,2010*,88,8,13,Normal,10,50,119,"Glucose, 2h",Standard,"Capillary, plasma",Enzymatic,31,15,food,23,baked,name
322,"Wholemeal bread, smooth milled, Ploughman's™ (Quality Bakers, Australia)",BREADS,Wholemeal (whole wheat) wheat flour bread,Australia,1996,64,10,10,Normal,12,50,117.1,"Bread, 2h",Standard,"Capillary, plasma",Enzymatic,UO5,15,food,23,,
,"Wholemeal wheat flour bread, mean of eight foods",BREADS,Wholemeal (whole wheat) wheat flour bread,,,75,,,,,,,,,,,,15,mean,23,,
323,"Wholemeal stoneground flour sourdough bread (Bill's Organic Bread, Cardiff, Australia)",BREADS,Wholemeal (whole wheat) wheat flour bread,Australia,2003,59,8,9,Normal,10,50,135.9,"Glucose, 2h",Standard,"Capillary, whole blood",HemoCue,UO5,15,food,23,,
324,"Wholemeal sliced bread, High fibre Performax™ (Country Life Bakery, Australia)",BREADS,Wholemeal (whole wheat) wheat flour bread,Australia,1999,38,3,6,Normal,10,50,,"Bread, 2h",Standard,"Capillary, plasma",Enzymatic,UO5,15,food,23,,
325,"Wholemeal bread (wholemeal wheat flour, water, yeast, salt, and 40% sourdough), baked at 200°C for 40 min",BREADS,Wholemeal (whole wheat) wheat flour bread,Spain,2013,61,8,9,Normal,22,50,134,"Glucose, 2h",Standard,"Venous, plasma/serum",Enzymatic,47,15,food,23,baked,name
326,"Wholemeal bread sticks, crunchy",BREADS,Wholemeal (whole wheat) wheat flour bread,Crete,2006,67,5,10,Normal,10,50,84.7,"Glucose, 2h",Standard,"Capillary, plasma",Enzymatic,UO5,15,food,23,,
327,"Corn tortilla, made from white corn, Diego's brand (San Diego Tortilla Factory Pty Ltd, Andrews, QLD, Australia)",BREADS,Wrap breads,Australia,2007,49,6,7,Normal,9,50,121.1,"Glucose, 2h",Standard,"Capillary, plasma",Enzymatic,UO5,15,food,24,,
328,"Corn tortilla, made from white corn, gluten-free, Mission® (Mission Foods Australia)",BREADS,Wrap breads,Australia,2010,52,4,8,Normal,9,50,121.1,"Glucose, 2h",Standard,"Capillary, plasma",Enzymatic,UO5,15,food,24,,
329,"Protein Wraps (Herman Brot Pty Ltd, Australia)",BREADS,Wrap breads,Australia,2019,27,3,4,Normal,10,25,176.1,"Glucose, 2h",Standard,"Capillary, plasma",Enzymatic,UO5,15,food,24,,
330,"Mixed Grain wraps, Helga’s (Quality Bakers Australia Pty Ltd, Australia)",BREADS,Wrap breads,Australia,2015,55,6,8,Normal,10,50,105.3,"Glucose, 2h",Standard,"Capillary, plasma",Enzymatic,UO5,15,food,24,,
331,"Oat Light Wrap bread (Mountain Bread, VIC, Australia)",BREADS,Wrap breads,Australia,2008,62,6,9,Normal,10,50,94.0,"Glucose, 2h",Standard,"Capillary, plasma",Enzymatic,UO5,15,food,24,,
332,"Whole Grain Tortilla, Old El Paso™ (General Mills Australia Pty Ltd)",BREADS,Wrap breads,Australia,2015,50,5,8,Normal,10,50,106.2,"Glucose, 2h",Standard,"Capillary, plasma",Enzymatic,UO5,15,food,24,,
333,"Wholemeal and white flour wrap with chia seeds, Mission brand (Gruma Oceania Pty Ltd, Australia)",BREADS,Wrap breads,Australia,2015,50,6,8,Normal,10,50,127.6,"Glucose, 2h",Standard,"Capillary, plasma",Enzymatic,UO5,15,food,24,,
334,"Wholemeal and white flour wrap with red quinoa, Mission brand (Gruma Oceania Pty Ltd, Australia)",BREADS,Wrap breads,Australia,2015,59,5,9,Normal,10,50,122.2,"Glucose, 2h",Standard,"Capillary, plasma",Enzymatic,UO5,15,food,24,,
335,"Chia White bread, Bakers Delight™ (Bakers Delight Holdings, Australia)",BREADS,Other Special wheat breads,Australia,2010,63,3,9,Normal,10,50,117.1,"Glucose, 2h",Standard,"Capillary, plasma",Enzymatic,UO5,15,food,24,,
336,"Bread, increased GI variant (sugar-to-flour ratio: 0.24) (Bakery School, Herk-de-Stad, Belgium)",BREADS,Other Special wheat breads,Belgium,2010*,69,15,10,Normal,10,25,55.6,"Glucose, 2h",Standard,"Venous, plasma/serum",Enzymatic,1,15,food,24,,
337,"Bread, decreased GI variant (sugar-to-flour ratio: 0.0) (Bakery School, Herk-de-Stad, Belgium)",BREADS,Other Special wheat breads,Belgium,2010*,40,4,6,Normal,10,25,58.1,"Glucose, 2h",Standard,"Venous, plasma/serum",Enzymatic,1,15,food,24,,
338,"Bread, sliced, soft wheat flour, flaxseeds (4.9%), soy grain (4.3% ) (Cuor di Lino, Mulino Bianco, Barilla , Italy)",BREADS,Other Special wheat breads,Italy,2012,58,10,9,Normal,9,50,127,"Glucose, 2h",Standard,"Capillary, whole blood",YSI,3,15,food,24,,
339,"Bread, desem (50% whole meal wheat, 50% white wheat), baker ’ s yeast (15% dry weight), desem (15% wet weight), 60 min rising time, 40 min proving time, 200°C baking temperature, 40-50 min baking time",BREADS,Other Special wheat breads,New Zealand,2010*,92,10,14,Normal,10,50,119,"Glucose, 2 h",Standard,"Capillary, plasma",Enzymatic,31,15,food,24,baked,name
340,"Crusty malted wheat bread (Finest, UK)",BREADS,Other Special wheat breads,UK,2005,52,8,8,Normal,10,50,113.1,"Glucose, 2h",Standard,"Capillary, whole blood",Glucometer 9,26,15,food,24,,
341,Dried wheat bread rusk,BREADS,Other Special wheat breads,Crete,2006,63,6,9,Normal,10,50,71.4,"Glucose, 2h",Standard,"Capillary, plasma",Enzymatic,UO5,15,food,24,dried,name
342,"Focaccia, soft wheat flour, with extra virgin olive oil (8.7%) (Focaccelle con olio di oliva extravergine, Mulino Bianco, Barilla)",BREADS,Other Special wheat breads,Italy,2015,63,8,9,Normal,9,,62,"Glucose, 2h",Standard,"Capillary, whole blood",YSI,3,15,food,25,,
343,"Lebanese bread, white (Seda Bakery, Sydney, Australia)",BREADS,Other Special wheat breads,Australia,2002,75,9,11,Normal,10,50,,"Glucose, 2h",Standard,"Capillary, whole blood",HemoCue,UO5,15,food,25,,
344,"Malt loaf, organic",BREADS,Other Special wheat breads,UK,2005,59,9,9,Normal,10,50,81.7,"Glucose, 2h",Standard,"Capillary, whole blood",Glucometer 9,26,15,food,25,,
345,"Naan bread (True Foods Pty Ltd, VIC, Australia), heated in microwave for 25 sec",BREADS,Other Special wheat breads,Australia,2013,71,5,11,Normal,10,50,117.9,"Glucose, 2h",Standard,"Capillary, plasma",Enzymatic,UO5,15,food,25,microwaved,name
346,"Pain au lait (Pasquier, France)",BREADS,Other Special wheat breads,France,2002,63,10,9,"Normal, 11-",14,50,94,"Glucose, 2h",Standard,"Capillary, plasma",Enzymatic,53,15,food,25,,
347,"Pita bread, white, mini",BREADS,Other Special wheat breads,UK,2005,68,5,10,Normal,10,50,97.7,"Glucose, 2h",Standard,"Capillary, whole blood",Glucometer 9,26,15,food,25,,
348,"Pita bread, wholemeal",BREADS,Other Special wheat breads,UK,2005,56,13,8,Normal,10,50,107.8,"Glucose, 2h",Standard,"Capillary, whole blood",Glucometer 9,26,15,food,25,,
349,"Pumpkin Cob Gourmet Bread (Fine Breads of Australia, NSW, Australia)",BREADS,Other Special wheat breads,Australia,2008,85,12,13,Normal,10,50,121.7,"Glucose, 2h",Standard,"Capillary, plasma",Enzymatic,UO5,15,food,25,,
350,"Roti (unleavened flatbread), whole wheat flour",BREADS,Other Special wheat breads,India,2010*,45,4,7,Normal,18,50,74.6,"Glucose, 2h",Standard,"Capillary, whole blood",Glucometer 9,54,15,food,25,,
351,"Roti (unleavened flatbread), atta mix containing roasted Bengal flour, psyllium husk powder and fenugreek powder",BREADS,Other Special wheat breads,India,2010*,27,2,4,Normal,18,50,66.7,"Glucose, 2h",Standard,"Capillary, whole blood",Glucometer,54,15,food,25,,
352,Sprouted kamut bread,BREADS,Other Special wheat breads,Australia,2008,67,5,10,Normal,10,50,128.9,"Glucose, 2h",Standard,"Capillary, plasma",Enzymatic,UO5,15,food,25,,
353,Steamed wheat bread,BREADS,Other Special wheat breads,China,2005,88,7,13,Normal,9,50,,"Glucose, 2h",Standard,"Venous, NS",NS,12,15,food,25,steamed,name
354,"Barley bread, containing 40% barley flour and 60% wheat flour, separate proving of wheat dough",BREADS,Other special breads,Norway,2019*,72,6,11,Normal,14,25,56.7,"Glucose, 2h",Standard,"Capillary, plasma",YSI,32,15,food,25,,
355,"Lompe (made from potato, precooked and cooled, and spelt flour) (Speltlompe) (Buer AS, Askim, Norway)",BREADS,Other special breads,Norway,2019*,63,6,9,Normal,14,25,66.8,"Glucose, 2h",Standard,"Capillary, plasma",YSI,32,15,food,25,instant,name
356,"Millet steamed bread (75% foxtail-millet flour and 25% extrusion flour (w/w, dry basis)",BREADS,Other special breads,China,2016*,90,9,14,Normal,10,50,100,"Glucose, 2h",Standard,"Venous, plasma/serum",Enzymatic,11,15,food,25,steamed,name
357,Potato mixed flour bread (lab made),BREADS,Other special breads,China,2020,55,3,8,Normal,12,50,107.1,"Glucose, 2h",Standard,"Capillary, plasma",Enzymatic,UO18,15,food,25,,
358,Soy flour bread,BREADS,Other special breads,Australia,2005,40,6,6,Normal,10,50,197.6,"Glucose, 2h",Standard,"Capillary, whole blood",HemoCue,UO5,15,food,25,,
359,"Branflakes (Healthy Living, UK)",BREAKFAST CEREALS,Bran Flakes,UK,2005,50,7,10,Normal,10,50,74.5,"Glucose, 2h",Standard,"Capillary, whole blood",Glucometer 9,26,20,food,26,,
360,"Bran Flakes, President's Choice® Blue Menu™(Loblaw Brands Limited, Canada)",BREAKFAST CEREALS,Bran Flakes,Canada,2004-2007,65,8,13,Normal,10,50,79.0,"Bread, 2h",Standard,"Capillary, whole blood",YSI,UO7,20,food,26,,
361,"Bran Flakes™ (Kellogg's, Australia)",BREAKFAST CEREALS,Bran Flakes,Australia,2000,74,6,15,Normal,12,50,83.0,"Bread, 2h",Standard,"Capillary, whole blood",HemoCue,UO5,20,food,26,,
,"Bran flakes, mean of three foods",BREAKFAST CEREALS,Bran Flakes,,,63,,,,,,,,,,,,20,mean,26,,
362,"Chocapic™, wheat-based flaked cereal",BREAKFAST CEREALS,"Chocapic™ (Nestlé, France)",France,2003,70,10,14,Normal,11,50,62.6,"Glucose, 2h",Standard,"Capillary, plasma",Enzymatic,UO5,20,food,26,,
363,"Chocapic™, wheat-based flaked cereal",BREAKFAST CEREALS,"Chocapic™ (Nestlé, France)",France,2003,74,9,15,Normal,12,50,62.6,"Glucose, 2h",Standard,"Capillary, plasma",Enzymatic,UO5,20,food,26,,
364,"Chocapic™, wheat-based flaked cereal",BREAKFAST CEREALS,"Chocapic™ (Nestlé, France)",France,2002,84,9,17,"Normal, 11-",14,50,60,"Glucose, 2h",Standard,"Capillary, plasma",Enzymatic,53,20,food,26,,
,"Chocapic, mean of three foods",BREAKFAST CEREALS,"Chocapic™ (Nestlé, France)",,,76,,,,,,,,,,,,20,mean,26,,
365,"Cornflakes (Kellogg's, Australia) , tested in younger adults (19-32 y)",BREAKFAST CEREALS,Cornflakes™,Australia,2014*,64,4,13,Normal,20,50,,"Glucose, 2h",Standard,"Capillary, whole blood",HemoCue,55,20,food,26,,
366,Cornflakes,BREAKFAST CEREALS,Cornflakes™,France,2019*,66,5,13,Normal,13,50,53.5,"Glucose, 2h",Standard,"Capillary, plasma",Enzymatic,7,20,food,26,,
367,Cornflakes,BREAKFAST CEREALS,Cornflakes™,China,2005,74,3,15,Normal,9,50,,"Glucose, 2h",Standard,"Venous, NS",NS,12,20,food,26,,
368,Cornflakes,BREAKFAST CEREALS,Cornflakes™,France,2019*,77,6,15,Normal,15,50,53.5,"Glucose, 2h",Standard,"Capillary, plasma",Enzymatic,7,20,food,26,,
369,Cornflakes,BREAKFAST CEREALS,Cornflakes™,France,2019*,77,6,15,Normal,15,50,53.5,"Glucose, 2h",Standard,"Capillary, whole blood",YSI,7,20,food,26,,
370,Cornflakes,BREAKFAST CEREALS,Cornflakes™,China,2005,79,4,16,Normal,9,50,,"Glucose, 2h",Standard,"Venous, NS",NS,12,20,food,26,,
371,"Cornflakes (Kellogg's, Australia) , tested inolder adults (56-86 y)",BREAKFAST CEREALS,Cornflakes™,Australia,2014*,81,3,16,Normal,60,50,,"Glucose, 2h",Standard,"Capillary, whole blood",HemoCue,55,20,food,26,,
372,"Cornflakes (Kellogg's, Australia)",BREAKFAST CEREALS,Cornflakes™,production Australia,2010,82,4,16,number) Normal,10,,,"period Glucose, 2h",Standard,"Capillary, plasma",method 4 Enzymatic,39,20,food,27,,
373,Cornflakes (Kellogg's),BREAKFAST CEREALS,Cornflakes™,Thailand,2019,93,8,19,Normal,10,50,60,"Glucose, 2h",Standard,"Capillary, plasma",Enzymatic,UO18,20,food,27,,
374,Cornflakes (Kellogg's),BREAKFAST CEREALS,Cornflakes™,Thailand,2020,105,10,21,Normal,12,50,60,"Glucose, 2h",Standard,"Capillary, plasma",Enzymatic,UO18,20,food,27,,
,"Cornflakes, mean of 10 foods",BREAKFAST CEREALS,Cornflakes™,,,80,,,,,,,,,,,,20,mean,27,,
375,"Cornflakes, Crunchy Nut™ (Kellogg’s, Australia)",BREAKFAST CEREALS,Cornflakes™,Australia,1999,72,4,14,Normal,10,50,62.8,"Glucose, 2h",Standard,"Capillary, plasma",Enzymatic,UO5,20,food,27,,
376,Fruit and Fibre,BREAKFAST CEREALS,Fruit and Fibre cereals,UK,2005,67,7,13,Normal,10,50,72.4,"Glucose, 2h",Standard,"Capillary, whole blood",Glucometer 9,26,20,food,27,,
377,"Fruit and Fibre (Value, UK)",BREAKFAST CEREALS,Fruit and Fibre cereals,UK,2005,68,7,14,Normal,10,50,76.1,"Glucose, 2h",Standard,"Capillary, whole blood",Glucometer 9,26,20,food,27,,
378,"Granola, blueberry",BREAKFAST CEREALS,Granola,Canada,2010*,64,6,13,Normal,10,50,92,"Bread, 2h",Standard,"Capillary, whole blood",YSI,56,20,food,27,,
379,"Granola Clusters, Original, low fat, President’s Choice® Blue Menu™ Loblaw Brands Limited, Canada)",BREAKFAST CEREALS,Granola,Canada,2004-2007,63,4,13,Normal,10,50,68.2,"Bread, 2h",Standard,"Capillary, whole blood",YSI,UO7,20,food,27,,
380,"Granola Clusters, Raisin & Almond, low fat, President’s Choice® Blue Menu™ Loblaw Brands Limited, Canada)",BREAKFAST CEREALS,Granola,Canada,2004-2007,70,7,14,Normal,10,50,68.2,"Bread, 2h",Standard,"Capillary, whole blood",YSI,UO7,20,food,27,,
381,"Granola, whole-grain oat protein",BREAKFAST CEREALS,Granola,USA,2018*,51,4,10,Normal,19,50,87,"Glucose, 2h",Standard,"Capillary, whole blood",HemoCue,57,20,food,27,,
382,"Low GI Granola Golden Almond Crunch (Sanitarium Health and Food Company, New Zealand)",BREAKFAST CEREALS,Granola,New Zealand,2019,49,7,10,Normal,11,50,102,"Glucose, 2h",Standard,"Capillary, whole blood",HemoCue,UO20,20,food,27,,
383,Low GI Granola Strawberry & Coconut (Sanitarium health and Food Company),BREAKFAST CEREALS,Granola,New Zealand,2019,52,6,10,Normal,11,50,96.2,"Glucose, 2h",Standard,"Capillary, whole blood",HemoCue,UO20,20,food,27,,
384,"Soy Crunch Multi-Grain Cereal, President’s Choice® Blue Menu™ (Loblaw Brands Limited, Canada)",BREAKFAST CEREALS,Granola,Canada,2007,47,4,9,Normal,10,50,,"Bread, 2h",Standard,"Capillary, whole blood",YSI,UO7,20,food,27,,
385,"Soytana™, Vogel’s, soy and linseed bran crunch with sultanas, 20.1 g fiber / 100 g (Specialty Cereals, Mt Ku-ring- gai, NSW, Australia)",BREAKFAST CEREALS,Granola,Australia,2001,49,3,10,Normal,10,50,81.1,"Glucose, 2h",Standard,"Capillary, whole blood",HemoCue,UO5,20,food,27,,
386,"Vogel’s Cluster Crunch Classic (Specialty Cereals, Australia)",BREAKFAST CEREALS,Granola,Australia,2006,50,6,10,Normal,10,50,76.7,"Glucose, 2h",Standard,"Capillary, whole blood",HemoCue,UO5,20,food,27,,
387,"Vogel’s Cluster Crunch, Honey Hazelnut (Specialty Cereals, Australia)",BREAKFAST CEREALS,Granola,production Australia,2006,43,3,9,number) Normal,10,,,"period Glucose, 2h",Standard,"Capillary, whole blood",method 4 HemoCue,UO5,20,food,28,,
388,"Wild Oats Cluster Crunch Hazelnut Chocolate (Specialty Cereals, Australia)",BREAKFAST CEREALS,Granola,Australia,2006,43,6,9,Normal,10,50,79.1,"Glucose, 2h",Standard,"Capillary, whole blood",HemoCue,UO5,20,food,28,,
,"Granola, mean of 11 foods",BREAKFAST CEREALS,Granola,,,53,,,,,,,,,,,,20,mean,28,,
389,Malted wholewheat cereal,BREAKFAST CEREALS,Malted cereals,UK,2008*,56,5,11,Normal Caucasian,10,50,,"Glucose, 2h",Standard,"Capillary, whole blood",Glucometer 9,58,20,food,28,,
390,Malted wholewheat cereal,BREAKFAST CEREALS,Malted cereals,UK,2008*,60,7,12,Normal Asian,10,50,,"Glucose, 2h",Standard,"Capillary, whole blood",Glucometer 9,58,20,food,28,,
391,Malted wheat cereal,BREAKFAST CEREALS,Malted cereals,UK,2008*,60,5,12,Normal Caucasian,10,50,,"Glucose, 2h",Standard,"Capillary, whole blood",Glucometer 9,58,20,food,28,,
392,Malted wheat cereal,BREAKFAST CEREALS,Malted cereals,UK,2008*,68,5,14,Normal Asian,10,50,,"Glucose, 2h",Standard,"Capillary, whole blood",Glucometer 9,58,20,food,28,,
,"Malted wheat cereal, mean of four foods",BREAKFAST CEREALS,Malted cereals,,,61,,,,,,,,,,,,20,mean,28,,
393,"Apple & Cinnamon Muesli, Nature’s Source (Bokomo, Cape Town, South Africa)",BREAKFAST CEREALS,Muesli,South Africa,2008,59,6,12,Normal,10,50,79.4,"Glucose, 2h",Standard,"Capillary, plasma",Enzymatic,UO5,20,food,28,,
394,"Apple & Cranberry Muesli, Balance (Simply Cereal Pty Ltd, Australia)",BREAKFAST CEREALS,Muesli,Australia,2008,67,3,13,Normal,10,50,72.1,"Glucose, 2h",Standard,"Capillary, plasma",Enzymatic,UO5,20,food,28,,
395,"Bircher Muesli, Apple & Raisin (Aussie Bodies Pty Ltd, VIC, Australia)",BREAKFAST CEREALS,Muesli,Australia,2008,66,11,13,Normal,10,50,92.6,"Glucose, 2h",Standard,"Capillary, plasma",Enzymatic,UO5,20,food,28,,
396,"Bircher Muesli, Carman’s Natural (Carman’s Fine Foods, Australia)",BREAKFAST CEREALS,Muesli,Australia,2014,48,5,10,Normal,10,50,101.2,"Glucose, 2h",Standard,"Capillary, plasma",Enzymatic,UO5,20,food,28,,
397,"Fibre-Rich Muesli, Vogel's Café Style (Specialty Cereals, Mt Ku-ring-gai , NSW, Australia)",BREAKFAST CEREALS,Muesli,Australia,2006,48,6,10,Normal,10,50,78.4,"Glucose, 2h",Standard,"Capillary, plasma",Enzymatic,UO5,20,food,28,,
398,"Fruit Free Muesli, Carman’s Original (Carman’s Fine Foods, Australia)",BREAKFAST CEREALS,Muesli,Australia,2014,45,5,9,Normal,10,50,107.1,"Glucose, 2h",Standard,"Capillary, plasma",Enzymatic,UO5,20,food,28,,
399,"Fruit & Muesli, Bürgen® (George Weston Foods, Australia)",BREAKFAST CEREALS,Muesli,Australia,2007,51,4,10,Normal,10,50,,"Glucose, 2h",Standard,"Capillary, whole blood",HemoCue,UO15,20,food,28,,
400,"Fruit & Nut Muesli, Carman’s Classic (Carman’s Fine Foods, Australia)",BREAKFAST CEREALS,Muesli,Australia,2014,50,5,10,Normal,10,50,92.6,"Glucose, 2h",Standard,"Capillary, plasma",Enzymatic,UO5,20,food,28,,
401,"Liver Cleansing Muesli (Food For Health Life Food, Australia)",BREAKFAST CEREALS,Muesli,production Australia,2008,31,4,6,number) Normal,10,,,"period Glucose, 2h",Standard,"Capillary, plasma",method 4 Enzymatic,UO5,20,food,29,,
402,"Muesli (Value, UK)",BREAKFAST CEREALS,Muesli,UK,2005,64,9,13,Normal,10,50,79.9,"Glucose, 2h",Standard,"Capillary, whole blood",Glucometer 9,26,20,food,29,,
403,"Muesli (Healthy Eating, UK)",BREAKFAST CEREALS,Muesli,UK,2005,86,10,17,Normal,10,50,70.3,"Glucose, 2h",Standard,"Capillary, whole blood",Glucometer 9,26,20,food,29,,
404,"Muesli (Cereali croccanti classic, Italy)",BREAKFAST CEREALS,Muesli,Italy,2009,66,6,13,Normal,10,50,75.5,"Glucose, 2h",Standard,"Capillary, whole blood",YSI,3,20,food,29,,
405,"Muesli, fruit",BREAKFAST CEREALS,Muesli,UK,2005,67,7,13,Normal,10,50,74.4,"Glucose, 2h",Standard,"Capillary, whole blood",Glucometer 9,26,20,food,29,,
406,"Muesli, with concentrated fruit juices (Cereali croccanti classic, Italy)",BREAKFAST CEREALS,Muesli,Italy,2009,62,8,12,Normal,10,50,69.9,"Glucose, 2h",Standard,"Capillary, whole blood",YSI,3,20,food,29,,
407,"Muesli Gluten Free, Carman’s Deluxe (Carman’s Fine Foods, Australia)",BREAKFAST CEREALS,Muesli,Australia,2014,49,3,10,Normal,10,50,79.0,"Glucose, 2h",Standard,"Capillary, plasma",Enzymatic,UO5,20,food,29,,
408,"Muesli, gluten-free with psyllium (Freedom Foods, Australia)",BREAKFAST CEREALS,Muesli,Australia,2007,50,7,10,Normal,9,50,150.2,"Glucose, 2h",Standard,"Capillary, whole blood",HemoCue,UO10,20,food,29,,
409,"Muesli, Light, mixed berry & apple flavor, Special K brand (Kellogg's, Australia)",BREAKFAST CEREALS,Muesli,Australia,2007,64,7,13,Normal,10,50,74.5,"Glucose, 2h",Standard,"Capillary, whole blood",HemoCue,UO5,20,food,29,,
410,"Muesli, made from steamed rolled oats with dried fruit and nuts, Alpen original (Weetabix, UK)",BREAKFAST CEREALS,Muesli,UK,2002,55,10,11,"Normal, 11-",14,50,80,"Glucose, 2h",Standard,"Capillary, plasma",Enzymatic,53,20,food,29,steamed,name
411,"Muesli, Morning Sun Natural Apricot & Almond (Nestlé, Australia)",BREAKFAST CEREALS,Muesli,Australia,2006,49,5,10,Normal,10,25,56.6,"Glucose, 2h",Standard,"Capillary, whole blood",HemoCue,UO5,20,food,29,,
412,"Muesli, Natural (Sanitarium, Australia)",BREAKFAST CEREALS,Muesli,Australia,2001,40,6,8,Normal,10,50,79.1,"Glucose, 2h",Standard,"Capillary, plasma",Enzymatic,UO5,20,food,29,,
413,"Muesli, Natural (Sanitarium, New Zealand)",BREAKFAST CEREALS,Muesli,New Zealand,2000,57,9,11,Normal,10,50,,"Glucose, 2h",Standard,"Venous, plasma",Enzymatic,27,20,food,29,,
414,"Muesli, Natural Style Original Swiss Formula (Uncle Toby's, Australia)",BREAKFAST CEREALS,Muesli,Australia,2007,62,6,12,Normal,9,50,83.8,"Glucose, 2h",Standard,"Capillary, whole blood",HemoCue,UO5,20,food,29,,
415,"Muesli, Naytura Fruit and Nut (Woolworths, Australia)",BREAKFAST CEREALS,Muesli,Australia,2007,48,6,10,Normal,10,50,108.0,"Glucose, 2h",Standard,"Capillary, whole blood",HemoCue,UO5,20,food,29,,
416,"Muesli, Swiss Bircher (Woolworths Select, Australia)",BREAKFAST CEREALS,Muesli,Australia,2008,52,5,10,Normal,10,50,85.0,"Glucose, 2h",Standard,"Capillary, plasma",Enzymatic,UO5,20,food,29,,
417,"Muesli, toasted, with nuts",BREAKFAST CEREALS,Muesli,Australia,2006,65,5,13,Normal,10,50,,"Glucose, 2h",Standard,"Capillary, plasma",Enzymatic,UO5,20,food,29,toasted,name
418,"Muesli, wholewheat",BREAKFAST CEREALS,Muesli,UK,2005,56,6,11,Normal,10,50,84.6,"Glucose, 2h",Standard,"Capillary, whole blood",Glucometer 9,26,20,food,29,,
419,"Muesli, yeast & wheat free (Freedom Foods, Australia)",BREAKFAST CEREALS,Muesli,production Australia,2007,45,5,9,number) Normal,10,,,"period Glucose, 2h",Standard,"Capillary, whole blood",method 4 HemoCue,UO10,20,food,30,,
420,"Rye Muesli, Bürgen® (George Weston Foods, Australia)",BREAKFAST CEREALS,Muesli,Australia,2007,41,5,8,Normal,10,50,,"Glucose, 2h",Standard,"Capillary, whole blood",HemoCue,UO1 5,20,food,30,,
421,"Soy-Lin™ Muesli, Bürgen® (George Weston Foods, Australia)",BREAKFAST CEREALS,Muesli,Australia,2006-2007,51,3,10,Normal,10,50,,"Glucose, 2h",Standard,"Capillary, whole blood",HemoCue,UO10,20,food,30,,
422,Whole-grain oat muesli,BREAKFAST CEREALS,Muesli,USA,2018*,55,4,11,Normal,19,50,84,"Glucose, 2h",Standard,"Capillary, whole blood",HemoCue,5 7,20,food,30,,
,"Muesli, mean of 30 foods",BREAKFAST CEREALS,Muesli,,,55,,,,,,,,,,,,20,mean,30,,
423,"Chocolate Protein Muesli (Herman Brot Pty Ltd, Australia)",BREAKFAST CEREALS,"Muesli, high protein, low carbohydrate",Australia,2016,35,4,7,Normal,10,25,120.8,"Glucose, 2h",Standard,"Capillary, plasma",Enzymatic,UO5,20,food,30,,
424,"Peanut Candy Protein Muesli (Herman Brot Pty Ltd, Australia)",BREAKFAST CEREALS,"Muesli, high protein, low carbohydrate",Australia,2016,30,3,6,Normal,10,25,147.1,"Glucose, 2h",Standard,"Capillary, plasma",Enzymatic,UO5,20,food,30,,
425,"Red Fruits Protein Muesli (Herman Brot Pty Ltd, Australia)",BREAKFAST CEREALS,"Muesli, high protein, low carbohydrate",Australia,2016,32,4,6,Normal,10,25,134.4,"Glucose, 2h",Standard,"Capillary, plasma",Enzymatic,UO5,20,food,30,,
426,"Instant oats, cooked in microwave for 2.5 min (Quaker Quick Oats; Peterborough, Ontario)",BREAKFAST CEREALS,Instant oat porridge,Canada,2010,76,4,15,Normal,10,50,88.2,"Glucose, 2h",Standard,"Capillary, plasma",Enzymatic,39,20,food,30,instant,name
427,"Instant oat porridge, cooked in microwave with water (Uncle Toby's, Australia)",BREAKFAST CEREALS,Instant oat porridge,Australia,2003,82,10,16,Normal,10,50,88.2,"Glucose, 2h",Standard,"Capillary, whole blood",HemoCue,UO5,20,food,30,instant,name
428,"Instant oat cereal porridge, prepared with 348 g water",BREAKFAST CEREALS,Instant oat porridge,UK,2006,83,10,17,Normal,10,50,87.1,"Glucose, 2h",Standard,"Capillary, whole blood",Glucometer 9,30,20,food,30,instant,name
429,"Instant oat porridge, prepared with water, cooked",BREAKFAST CEREALS,Instant oat porridge,Australia,2007,87,9,17,Normal,10,50,88.2,"Glucose, 2h",Standard,"Capillary, plasma",Enzymatic,UO5,20,food,30,instant,name
,"Instant oat porridge, mean of four foods",BREAKFAST CEREALS,Instant oat porridge,,,82,,,,,,,,,,,,20,mean,30,instant,name
430,"Porridge oats (Freedom Foods, Australia)",BREAKFAST CEREALS,"Porridge, made from rolled oats",Australia,2007,50,4,10,Normal,12,50,80.9,"Glucose, 2h",Standard,"Capillary, whole blood",HemoCue,UO10,20,food,30,,
431,"Porridge oats, traditional (Lowan Whole Foods, Australia)",BREAKFAST CEREALS,"Porridge, made from rolled oats",Australia,2004,51,8,10,Normal,10,50,81.0,"Bread, 2h",Standard,"Capillary, whole blood",HemoCue,UO5,20,food,30,,
432,Porridge oats,BREAKFAST CEREALS,"Porridge, made from rolled oats",China,2005,55,2,11,Normal,9,50,,"Glucose, 2h",Standard,"Venous, NS",NS,12,20,food,30,,
433,"Porridge, Traditional Rolled Oats (Woolworths Select brand, Australia)",BREAKFAST CEREALS,"Porridge, made from rolled oats",production Australia,2008,57,4,11,number) Normal,10,,,"period Glucose, 2h",Standard,"Capillary, plasma",method 4 Enzymatic,UO5,20,food,31,,
434,"Porridge (Hubbards, New Zealand)",BREAKFAST CEREALS,"Porridge, made from rolled oats",New Zealand,2000,58,9,12,Normal,10,50,,"Glucose, 2h",Standard,"Venous, plasma",Enzymatic,27,20,food,31,,
435,"Porridge, Scottish, made with water, cooked in microwave",BREAKFAST CEREALS,"Porridge, made from rolled oats",UK,2005,63,7,13,Normal,10,50,80.6,"Glucose, 2h",Standard,"Capillary, whole blood",Glucometer 9,26,20,food,31,microwaved,name
436,"Oat porridge made from 0.5-0.6 mm thick rolled oat flakes, cooked for 10 min (Elovena, Raisio Group Ltd, Raisio, Finland)",BREAKFAST CEREALS,"Porridge, made from rolled oats",Finland,2005,76,7,15,Normal,12,50,495,"Glucose, 3h 21","0,15,30,45,6 0,90,120,180","Capillary, whole blood",HemoCue,59,20,food,31,boiled,name
437,"Multigrain porridge, containing rolled oats, wheat, triticale, rye, barley and rice, cooked with water (The Monster Muesli Company, Beecroft, Australia)",BREAKFAST CEREALS,"Porridge, made from rolled oats",Australia,2003,55,2,11,Normal,9,50,143.8,"Glucose, 2h",Standard,"Capillary, whole blood",HemoCue,UO5,20,food,31,boiled,name
,"Porridge made from rolled oats, mean of eight foods",BREAKFAST CEREALS,"Porridge, made from rolled oats",,,58,,,,,,,,,,,,20,mean,31,,
438,"Porridge, made from steel-cut oats, cooked in water",BREAKFAST CEREALS,"Porridge, made from steel-cut oats",Australia,2003,48,5,10,Normal,10,50,81.2,"Glucose, 2h",Standard,"Capillary, plasma",Enzymatic,UO5,20,food,31,boiled,name
439,"Porridge, made from steel-cut oats, Moulamein™, cooked in water",BREAKFAST CEREALS,"Porridge, made from steel-cut oats",Australia,2016,51,5,10,Normal,9,50,87.9,"Glucose, 2h",Standard,"Capillary, plasma",Enzymatic,UO5,20,food,31,boiled,name
440,"Porridge, made from steel-cut oats, cooked in water",BREAKFAST CEREALS,"Porridge, made from steel-cut oats",USA,2003,52,4,10,Normal,9,50,90.9,"Glucose, 2h",Standard,"Capillary, whole blood",HemoCue,UO5,20,food,31,boiled,name
441,"Porridge, made from steel-cut oats, cooked in water (Meebags, Sunny International Trading Pty Ltd)",BREAKFAST CEREALS,"Porridge, made from steel-cut oats",Australia,2019,53,3,11,Normal,9,50,89.6,"Glucose, 2h",Standard,"Capillary, plasma",Enzymatic,UO5,20,food,31,boiled,name
442,"Porridge, made from old-Fashioned Steel Cut Oats, ® President's Choice Blue Menu™(Loblaw Brands Limited, Canada)",BREAKFAST CEREALS,"Porridge, made from steel-cut oats",Canada,2007,57,8,11,Normal,10,50,80.0,"Bread, 2h",Standard,"Capillary, whole blood",YSI,UO7,20,food,31,,
,"Porridge made from steel-cut oats, mean of five foods",BREAKFAST CEREALS,"Porridge, made from steel-cut oats",,,52,,,,,,,,,,,,20,mean,31,,
443,"Almond & Cinnamon, Uncle Toby’s® Oats Super Blends Protein, prepared with water",BREAKFAST CEREALS,"Porridge, made from rolled oats, flavored",Australia,2019,57,5,11,Normal,10,50,105.3,"Glucose, 2h",Standard,"Capillary, plasma",Enzymatic,UO5,20,food,31,,
444,"Cranberry & Chia, Uncle Toby’s® Oats Super Blends Protein, prepared with water",BREAKFAST CEREALS,"Porridge, made from rolled oats, flavored",Australia,2019,52,5,10,Normal,10,50,94.3,"Glucose, 2h",Standard,"Capillary, plasma",Enzymatic,UO5,20,food,31,,
445,"Multi grain instant oatmeal, Regular and Cinnamon & Spice, ® President's Choice Blue Menu™ Loblaw Brands Limited, Canada)",BREAKFAST CEREALS,"Porridge, made from rolled oats, flavored",Canada,2007,55,7,11,Normal,10,50,86.5,"Bread, 2h",Standard,"Capillary, whole blood",YSI,UO7,20,food,31,instant,name
446,"Rice Bubbles™ (Kellogg's, Australia)",BREAKFAST CEREALS,Rice Bubbles,Australia,2000,85,3,17,Normal,10,50,58.5,"Glucose, 2h",Standard,"Capillary, plasma",Enzymatic,UO5,20,food,32,,
447,"Rice Bubbles™ (Kellogg's, Australia)",BREAKFAST CEREALS,Rice Bubbles,Australia,2007,92,8,18,Normal,9,50,58.4,"Glucose, 2h",Standard,"Capillary, plasma",Enzymatic,UO5,20,food,32,,
448,"Special K™ (Kellogg's, USA)",BREAKFAST CEREALS,Special K™-formulation of this cereal varies in different countries,USA,2000,69,5,14,Normal,10,50,,"Bread, 2h",Standard,"Capillary, plasma",Enzymatic,UO5,20,food,32,,
449,"Special K™, made from rice (Kellogg's, France)",BREAKFAST CEREALS,Special K™-formulation of this cereal varies in different countries,France,2002,84,12,17,"Normal, 11-",14,50,64,"Glucose, 2h",Standard,"Capillary, plasma",Enzymatic,53,20,food,32,,
450,"Sustain™, Original (Kellogg's, Australia)",BREAKFAST CEREALS,Sustain,Australia,2007,55,5,11,Normal,10,50,67.4,"Glucose, 2h",Standard,"Capillary, plasma",Enzymatic,UO5,20,food,32,,
451,"Sustain™ (Kellogg's) , tested in younger adults (19-32 y)",BREAKFAST CEREALS,Sustain,Australia,2014*,56,4,11,Normal,20,50,,"Glucose, 2h",Standard,"Capillary, whole blood",HemoCue,55,20,food,32,,
452,"Sustain™ (Kellogg's) , tested in older adults (– y)",BREAKFAST CEREALS,Sustain,Australia,2014*,66,3,13,Normal,60,50,,"Glucose, 2h",Standard,"Capillary, whole blood",HemoCue,55,20,food,32,,
,"Sustain, mean of three studies",BREAKFAST CEREALS,Sustain,,,59,,,,,,,,,,,,20,mean,32,,
453,"Vita-Brits™ (Uncle Toby's, Australia)",BREAKFAST CEREALS,Wheat biscuits (plain flaked wheat),Australia,2001,68,6,14,Normal,10,50,75.6,"Glucose, 2h",Standard,"Capillary, whole blood",HemoCue,UO5,20,food,32,,
454,"Weet-Bix™ (Sanitarium, Australia)",BREAKFAST CEREALS,Wheat biscuits (plain flaked wheat),Australia,2004,69,4,14,Normal,10,50,78.2,"Glucose, 2h",Standard,"Capillary, whole blood",HemoCue,UO5,20,food,32,,
455,"Weet-Bix™ (Sanitarium, Australia)",BREAKFAST CEREALS,Wheat biscuits (plain flaked wheat),Australia,2001,69,4,14,Normal,12,50,75.1,"Bread, 2h",Standard,"Capillary, whole blood",HemoCue,UO5,20,food,32,,
456,"Whole wheat Goldies™ (Kellogg's, Australia)",BREAKFAST CEREALS,Wheat biscuits (plain flaked wheat),Australia,2001,70,4,14,Normal,10,50,74.5,"Glucose, 2h",Standard,"Capillary, whole blood",HemoCue,UO5,20,food,32,,
457,Wheat based cereal biscuits,BREAKFAST CEREALS,Wheat biscuits (plain flaked wheat),UK,2006,72,10,14,Normal,10,50,74.5,"Glucose, 2h",Standard,"Capillary, whole blood",Glucometer 9,30,20,food,32,,
458,Wheat flake cereal biscuits,BREAKFAST CEREALS,Wheat biscuits (plain flaked wheat),Australia,2014*,76,5,15,Normal,10,50,75,"Glucose, 2h",Standard,"Capillary, plasma",Enzymatic,17,20,food,32,,
,"Wheat biscuits plain, mean of six foods",BREAKFAST CEREALS,Wheat biscuits (plain flaked wheat),,,71,,,,,,,,,,,,20,mean,32,,
459,"Good Start™, muesli wheat biscuits (Sanitarium, Australia)",BREAKFAST CEREALS,Wheat biscuits (flaked wheat) with additional ingredients,Australia,2001,68,4,14,Normal,10,50,75.8,"Glucose, 2h",Standard,"Capillary, whole blood",HemoCue,UO5,20,food,33,,
460,"Hi-Bran Weet-Bix™, wheat biscuits with extra wheat bran (Sanitarium, Australia)",BREAKFAST CEREALS,Wheat biscuits (flaked wheat) with additional ingredients,Australia,2001,61,4,12,Normal,10,50,147.4,"Glucose, 2h",Standard,"Capillary, whole blood",HemoCue,UO5,20,food,33,,
461,"Hi-Bran Weet-Bix™ with soy and linseed (Sanitarium, Australia)",BREAKFAST CEREALS,Wheat biscuits (flaked wheat) with additional ingredients,Australia,2001,57,3,11,Normal,10,50,92.3,"Glucose, 2h",Standard,"Capillary, whole blood",HemoCue,UO5,20,food,33,,
462,Honey Goldies™ (Kellogg's Australia),BREAKFAST CEREALS,Wheat biscuits (flaked wheat) with additional ingredients,Australia,2001,72,3,14,Normal,10,50,71.3,"Glucose, 2h",Standard,"Capillary, whole blood",HemoCue,UO5,20,food,33,,
463,"Lite-Bix™, plain, no added sugar (Sanitarium, Australia)",BREAKFAST CEREALS,Wheat biscuits (flaked wheat) with additional ingredients,Australia,2001,70,3,14,Normal,10,50,92.9,"Glucose, 2h",Standard,"Capillary, whole blood",HemoCue,UO5,20,food,33,,
464,"Oat bran Weet-Bix™ (Sanitarium, Australia)",BREAKFAST CEREALS,Wheat biscuits (flaked wheat) with additional ingredients,Australia,2001,57,4,11,Normal,10,50,91.4,"Glucose, 2h",Standard,"Capillary, whole blood",HemoCue,UO5,20,food,33,,
465,Sultana Goldies™ (Kellogg's Australia),BREAKFAST CEREALS,Wheat biscuits (flaked wheat) with additional ingredients,Australia,2001,65,6,13,Normal,10,50,73.1,"Glucose, 2h",Standard,"Capillary, whole blood",HemoCue,UO5,20,food,33,,
466,Wheat flake cereal biscuits with 1.4 g Filtered Molasses Concentrate added per 100 g (2.08 g FMC/100 g carbohydrate),BREAKFAST CEREALS,Wheat biscuits (flaked wheat) with additional ingredients,Australia,2014*,72,5,14,Normal,10,50,75,"Glucose, 2h",Standard,"Capillary, plasma",Enzymatic,17,20,food,33,,
467,Wheat flake cereal biscuits with 2.0 g Filtered Molasses Concentrate added per 100g (2.98 g FMC/100 g carbohydrate),BREAKFAST CEREALS,Wheat biscuits (flaked wheat) with additional ingredients,Australia,2014*,70,4,14,Normal,10,50,75,"Glucose, 2h",Standard,"Capillary, plasma",Enzymatic,17,20,food,33,,
468,Wheat flakes,BREAKFAST CEREALS,Wheat biscuits (flaked wheat) with additional ingredients,Australia,2019,73,7,15,Normal,10,50,85.6,"Glucose, 2h",Standard,"Capillary, plasma",Enzymatic,UO5,20,food,33,,
469,"All-Bran Fruit 'n Oats™ (Kellogg's, Australia)",BREAKFAST CEREALS,Other breakfast cereals,Australia,1997,41,9,8,"Normal, 10-",12,50,,"Bread, 2h",Standard,"Capillary, plasma",Enzymatic,25,20,food,33,,
470,"All-Bran Soy 'n Fiber™ (Kellogg's, Australia)",BREAKFAST CEREALS,Other breakfast cereals,Australia,1999,33,3,7,Normal,10,50,88.0,"Bread, 2h",Standard,"Capillary, plasma",Enzymatic,UO5,20,food,33,,
471,"All-Bran Wheat Flakes™ (Kellogg's, Australia)",BREAKFAST CEREALS,Other breakfast cereals,Australia,2007,60,8,12,Normal,9,50,72.6,"Glucose, 2h",Standard,"Capillary, plasma",Enzymatic,UO5,20,food,33,,
472,"Bran cereal, high fiber",BREAKFAST CEREALS,Other breakfast cereals,UK,2005,43,10,9,Normal,10,50,129.9,"Glucose, 2h",Standard,"Capillary, whole blood",Glucometer 9,26,20,food,33,,
473,"Coco Pops™ (Kellogg's, Australia)",BREAKFAST CEREALS,Other breakfast cereals,Australia,2000,77,3,15,Normal,10,50,57.1,"Glucose, 2h",Standard,"Capillary, plasma",Enzymatic,UO5,20,food,33,,
474,"Corn Pops™ (Kellogg's, Australia)",BREAKFAST CEREALS,Other breakfast cereals,Australia,2000,80,4,16,Normal,10,50,55.6,"Glucose, 2h",Standard,"Capillary, plasma",Enzymatic,UO5,20,food,33,,
475,"Crunchola Apple & Cinnamon Oat & Fruit (Norganic Foods Pty Ltd, Australia)",BREAKFAST CEREALS,Other breakfast cereals,production Australia,2008,70,6,14,number) Normal,10,,,"period Glucose, 2h",Standard,"Capillary, plasma",method 4 Enzymatic,UO5,20,food,34,,
476,"Energy Mix™, wheat-based flaked cereal (Quaker, France)",BREAKFAST CEREALS,Other breakfast cereals,France,2002,80,7,16,"Normal, 11-",14,50,58,"Glucose, 2h",Standard,"Capillary, plasma",Enzymatic,53,20,food,34,,
477,"Fibre First Multi-Bran Cereal, President's Choice® Blue Menu™ (Loblaw Brands Limited, Canada)",BREAKFAST CEREALS,Other breakfast cereals,Canada,2004-2007,56,10,11,Normal,10,50,150.2,"Bread, 2h",Standard,"Capillary, whole blood",YSI,UO7,20,food,34,,
478,"Froot Loops™ (Kellogg's, Australia)",BREAKFAST CEREALS,Other breakfast cereals,Australia,1999,69,9,14,Normal,10,50,58.6,"Bread, 2h",Standard,"Capillary, plasma",Enzymatic,UO5,20,food,34,,
479,"Frosties™, sugar-coated cornflakes (Kellogg's, Australia)",BREAKFAST CEREALS,Other breakfast cereals,Australia,1997,55,7,11,Normal,12,50,57.8,"Bread, 2h",Standard,"Capillary, plasma",Enzymatic,UO5,20,food,34,,
480,"Fruity-Bix™, berry (Sanitarium, New Zealand)",BREAKFAST CEREALS,Other breakfast cereals,New Zealand,2000,113,10,23,Normal,10,50,,"Glucose, 2h",Standard,"Venous, plasma",Enzymatic,27,20,food,34,,
481,"Golden Wheats™ (Kellogg's, Australia)",BREAKFAST CEREALS,Other breakfast cereals,Australia,1997,71,8,14,Normal,10,50,65.2,"Bread, 2h",Standard,"Capillary, plasma",Enzymatic,UO5,20,food,34,,
482,"Goodness Superfoods Fibre Boost Sprinkles (Popina Pty Ltd, Australia)",BREAKFAST CEREALS,Other breakfast cereals,Australia,2009,34,4,7,Normal,10,25,40.0,"Glucose, 2h",Standard,"Capillary, plasma",Enzymatic,UO5,20,food,34,,
483,"Grapenuts™ (Kraft Foods Inc, Port Chester, USA)",BREAKFAST CEREALS,Other breakfast cereals,USA,1997,75,6,15,Normal,10,50,72.5,"Bread, 2h",Standard,"Capillary, plasma",Enzymatic,UO5,20,food,34,,
484,"Guardian™ (Kellogg's, Australia)",BREAKFAST CEREALS,Other breakfast cereals,Australia,1997,37,9,7,"Normal, 10-",12,50,,"Bread, 2h",Standard,"Capillary, plasma",Enzymatic,25,20,food,34,,
485,"Guardian™ (Kellogg's, Australia)",BREAKFAST CEREALS,Other breakfast cereals,Australia,2019,43,4,9,Normal,11,50,38.3,"Glucose, 2h",Standard,"Capillary, plasma",Enzymatic,UO5,20,food,34,,
486,"Healthwise™ for bowel health (Uncle Toby's, Wahgunyah, Australia)",BREAKFAST CEREALS,Other breakfast cereals,Australia,2006,66,9,13,Normal,10,50,72.7,"Glucose, 2h",Standard,"Capillary, whole blood",HemoCue,UO5,20,food,34,,
487,High-fiber cereal,BREAKFAST CEREALS,Other breakfast cereals,UK,2006,52,6,10,Normal,10,50,87.1,"Glucose, 2h",Standard,"Capillary, whole blood",Glucometer 9,30,20,food,34,,
488,"Hi-Lite™, containing 55% rolled barley grains (Freedom Foods, Cheltenham, Australia)",BREAKFAST CEREALS,Other breakfast cereals,Australia,2006-2007,54,5,11,Normal,9,50,82.1,"Glucose, 2h",Standard,"Capillary, whole blood",HemoCue,UO10,20,food,34,,
489,"Honey Rice Bubbles™ (Kellogg's, Australia)",BREAKFAST CEREALS,Other breakfast cereals,Australia,2000,77,4,15,Normal,10,50,56.4,"Glucose, 2h",Standard,"Capillary, plasma",Enzymatic,UO5,20,food,34,,
490,"Honey Smacks™ (Kellogg's, Australia)",BREAKFAST CEREALS,Other breakfast cereals,Australia,1997,71,10,14,"Normal, 10-",12,50,,"Bread, 2h",Standard,"Capillary, plasma",Enzymatic,25,20,food,34,,
491,"Hot cereal, Sustagrain, apple & cinnamon (Con Agra Inc, USA)",BREAKFAST CEREALS,Other breakfast cereals,USA,1999,37,6,7,Normal,10,50,96.3,"Bread, 2h",Standard,"Capillary, plasma",Enzymatic,UO5,20,food,34,,
492,"Hot cereal, Sustagrain, unflavored (Con Agra Inc., USA)",BREAKFAST CEREALS,Other breakfast cereals,USA,1999,25,5,5,Normal,10,50,135.5,"Bread, 2h",Standard,"Capillary, plasma",Enzymatic,UO5,20,food,34,,
493,"Just Right™ (Kellogg's, Australia)",BREAKFAST CEREALS,Other breakfast cereals,production Australia,1997,60,15,12,"number) Normal, 10-",12,,,"period Bread, 2h",Standard,"Capillary, plasma",method 4 Enzymatic,25,20,food,35,,
494,"Just Right Just Grains™ (Kellogg's, Australia)",BREAKFAST CEREALS,Other breakfast cereals,Australia,1999,62,11,12,Normal,10,50,64.3,"Bread, 2h",Standard,"Capillary, plasma",Enzymatic,UO5,20,food,35,,
495,"Komplete™ (Kellogg's, Australia)",BREAKFAST CEREALS,Other breakfast cereals,Australia,1997,48,5,10,Normal,10,50,,"Bread, 2h",Standard,"Capillary, plasma",Enzymatic,UO5,20,food,35,,
496,"Milo® Protein Clusters Cereal (Nestlé, Australia)",BREAKFAST CEREALS,Other breakfast cereals,Australia,2015,47,4,9,Normal,10,50,80.9,"Glucose, 2h",Standard,"Capillary, plasma",Enzymatic,UO5,20,food,35,,
497,"Mini Wheats™, blackcurrant (Kellogg's, Australia)",BREAKFAST CEREALS,Other breakfast cereals,Australia,1997,72,10,14,"Normal, 10-",12,50,,"Bread, 2h",Standard,"Capillary, plasma",Enzymatic,25,20,food,35,,
498,"Oat 'n Honey Bake™ (Kellogg's, Australia)",BREAKFAST CEREALS,Other breakfast cereals,Australia,1999,77,11,15,Normal,10,50,,"Bread, 2h",Standard,"Capillary, whole blood",HemoCue,UO5,20,food,35,baked,name
499,"Oats, rolled, uncooked (Lowan's Whole Foods, Box Hill, Australia)",BREAKFAST CEREALS,Other breakfast cereals,Australia,2003,59,4,12,Normal,10,50,80.9,"Glucose, 2h",Standard,"Capillary, whole blood",HemoCue,UO5,20,food,35,raw,name
500,"Raisin Bran™ (Kellogg's, USA)",BREAKFAST CEREALS,Other breakfast cereals,USA,2000,61,5,12,Normal,10,50,,"Bread, 2h",Standard,"Capillary, whole blood",HemoCue,UO5,20,food,35,,
501,"Soy Tasty™ (flaked grains, soy nuts, dried fruit) (Sanitarium, Australia)",BREAKFAST CEREALS,Other breakfast cereals,Australia,2001,60,5,12,Normal,10,50,77.6,"Glucose, 2h",Standard,"Capillary, whole blood",HemoCue,UO5,20,food,35,,
502,"Sultana Bran™ (Kellogg's, Australia)",BREAKFAST CEREALS,Other breakfast cereals,Australia,2007,64,3,13,Normal,9,50,78.6,"Glucose, 2h",Standard,"Capillary, plasma",Enzymatic,UO5,20,food,35,,
503,"Ultra-bran™, Vogel's, soy and linseed extruded wheat bran cereal, 30.2 g fiber / 100 g (Specialty Cereals, Australia)",BREAKFAST CEREALS,Other breakfast cereals,Australia,2001,41,4,8,Normal,10,50,104.6,"Glucose, 2h",Standard,"Capillary, whole blood",HemoCue,UO5,20,food,35,extruded,name
504,Wheat flakes,BREAKFAST CEREALS,Other breakfast cereals,Australia,2019,73,7,15,Normal,10,50,85.6,"Glucose, 2h",Standard,"Capillary, plasma",Enzymatic,UO5,20,food,35,,
505,Whole-grain protein cereal,BREAKFAST CEREALS,Other breakfast cereals,USA,2018*,49,3,10,Normal,19,50,99,"Glucose, 2h",Standard,"Capillary, whole blood",HemoCue,57,20,food,35,,
506,"Apricot Breakfast Bar, chewy (Norganic Foods Pty Ltd, Australia)",BREAKFAST CEREALS,Breakfast cereal bars,Australia,2008,85,10,17,Normal,10,50,74.7,"Glucose, 2h",Standard,"Capillary, plasma",Enzymatic,UO5,20,food,35,,
507,"Cereal bar, cranberry flavor",BREAKFAST CEREALS,Breakfast cereal bars,UK,2006,42,5,8,Normal,10,50,103.1,"Glucose, 2h",Standard,"Capillary, whole blood",Glucometer 9,30,20,food,35,,
508,"Cereal bar, hazelnut flavor",BREAKFAST CEREALS,Breakfast cereal bars,UK,2006,33,6,7,Normal,10,50,103.7,"Glucose, 2h",Standard,"Capillary, whole blood",Glucometer 9,30,20,food,35,,
509,"Cereal bar, orange flavor",BREAKFAST CEREALS,Breakfast cereal bars,production UK,2006,33,3,7,number) Normal,10,,,"period Glucose, 2h",Standard,"Capillary, whole blood",method 4 Glucometer 9,30,20,food,36,,
510,"Crunchy Nut Cornflakes™ bar (Kellogg's, Australia)",BREAKFAST CEREALS,Breakfast cereal bars,Australia,1999,72,6,14,Normal,10,50,58.3,"Bread, 2h",Standard,"Capillary, plasma",Enzymatic,UO5,20,food,36,,
511,"Fruity-Bix™ bar, wheat biscuit cereal with dried fruit and nuts with yoghurt coating (Sanitarium, Australia)",BREAKFAST CEREALS,Breakfast cereal bars,Australia,2001,56,4,11,Normal,10,50,79.0,"Glucose, 2h",Standard,"Capillary, plasma",Enzymatic,UO5,20,food,36,,
512,"Fruity-Bix™ bar, wild berry, wheat biscuit cereal and dried fruit covered with yoghurt coating (Sanitarium, Australia)",BREAKFAST CEREALS,Breakfast cereal bars,Australia,2001,51,4,10,Normal,10,50,82.4,"Glucose, 2h",Standard,"Capillary, plasma",Enzymatic,UO5,20,food,36,,
513,"Hi-Lite™ breakfast bar (Freedom Foods, Australia)",BREAKFAST CEREALS,Breakfast cereal bars,Australia,2007,53,3,11,Normal,10,50,71.6,"Glucose, 2h",Standard,"Capillary, whole blood",HemoCue,UO10,20,food,36,,
514,"K-Time Just Right™ bar (Kellogg's, Australia)",BREAKFAST CEREALS,Breakfast cereal bars,Australia,2000,72,4,14,Normal,10,50,64.3,"Glucose, 2h",Standard,"Capillary, plasma",Enzymatic,UO5,20,food,36,,
515,"K-Time Strawberry Crunch™ bar (Kellogg's, Australia)",BREAKFAST CEREALS,Breakfast cereal bars,Australia,2000,77,5,15,Normal,10,50,61.7,"Glucose, 2h",Standard,"Capillary, plasma",Enzymatic,UO5,20,food,36,,
516,"Muesli breakfast bar, gluten-free (Freedom Foods, Australia)",BREAKFAST CEREALS,Breakfast cereal bars,Australia,2007,50,6,10,Normal,9,50,87.9,"Glucose, 2h",Standard,"Capillary, whole blood",HemoCue,UO10,20,food,36,,
517,"Rice Bubble Treat™ bar (Kellogg's, Australia)",BREAKFAST CEREALS,Breakfast cereal bars,Australia,1999,63,11,13,Normal,10,50,63.2,"Bread, 2h",Standard,"Capillary, plasma",Enzymatic,UO5,20,food,36,,
518,"Sustain™ bar (Kellogg's, Australia)",BREAKFAST CEREALS,Breakfast cereal bars,Australia,1999,57,10,11,Normal,10,50,60.8,"Bread, 2h",Standard,"Capillary, plasma",Enzymatic,UO5,20,food,36,,
519,"Uncle Toby’s® Milk and Oats, Chocolate cereal bar",BREAKFAST CEREALS,Breakfast cereal bars,Australia,2019,48,3,10,Normal,10,50,93.8,"Glucose, 2h",Standard,"Capillary, plasma",Enzymatic,UO5,20,food,36,,
520,"Uncle Toby’s® Milk and Oats, Strawberry cereal bar",BREAKFAST CEREALS,Breakfast cereal bars,Australia,2018,50,4,10,Normal,10,50,94.2,"Glucose, 2h",Standard,"Capillary, plasma",Enzymatic,UO5,20,food,36,,
521,"Uncle Toby’s® Milk and Oats, Vanilla cereal bar",BREAKFAST CEREALS,Breakfast cereal bars,Australia,2019,46,4,9,Normal,9,50,93.6,"Glucose, 2h",Standard,"Capillary, plasma",Enzymatic,UO5,20,food,36,,
,"Breakfast cereal bars, mean of 16 foods",BREAKFAST CEREALS,Breakfast cereal bars,,,56,,,,,,,,,,,,20,mean,36,,
522,"Uncle Toby’s® Breakfast Bakes, Apple and Cinnamon",BREAKFAST CEREALS,Breakfast cereal cookies,Australia,2019,45,5,9,Normal,9,50,95.8,"Glucose, 2h",Standard,"Capillary, plasma",Enzymatic,UO5,20,food,36,,
523,"Uncle Toby’s® Breakfast Bakes, Classic Peanut Butter",BREAKFAST CEREALS,Breakfast cereal cookies,Australia,2019,47,5,9,Normal,10,50,102.7,"Glucose, 2h",Standard,"Capillary, plasma",Enzymatic,UO5,20,food,36,,
524,"Uncle Toby’s® Breakfast Bakes, Honey Almond",BREAKFAST CEREALS,Breakfast cereal cookies,Australia,2019,50,4,10,Normal,9,50,101.2,"Glucose, 2h",Standard,"Capillary, plasma",Enzymatic,UO5,20,food,36,,
525,"Uncle Toby’s® Breakfast Bakes, Vanilla & Roasted Cashew",BREAKFAST CEREALS,Breakfast cereal cookies,production Australia,2019,44,3,9,number) Normal,9,,,"period Glucose, 2h",Standard,"Capillary, plasma",method 4 Enzymatic,UO5,20,food,37,roasted,name
,"Breakfast cereal cookies, mean of four foods",BREAKFAST CEREALS,Breakfast cereal cookies,,,47,,,,,,,,,,,,20,mean,37,,
526,Adlay (Coix lachryma-jobi L),CEREAL GRAINS,Adlay/Chinese pearl barley (Coix lachryma-Jobi),Taiwan,2010*,39,0.3,18,Normal,10,50,64,"Bread, 2h",Standard,"Capillary, whole blood",Enzymatic,60,45,food,37,,
527,"Adlay, Chinese pearl barley (Coix lachryma-Jobi L.), boiled in water for 28 min",CEREAL GRAINS,Adlay/Chinese pearl barley (Coix lachryma-Jobi),Australia,2005,78,6,35,Normal,10,50,81.7,"Glucose, 2h",Standard,"Capillary, plasma",Enzymatic,UO5,45,food,37,boiled,name
528,"Barley, Celebrity cultivar (six-rowed, hulled, normal barley; high amylose, medium ß-glucan), whole grain (only the husk was removed), boiled for 25 min",CEREAL GRAINS,Barley,Canada,2012*,21,4,9,Normal,10,50,92.2,"Bread, 2h",Standard,"Capillary, whole blood",YSI,61,45,food,37,boiled,name
529,"Barley, Celebrity cultivar (six-rowed, hulled, normal barley; high amylose, medium ß-glucan), pot pearled (all of the bran and most of the germ removed), boiled for 30 min",CEREAL GRAINS,Barley,Canada,2012*,22,3,10,Normal,10,50,83.7,"Bread, 2h",Standard,"Capillary, whole blood",YSI,61,45,food,37,boiled,name
530,"Barley, CDC Fibar cultivar (two-rowed, hull-less, waxy barley; low amylose, high ß-glucan) whole grain (only the husk was removed), boiled for 25 min",CEREAL GRAINS,Barley,Canada,2012*,22,4,10,Normal,10,50,102.2,"Bread, 2h",Standard,"Capillary, whole blood",YSI,61,45,food,37,boiled,name
531,"Barley, GB cultivar (two-rowed, hulled, normal barley), whole grain (only the husk was removed), boiled for 25 min",CEREAL GRAINS,Barley,Canada,2012*,24,5,11,Normal,10,50,89.5,"Bread, 2h",Standard,"Capillary, whole blood",YSI,61,45,food,37,boiled,name
532,"Barley, pot, boiled in salted water 20 min (Goudas Food Products, Concord, Canada)",CEREAL GRAINS,Barley,Canada,1999,25,2,11,Normal,10,50,79.6,"Glucose, 2h",Standard,"Capillary, plasma",Enzymatic,UO5,45,food,37,boiled,name
533,"Barley, Celebrity cultivar (six-rowed, hulled, normal barley; high amylose, medium ß-glucan), commercial pearled (some bran and germ were also removed), boiled for 25 min",CEREAL GRAINS,Barley,Canada,2012*,25,3,11,Normal,10,50,91.6,"Bread, 2h",Standard,"Capillary, whole blood",YSI,61,45,food,37,boiled,name
534,"Barley, Celebrity cultivar (six-rowed, hulled, normal barley; high amylose, medium ß-glucan) whole grain (only the husk was removed), boiled for 25 min",CEREAL GRAINS,Barley,Canada,2012*,25,4,11,Normal,10,50,92.2,"Bread, 2h",Standard,"Capillary, whole blood",YSI,61,45,food,37,boiled,name
535,"Barley, Rattan cultivar (two-rowed, hull-less, waxy barley), whole grain (only the husk was removed), boiled for 25 min",CEREAL GRAINS,Barley,Canada,2012*,26,6,12,Normal,10,50,95.3,"Bread, 2h",Standard,"Capillary, whole blood",YSI,61,45,food,37,boiled,name
536,"Barley, Kawathra cultivar (six-rowed, hulled, normal barley), whole grain (only the husk was removed), boiled for 25 min",CEREAL GRAINS,Barley,Canada,2012*,28,4,13,Normal,10,50,85.1,"Bread, 2h",Standard,"Capillary, whole blood",YSI,61,45,food,37,boiled,name
537,"Barley, Chief cultivar (two-rowed, hulled, normal barley), whole grain (only the husk was removed), boiled for 25 min",CEREAL GRAINS,Barley,production Canada,2012*,29,4,13,number) Normal,10,,,"period Bread, 2h",Standard,"Capillary, whole blood",method 4 YSI,61,45,food,38,boiled,name
538,"Barley, AC Alberta cultivar (two-rowed, hull-less, normal barley), whole grain (only the husk was removed), boiled for 25 min",CEREAL GRAINS,Barley,Canada,2012*,29,7,13,Normal,10,50,91.2,"Bread, 2h",Standard,"Capillary, whole blood",YSI,61,45,food,38,boiled,name
539,"Barley, CDC Fibar cultivar (two-rowed, hull-less, waxy barley; low amylose, high ß-glucan) white pearled (all of the bran and most of the germ and crease removed), boiled for 30 min",CEREAL GRAINS,Barley,Canada,2012*,30,3,14,Normal,10,50,86.9,"Bread, 2h",Standard,"Capillary, whole blood",YSI,61,45,food,38,boiled,name
540,"Barley, AC Parkhill cultivar (two-rowed, hulled, normal barley; high amylose, low ß-glucan) whole grain (only the husk was removed), boiled for 25 min",CEREAL GRAINS,Barley,Canada,2012*,30,5,14,Normal,10,50,87.6,"Bread, 2h",Standard,"Capillary, whole blood",YSI,61,45,food,38,boiled,name
541,"Barley, Celebrity cultivar (six-rowed, hulled, normal barley; high amylose, medium ß-glucan), white pearled (all of the bran and most of the germ and crease removed), boiled for 30 min",CEREAL GRAINS,Barley,Canada,2012*,32,6,14,Normal,10,50,80.2,"Bread, 2h",Standard,"Capillary, whole blood",YSI,61,45,food,38,boiled,name
542,"Barley, Celebrity cultivar (six-rowed, hulled, normal barley; high amylose, medium ß-glucan) white pearled (all of the bran and most of the germ and crease removed), boiled for 30 min",CEREAL GRAINS,Barley,Canada,2012*,33,3,15,Normal,10,50,80.2,"Bread, 2h",Standard,"Capillary, whole blood",YSI,61,45,food,38,boiled,name
543,"Barley, pot, boiled (Goudas Food Products, Canada)",CEREAL GRAINS,Barley,Canada,2001,35,4,16,Normal,47,50,,"Glucose, 2h",Standard,"Capillary, NS",YSI or Enzymatic,42,45,food,38,boiled,name
544,"Barley, pot, boiled (Goudas Food Products, Canada)",CEREAL GRAINS,Barley,Canada,2001,33,8,15,Normal,21,50,,"Glucose, 2h",Standard,"Venous, NS",Enzymatic,42,45,food,38,boiled,name
545,"Barley, AC Klinck cultivar (six-rowed, hulled, normal barley), whole grain (only the husk was removed), boiled for 25 min",CEREAL GRAINS,Barley,Canada,2012*,36,8,16,Normal,10,50,85.8,"Bread, 2h",Standard,"Capillary, whole blood",YSI,61,45,food,38,boiled,name
546,"Barley, AC Parkhill cultivar (two-rowed, hulled, normal barley; high amylose, low ß-glucan) white pearled (all of the bran and most of the germ and crease removed), boiled for 30 min",CEREAL GRAINS,Barley,Canada,2012*,41,5,18,Normal,10,50,76.1,"Bread, 2h",Standard,"Capillary, whole blood",YSI,61,45,food,38,boiled,name
547,"Barley, pearled (Orzo, Barilla, Italy)",CEREAL GRAINS,Barley,Italy,2009,58,8,26,Normal,9,50,76,"Glucose, 2h",Standard,"Capillary, whole blood",YSI,3,45,food,38,,
,"Barley, mean of 20 foods",CEREAL GRAINS,Barley,,,30,,,,,,,,,,,,45,mean,38,,
548,"Barley tempe (prepared by Lantmännen R&D from whole barley grains (c.v. Karmosé) with high ß-glucan (6%) and high amylose content (~ 40%) from Svalöf Weibull AB, Sweden)",CEREAL GRAINS,Barley,Sweden,2007,30,5,14,Normal,13,25,95,"Glucose, 2h",Standard,"Capillary, whole blood",HemoCue,62,45,food,38,,
549,"Highland Barley Mixed Flour (20% Highland Barley flour, 80% wheat flour) (Xinwang (Tibet XinWang Biology & Technology, China)",CEREAL GRAINS,Barley,China,2019,63,5,28,Normal,12,,71.4,"Glucose, 2h",Standard,"Capillary, plasma",Enzymatic,UO18,45,food,39,,
550,"Porridge made from pearl barley (15.6 g fiber/100 g) (Waitrose Limited, Bracknell, UK)",CEREAL GRAINS,Barley,UK,2012*,44,7,20,Normal,10,25,,"Glucose, 2h",Standard,"Capillary, whole blood",HemoCue,63,45,food,39,,
551,"Porridge made from pearl barley (15.6 g fiber/100 g) (Waitrose Limited, Bracknell, UK)",CEREAL GRAINS,Barley,UK,2012*,39,10,18,Normal,10,50,,"Glucose, 2h",Standard,"Capillary, whole blood",HemoCue,63,45,food,39,,
552,"Porridge made from organic barley grain (9.6 g fiber/100 g) (Suma Whole Foods, UK)",CEREAL GRAINS,Barley,UK,2012*,50,5,23,Normal,10,25,,"Glucose, 2h",Standard,"Capillary, whole blood",HemoCue,63,45,food,39,,
553,"Porridge made from organic barley grain (9.6 g fiber/100 g) (Suma Whole Foods, UK)",CEREAL GRAINS,Barley,UK,2012*,43,8,19,Normal,10,50,,"Glucose, 2h",Standard,"Capillary, whole blood",HemoCue,63,45,food,39,,
,"Porridge made from barley, mean of four studies",CEREAL GRAINS,Barley,,,44,,,,,,,,,,,,45,mean,39,,
554,Corn granules,CEREAL GRAINS,Corn/Maize,China,2005,52,3,23,Normal,10,50,,"Glucose, 2h",Standard,"Venous, NS",NS,12,45,food,39,,
555,Cornmeal porridge,CEREAL GRAINS,Corn/Maize,China,2005,68,3,31,Normal,10,50,,"Glucose, 2h",Standard,"Venous, NS",NS,12,45,food,39,,
556,"100% waxy corn starch (Amioca™ powder, Ingredion), prepared as a gel with 224.2 mL water, heated in microwave for 90 sec",CEREAL GRAINS,Corn/Maize,Australia,2016,92,6,41,Normal,10,25,28.7,"Glucose, 2h",Standard,"Capillary, plasma",Enzymatic,UO5,45,food,39,microwaved,name
557,"100% waxy corn starch (Ultra-Sperse™powder, Ingredion), prepared as a gel with 224.2 mL water, heated in microwave for 90 sec",CEREAL GRAINS,Corn/Maize,Australia,2016,101,7,45,Normal,10,25,28.7,"Glucose, 2h",Standard,"Capillary, plasma",Enzymatic,UO5,45,food,39,microwaved,name
558,"Sweet corn, cooked in microwave for 1.5 min",CEREAL GRAINS,Sweet corn,Australia,2015,51,4,23,Normal,10,25,185.2,"Glucose, 2h",Standard,"Capillary, plasma",Enzymatic,UO5,45,food,39,microwaved,name
559,"Sweet corn, cooked",CEREAL GRAINS,Sweet corn,China,2005,55,2,25,Normal,10,50,,"Glucose, 2h",Standard,"Venous, NS",NS,12,45,food,39,boiled,name
560,"Couscous, rehydrated with hot water (San Remo, Australia)",CEREAL GRAINS,Couscous,Australia,2006,65,7,29,Normal,9,50,70.4,"Glucose, 2h",Standard,"Capillary, plasma",Enzymatic,UO5,45,food,39,,
561,"Pearl couscous (Israeli couscous) (Blu™ Gourmet brand, Benedikts Imports, Australia), rehydrated with hot water",CEREAL GRAINS,Couscous,Australia,2008,52,5,23,Normal,9,50,63.6,"Glucose, 2h",Standard,"Capillary, plasma",Enzymatic,UO5,45,food,39,,
562,"Pearl couscous (Israeli couscous), whole wheat (Blu™ brand, Benedikts Imports, Australia), rehydrated with hot water",CEREAL GRAINS,Couscous,Australia,2013,53,4,24,Normal,9,50,80.6,"Glucose, 2h",Standard,"Capillary, plasma",Enzymatic,UO5,45,food,39,,
563,"Foxta il millet, cooked (millet:water ratio 1:1.5)",CEREAL GRAINS,Millet,China,2016*,64,9,29,Normal,10,50,169,"Glucose, 2h",Standard,"Venous, plasma/serum",Enzymatic,11,45,food,40,boiled,name
564,"Unpolished little millet, plain cooked (Earth 360, Kadiri, Andhra Pradesh, India)",CEREAL GRAINS,Millet,India,2017-18,89,6,40,Normal,15,50,182.5,"Glucose, 2h",Standard,"Capillary, whole blood",HemoCue,64,45,food,40,boiled,name
565,"Unpolished foxtail millet, plain cooked (Earth 360, Kadiri, Andhra Pradesh, India)",CEREAL GRAINS,Millet,India,2017-18,89,9,40,Normal,15,50,170.1,"Glucose, 2h",Standard,"Capillary, whole blood",HemoCue,64,45,food,40,boiled,name
566,Foxtail millet porridge (millet:water ratio 1:9),CEREAL GRAINS,Millet,China,2016*,94,11,42,Normal,10,50,550,"Glucose, 2h",Standard,"Venous, plasma/serum",Enzymatic,11,45,food,40,,
567,"Oat tempe (prepared by Lantmännen R&D from whole oat grains (c.v. Betania) with high ß-glucan content (6%) from Svalöf Weibull AB, Sweden)",CEREAL GRAINS,Oat,Sweden,2007,63,6,28,Normal,13,25,111,"Glucose, 2h",Standard,"Capillary, whole blood",HemoCue,62,45,food,40,,
568,"Quinoa, white, cooked in boiling water for 15 min (Nutritious Foods, Australia)",CEREAL GRAINS,Quinoa,Australia,2017,50,6,23,Normal,10,50,74.4,"Glucose, 2h",Standard,"Capillary, plasma",Enzymatic,UO5,45,food,40,boiled,name
569,"Quinoa, retort product, Coles Simply Gluten Free Quinoa Cups, microwaved for 70 sec (Coles Supermarkets, Australia)",CEREAL GRAINS,Quinoa,Australia,2013,53,3,24,Normal,10,50,136.6,"Glucose, 2h",Standard,"Capillary, plasma",Enzymatic,UO5,45,food,40,microwaved,name
570,"Quinoa, cooked, refrigerated, reheated in microwave for 1.5 min (Nature First Organic, Australia)",CEREAL GRAINS,Quinoa,Australia,2003,53,5,24,Normal,10,50,73.5,"Glucose, 2h",Standard,"Capillary, whole blood",HemoCue,UO5,45,food,40,microwaved,name
571,"Quinoa, red, cooked in boiling water for 15 min (Nutritious Foods, Australia)",CEREAL GRAINS,Quinoa,Australia,2017,54,4,24,Normal,10,50,74.4,"Glucose, 2h",Standard,"Capillary, plasma",Enzymatic,UO5,45,food,40,boiled,name
,"Quinoa, mean of four foods",CEREAL GRAINS,Quinoa,,,53,,,,,,,,,,,,45,mean,40,,
572,"Quinoa, retort product, Coles Simply Gluten Free Mexican Style Quinoa and Brown Rice Cups, microwaved for 70 sec (Coles Supermarkets, Australia)",CEREAL GRAINS,Quinoa,Australia,2013,49,3,22,Normal,10,50,167.8,"Glucose, 2h",Standard,"Capillary, plasma",Enzymatic,UO5,45,food,40,microwaved,name
573,"Rice flour, 10% resistant starch, prepared with boiled water (Youtang Shanghai Academy of Agricultural Sciences, China)",CEREAL GRAINS,Rice,China,2020,56,4,25,Normal,12,25,32.5,"Glucose, 2h",Standard,"Capillary, plasma",Enzymatic,UO18,45,food,40,,
574,"Basmati, white, polished, cooked 10 min",CEREAL GRAINS,"Basmati, white rice, boiled",UK,2009*,50,6,23,Normal,10,50,64.8,"Glucose, 2h",Standard,"Capillary, whole blood",HemoCue,65,45,food,40,boiled,name
575,"Basmati rice (Dreamrice, Singapore)",CEREAL GRAINS,"Basmati, white rice, boiled",Singapore,2015*,56,3,25,"Normal, Chinese",25,50,66.5,"Glucose, 2h",Standard,"Capillary, whole blood",HemoCue,66,45,food,40,boiled,subgroup
576,"Basmati rice (SunRice; Ricegrowers Ltd.; Leeton, NSW, Australia)",CEREAL GRAINS,"Basmati, white rice, boiled",Australia,2013*,57,4,26,Normal European,31,,,"Glucose, 2h",Standard,"Capillary, whole blood",HemoCue,67,45,food,41,boiled,subgroup
577,"Basmati, white, boiled (Mahatma brand, Australia)",CEREAL GRAINS,"Basmati, white rice, boiled",Australia,1995,58,8,26,Normal,9,50,63.0,"Bread, 2h",Standard,"Capillary, plasma",Enzymatic,UO5,45,food,41,boiled,name
578,"Basmati, white, boiled (SunRice brand, Rice Growers Co-Op., Australia)",CEREAL GRAINS,"Basmati, white rice, boiled",Pakistan,2003,59,6,27,Normal,10,50,63.3,"Glucose, 2h",Standard,"Capillary, plasma",Enzymatic,UO5,45,food,41,boiled,name
579,"Basmati rice (Dreamrice, Singapore)",CEREAL GRAINS,"Basmati, white rice, boiled",Singapore,2015*,60,4,27,"Normal, Asian- Indian",25,50,66.5,"Glucose, 2h",Standard,"Capillary, whole blood",HemoCue,66,45,food,41,boiled,subgroup
580,"Basmati rice (Dreamrice, Singapore)",CEREAL GRAINS,"Basmati, white rice, boiled",Singapore,2015*,63,3,28,"Normal, Malay",25,50,66.5,"Glucose, 2h",Standard,"Capillary, whole blood",HemoCue,66,45,food,41,boiled,subgroup
581,"Basmati, white, boiled (SunRice brand, Rice Growers Co-Op., Australia)",CEREAL GRAINS,"Basmati, white rice, boiled",Pakistan,2005,65,7,29,Normal,10,50,69.0,"Glucose, 2h",Standard,"Capillary, plasma",Enzymatic,UO5,45,food,41,boiled,name
582,"Basmati rice (Laila Basmati Rice, Surya Foods, Harwich, UK)",CEREAL GRAINS,"Basmati, white rice, boiled",UK,2015*,66,7,30,Normal,10,50,,"Glucose, 2h",Standard,"Capillary, whole blood",HemoCue,68,45,food,41,boiled,subgroup
583,"Basmati rice (SunRice; Ricegrowers Ltd.; Leeton, NSW)",CEREAL GRAINS,"Basmati, white rice, boiled",Australia,2013*,67,5,30,Normal Chinese,32,50,,"Glucose, 2h",Standard,"Capillary, whole blood",HemoCue,67,45,food,41,boiled,subgroup
,"Basmati rice, white, mean of 10 studies",CEREAL GRAINS,"Basmati, white rice, boiled",,,60,,,,,,,,,,,,45,mean,41,boiled,subgroup
584,"Basmati, parboiled long grain rice, Maharani brand (Chaman Lal Setia Exports Ltd, India)",CEREAL GRAINS,"Basmati, white rice, boiled",India,2012,52,6,23,Normal,9,50,63.9,"Glucose, 2h",Standard,"Capillary, plasma",Enzymatic,UO5,45,food,41,parboiled,name
585,"Basmati, brown (unpolished milled basmati rice), cooked for 25 min",CEREAL GRAINS,"Basmati, white rice, boiled",UK,2009*,75,8,34,Normal,10,50,71.9,"Glucose, 2h",Standard,"Capillary, whole blood",HemoCue,65,45,food,41,boiled,name
586,"Basmati, white and brown (mixture of 60% white and 40% brown basmati rice), cooked for 25 min",CEREAL GRAINS,"Basmati, white rice, boiled",UK,2009*,59,9,27,Normal,10,50,67,"Glucose, 2h",Standard,"Capillary, whole blood",HemoCue,65,45,food,41,boiled,name
587,"Basmati with wild rice (mixture of 83% easy-cook basmati and 17% North American wild rice (Zizania palustris L. ), cooked 20 min",CEREAL GRAINS,"Basmati, white rice, boiled",UK,2009*,63,8,28,Normal,10,50,65,"Glucose, 2h",Standard,"Capillary, whole blood",HemoCue,65,45,food,41,boiled,name
588,"Precooked basmati rice in pouch, white, reheated in microwave, Uncle Ben's Express® (Masterfoods, UK)",CEREAL GRAINS,"Basmati, white rice, quick cooking",UK,2001,57,4,26,Normal,10,50,151.5,"Glucose, 2h",Standard,"Capillary, plasma",Enzymatic,UO5,45,food,41,instant,name
589,"Quick cooking white basmati, cooked 10 min, Uncle Ben's® Superior (Masterfoods, Belgium)",CEREAL GRAINS,"Basmati, white rice, quick cooking",Belgium,2000,60,5,27,Normal,10,50,67.5,"Glucose, 2h",Standard,"Capillary, plasma",Enzymatic,UO5,45,food,41,boiled,name
590,"Basmati, white, express rice, microwaved for 2 min (Uncle Ben’s®, Masterfoods, Australia)",CEREAL GRAINS,"Basmati, white rice, quick cooking",Australia,2011,63,6,28,Normal,9,50,166.7,"Glucose, 2h",Standard,"Capillary, plasma",Enzymatic,UO5,45,food,41,microwaved,name
591,"Basmati, easy-cook (heat-treated white, polished basmati rice), cooked 15 min",CEREAL GRAINS,"Basmati, white rice, quick cooking",production UK,2009*,80,8,36,number) Normal,10,,,"period Glucose, 2h",Standard,"Capillary, whole blood",method 4 HemoCue,65,45,food,42,boiled,name
,"Basmati, quick cooking, mean of four foods",CEREAL GRAINS,"Basmati, white rice, quick cooking",,,65,,,,,,,,,,,,45,mean,42,,
592,"Doongara, white, cooked in rice cooker",CEREAL GRAINS,"Growers Co-Op., Australia)",Australia,2007,48,4,22,Normal,9,50,64.1,"Glucose, 2h",Standard,"Capillary, plasma",Enzymatic,UO5,45,food,42,boiled,name
593,"Doongara, white rice (SunRice CleverRice, Rice Growers Coop, New Zealand)",CEREAL GRAINS,"Growers Co-Op., Australia)",New Zealand,2011*,48,4,22,Normal,30,50,,"Glucose, 2h",Standard,"Capillary, whole blood",HemoCue,69,45,food,42,,
594,"Doongara, white",CEREAL GRAINS,"Growers Co-Op., Australia)",Australia,2015,53,4,24,Normal,10,50,66.0,"Glucose, 2h",Standard,"Capillary, plasma",Enzymatic,UO5,45,food,42,,
595,"Doongara, white",CEREAL GRAINS,"Growers Co-Op., Australia)",Australia,2005,54,6,24,Normal,10,50,65.8,"Glucose, 2h",Standard,"Capillary, plasma",Enzymatic,UO5,45,food,42,,
596,"Doongara, white",CEREAL GRAINS,"Growers Co-Op., Australia)",Australia,1995,54,7,24,Normal,9,50,185,"Bread, 2h","0,15,30,45,6 0,75,90,105, 120","Capillary, plasma",Enzymatic,70,45,food,42,,
597,"Doongara rice, cooked in rice cooker",CEREAL GRAINS,"Growers Co-Op., Australia)",Australia,2013*,55,4,25,Normal European,31,50,,"Glucose, 2h",Standard,"Capillary, whole blood",HemoCue,67,45,food,42,boiled,name
598,"Doongara rice, cooked in rice cooker",CEREAL GRAINS,"Growers Co-Op., Australia)",Australia,2013*,67,4,30,Normal Chinese,32,50,,"Glucose, 2h",Standard,"Capillary, whole blood",HemoCue,67,45,food,42,boiled,name
,"Doongara rice, mean of seven studies",CEREAL GRAINS,"Growers Co-Op., Australia)",,,54,,,,,,,,,,,,45,mean,42,,
599,"Jasmine rice, white Thai (Double FP brand, NTUC Fairprice Co-operative Ltd., Singapore), chewed 15 times",CEREAL GRAINS,"Jasmine, white rice",Singapore,2014*,68,3,31,Normal,15,50,,"Glucose, 2h",Standard,"Capillary, whole blood",Enzymatic,71,45,food,42,,
600,"Jasmine rice, cooked in rice cooker (SunRice; Ricegrowers Ltd., NSW, Australia)",CEREAL GRAINS,"Jasmine, white rice",Australia,2013*,68,4,31,Normal European,31,50,,"Glucose, 2h",Standard,"Capillary, whole blood",HemoCue,67,45,food,42,boiled,name
601,"Jasmine rice, steamed for 30 min, 31.6 g rice cooked with 35 mL water (COFCO China)",CEREAL GRAINS,"Jasmine, white rice",Thailand,2016,76,5,34,Normal,10,25,31.6,"Glucose, 2h",Standard,"Capillary, whole blood",Enzymatic,UO18,45,food,42,boiled,name
602,"Jasmine Fragrant rice, white (SunRice brand, Ricegrowers Limited, Australia)",CEREAL GRAINS,"Jasmine, white rice",Australia,2008,79,5,36,Normal,10,50,63.0,"Glucose, 2h",Standard,"Capillary, plasma",Enzymatic,UO5,45,food,42,,
603,"Jasmine Fragrant rice (SunRice, Ricegrowers Limited, NSW)",CEREAL GRAINS,"Jasmine, white rice",Australia,2011,80,3,36,Normal,10,50,63.0,"Glucose, 2h",Standard,"Capillary, plasma",Enzymatic,UO5,45,food,42,,
604,"Jasmine rice, cooked in rice cooker (SunRice; Ricegrowers Ltd., NSW, Australia)",CEREAL GRAINS,"Jasmine, white rice",production Australia,2013*,80,4,36,number) Normal Chinese,32,,,"period Glucose, 2h",Standard,"Capillary, whole blood",method 4 HemoCue,67,45,food,43,boiled,name
605,Jasmine long grain rice,CEREAL GRAINS,"Jasmine, white rice",Canada,2010*,82,8,37,Normal,10,50,62.5,"Bread, 2h",Standard,"Capillary, whole blood",YSI,56,45,food,43,,
606,"Jasmine white rice (Uncle Ben's Jasmine Rice, Mars Canada, Bolton, Ontario, Canada)",CEREAL GRAINS,"Jasmine, white rice",Canada,2010,84,4,38,Normal,10,50,60.0,"Glucose, 2h",Standard,"Capillary, plasma",Enzymatic,39,45,food,43,,
607,"Jasmine rice, white Thai (Double FP brand, NTUC Fairprice Co-operative Ltd., Singapore); chewed 30 times",CEREAL GRAINS,"Jasmine, white rice",Singapore,2014*,88,10,40,Normal,14,50,,"Glucose, 2h",Standard,"Capillary, whole blood",Enzymatic,71,45,food,43,,
608,"Jasmine Fragrant rice, white (SunRice brand, Ricegrowers Limited, Australia)",CEREAL GRAINS,"Jasmine, white rice",Australia,2006,89,4,40,Normal,10,50,63.0,"Glucose, 2h",Standard,"Capillary, plasma",Enzymatic,UO5,45,food,43,,
609,"Jasmine rice (Double FP Thai Hom Mali premium quality fragrant rice, Thailand)",CEREAL GRAINS,"Jasmine, white rice",Thailand,2015*,90,5,41,"Normal, Asian- Indian",25,50,63.6,"Glucose, 2h",Standard,"Capillary, whole blood",HemoCue,66,45,food,43,,
610,"Jasmine rice (Double FP Thai Hom Mali premium quality fragrant rice, Thailand)",CEREAL GRAINS,"Jasmine, white rice",Thailand,2015*,91,4,41,"Normal, Chinese",25,50,63.6,"Glucose, 2h",Standard,"Capillary, whole blood",HemoCue,66,45,food,43,,
611,"Jasmine rice (Double FP Thai Hom Mali premium quality fragrant rice, Thailand)",CEREAL GRAINS,"Jasmine, white rice",Thailand,2015*,92,4,41,"Normal, Malay",25,50,63.6,"Glucose, 2h",Standard,"Capillary, whole blood",HemoCue,66,45,food,43,,
612,"Rice, white, Thai Hom Mali fragrant rice, cooked in rice cooker (NTUC Fairprice, Singapore)",CEREAL GRAINS,"Jasmine, white rice",Singapore,2013,96,6,43,Normal,12,50,63.2,"Glucose, 3h 21","0,15,30,45,6 0,90,120,150 ,180","Capillary, whole blood",HemoCue,72,45,food,43,boiled,name
613,"Jasmine rice, Jazzmen, cooked in rice cooker (Jazzmen Rice, Inc., USA)",CEREAL GRAINS,"Jasmine, white rice",USA,2014*,106,13,48,Normal,12,50,68.8,"Glucose, 2h",Standard,"Capillary, whole blood",HemoCue,73,45,food,43,boiled,name
614,"Jasmine rice, white, cooked in rice cooker (Golden World Foods, Bangkok, Thailand)",CEREAL GRAINS,"Jasmine, white rice",Thailand,2000,109,10,49,Normal,12,50,63.2,"Glucose, 2h",Standard,"Capillary, plasma",Enzymatic,74,45,food,43,boiled,name
615,"Jasmine rice, Mahatma, cooked in rice cooker (Riviana Foods Inc., Thailand)",CEREAL GRAINS,"Jasmine, white rice",Thailand,2014*,115,7,52,Normal,12,50,62.5,"Glucose, 2h",Standard,"Capillary, whole blood",HemoCue,73,45,food,43,boiled,name
616,"Jasmine rice, Reindeer, cooked in rice cooker (Oriental Jasmine Rice Co., Thailand)",CEREAL GRAINS,"Jasmine, white rice",Thailand,2014*,116,11,52,Normal,12,50,62.5,"Glucose, 2h",Standard,"Capillary, whole blood",HemoCue,73,45,food,43,boiled,name
,"Jasmine rice, white, mean of 18 studies",CEREAL GRAINS,"Jasmine, white rice",,,89,,,,,,,,,,,,45,mean,43,,
617,"Brown Doongara rice (SunRice; Ricegrowers Ltd., NSW, Australia)",CEREAL GRAINS,"Rice, brown",Australia,2016,51,5,23,Normal,10,50,69.9,"Glucose, 2h",Standard,"Capillary, plasma",Enzymatic,UO5,45,food,43,,
618,"Brown Doongara rice (SunRice; Ricegrowers Ltd., NSW, Australia)",CEREAL GRAINS,"Rice, brown",Australia,2006,54,4,24,Normal,10,50,68.7,"Glucose, 2h",Standard,"Capillary, plasma",Enzymatic,UO5,45,food,43,,
619,"Brown rice, boiled in excess water for 25 min (SunRice brand, Rice Growers Co-op, Australia)",CEREAL GRAINS,"Rice, brown",Australia,2005,72,6,32,Normal,9,50,69.8,"Glucose, 2h",Standard,"Capillary, plasma",Enzymatic,UO5,45,food,43,boiled,name
620,Brown rice,CEREAL GRAINS,"Rice, brown",production China,test 1 2005,87,2,39,number) Normal,10,,,"period Glucose, 2h",Standard,"collection Venous, NS",method 4 NS,12,45,food,44,,
621,"Brown rice (SunRice, Ricegrowers Ltd., NSW, Australia)",CEREAL GRAINS,"Rice, brown",Australia,2013*,65,4,29,Normal European,31,50,,"Glucose, 2h",Standard,"Capillary, whole blood",HemoCue,67,45,food,44,,
622,"Brown rice (SunRice, Ricegrowers Ltd., NSW, Australia)",CEREAL GRAINS,"Rice, brown",Australia,2013*,78,5,35,Normal Chinese,32,50,,"Glucose, 2h",Standard,"Capillary, whole blood",HemoCue,67,45,food,44,,
623,"Brown rice, variety Tai Ken #9; Oryza sativa L. japonica (Union Rice Company; Taipei), soaked overnight and cooked in a rice cooker",CEREAL GRAINS,"Rice, brown",Taiwan,2010*,58,0.2,26,Normal,10,50,84,"Bread, 2h",Standard,"Capillary, whole blood",Enzymatic,60,45,food,44,boiled,name
624,"Brown rice (0% polished), prepared from the Indian rice variety ""Bapatla"" (BPT-5204), pressure cooked for 8 min",CEREAL GRAINS,"Rice, brown",India,2017*,58,7,26,Normal,12,50,67,"Glucose, 2h",Standard,"Capillary, whole blood",HemoCue,75,45,food,44,boiled,name
625,"Brown Rice, Uncle Ben's® Ready Whole Grain (pouch) (Effem Foods, USA)",CEREAL GRAINS,"Rice, brown, instant",USA,2006,48,5,22,Normal,10,50,179.5,"Bread, 2h",Standard,"Capillary, whole blood",YSI,UO5,45,food,44,instant,subgroup
626,"Brown & Wild, Uncle Ben's® Ready Whole Grain Medley™ (pouch) (Effem Foods, USA)",CEREAL GRAINS,"Rice, brown, instant",USA,2006,45,5,20,Normal,10,50,192.1,"Bread, 2h",Standard,"Capillary, whole blood",YSI,UO5,45,food,44,instant,subgroup
627,"Chicken Flavored Brown Rice, Uncle Ben's® Ready Whole Grain (pouch) (Effem Foods, USA)",CEREAL GRAINS,"Rice, brown, instant",USA,2005,46,4,21,Normal,10,50,192.3,"Bread, 2h",Standard,"Capillary, whole blood",YSI,UO5,45,food,44,instant,subgroup
628,"Medium Grain Brown Rice in 90 sec, microwaved on high (SunRice brand, Rice Growers Co-Op., Australia)",CEREAL GRAINS,"Rice, brown, instant",Australia,2005,59,8,27,Normal,10,50,147.1,"Glucose, 2h",Standard,"Capillary, plasma",Enzymatic,UO5,45,food,44,microwaved,name
,"Rice Instant, brown, mean of four foods",CEREAL GRAINS,"Rice, brown, instant",,,50,,,,,,,,,,,,45,mean,44,instant,name
629,"Long grain, white (Uncle Ben ’ s, Auckland, New Zealand)",CEREAL GRAINS,"Rice, Long grain, white, boiled",New Zealand,2000,56,7,25,Normal,14,50,,"Glucose, 2h",Standard,"Venous, plasma",Enzymatic,27,45,food,44,boiled,subgroup
630,"Premium long grain, white (SunRice brand, Rice Growers Co- Op., Australia)",CEREAL GRAINS,"Rice, Long grain, white, boiled",Australia,2005,59,7,27,Normal,10,50,66.2,"Glucose, 2h",Standard,"Capillary, plasma",Enzymatic,UO5,45,food,44,boiled,subgroup
631,"Long grain, white, boiled 7 min (Star brand, Gouda Food Products, Canada)",CEREAL GRAINS,"Rice, Long grain, white, boiled",Canada,1999,64,3,29,Normal,10,50,64.8,"Glucose, 2h",Standard,"Capillary, plasma",Enzymatic,UO5,45,food,44,boiled,name
632,"Long grain, boiled (Star Brand, Goudas Food Products, Canada)",CEREAL GRAINS,"Rice, Long grain, white, boiled",Canada,2001,69,3,31,Normal,47,50,,"Glucose, 2h",Standard,"Capillary, NS",YSI or Enzymatic,42,45,food,44,boiled,name
633,"Long grain, boiled (Star Brand, Goudas Food Products, Canada)",CEREAL GRAINS,"Rice, Long grain, white, boiled",Canada,2001,76,13,34,Normal,21,50,,"Glucose, 2h",Standard,"Venous, NS",Enzymatic,42,45,food,44,boiled,name
634,"Long-grain rice (Indica-type long-grain rice, polished), cooked 15 min",CEREAL GRAINS,"Rice, Long grain, white, boiled",UK,2009*,47,6,21,Normal,10,50,64.6,"Glucose, 2h",Standard,"Capillary, whole blood",HemoCue,65,45,food,44,boiled,name
,"Rice long grain, mean of six foods",CEREAL GRAINS,"Rice, Long grain, white, boiled",,,62,,,,,,,,,,,,45,mean,44,boiled,subgroup
635,"Long grain, easy-cook (heat-treated white polished long-grain rice), cooked 15 min",CEREAL GRAINS,"Rice, lo ng grain, white, quick-cooking varieties",UK,2009*,47,8,21,Normal,10,50,68.3,"Glucose, 2h",Standard,"Capillary, whole blood",HemoCue,65,45,food,45,boiled,name
636,"DGI SunRice Low GI Rice, heated in microwave (Imported by Methuselah Shanghai Medical Technology from SunRice Australia)",CEREAL GRAINS,"Rice, white, instant",Australia,2018,49,4,22,Normal,10,50,148.4,"Glucose, 2h",Standard,"Capillary, plasma",Enzymatic,UO5,45,food,45,microwaved,name
637,"Instant Doongara, white, cooked 5 min (Rice Growers Co-op, Australia)",CEREAL GRAINS,"Rice, white, instant",Australia,1995,94,7,42,Normal,9,50,178,"Bread, 2h","0,15,30,45,6 0,75,90,105, 120","Capillary, plasma",Enzymatic,70,45,food,45,instant,name
638,"Instant rice, white, cooked 3 min",CEREAL GRAINS,"Rice, white, instant",China,2005,46,3,21,Normal,10,50,,"Glucose, 2h",Standard,"Venous, NS",NS,12,45,food,45,instant,name
639,"Instant rice, white, cooked 6 min",CEREAL GRAINS,"Rice, white, instant",China,2005,87,2,39,Normal,10,50,,"Glucose, 2h",Standard,"Venous, NS",NS,12,45,food,45,instant,name
640,"Long grain, white, pre-cooked, microwaved 2 min (Express Rice, plain, Uncle Ben's, Masterfoods, UK)",CEREAL GRAINS,"Rice, white, instant",UK,2002,52,5,23,Normal,10,50,164.5,"Glucose, 2h",Standard,"Capillary, plasma",Enzymatic,UO5,45,food,45,instant,name
641,"Long grain, white, cooked in microwave for 90 sec (Uncle Ben’s® , Masterfoods, Australia)",CEREAL GRAINS,"Rice, white, instant",Australia,2011,59,6,27,Normal,9,50,162.3,"Glucose, 2h",Standard,"Capillary, plasma",Enzymatic,UO5,45,food,45,microwaved,name
642,"Long Grain White Rice in 90 Seconds, microwaved (SunRice brand, Rice Growers Co-Op., Australia)",CEREAL GRAINS,"Rice, white, instant",Australia,2005,76,7,34,Normal,10,50,139.8,"Glucose, 2h",Standard,"Capillary, plasma",Enzymatic,UO5,45,food,45,microwaved,name
643,"Long Grain White Rice, steamed rice, heated in microwave for 40 sec (SunRice® brand, Rice Growers Co-Op., Australia)",CEREAL GRAINS,"Rice, white, instant",Australia,2020,45,4,20,Normal,10,50,148.4,"Glucose, 2h",Standard,"Capillary, plasma",Enzymatic,UO5,45,food,45,microwaved,name
644,"Long Grain & Wild, Uncle Ben's® Ready Rice (pouch) (Effem Foods, USA)",CEREAL GRAINS,"Rice, white, instant",USA,2003,49,3,22,Normal,10,50,177.9,"Glucose, 2h",Standard,"Capillary, plasma",Enzymatic,UO5,45,food,45,instant,subgroup
645,"Original Long Grain, Uncle Ben's® Ready Rice pouch) (Effem Foods, USA)",CEREAL GRAINS,"Rice, white, instant",USA,2003,48,5,22,Normal,10,50,162.8,"Glucose, 2h",Standard,"Capillary, plasma",Enzymatic,UO5,45,food,45,instant,subgroup
646,"Rice, parboiled, pre-cooked, ready to eat (Riso Blond Espresso (Riso Gallo, Italy)",CEREAL GRAINS,"Rice, white, instant",Italy,2009,67,8,30,Normal,10,50,116,"Glucose, 2h",Standard,"Capillary, whole blood",YSI,3,45,food,45,instant,name
647,"Steamed Low GI White Rice (SunRice® brand, Rice Growers Co-Op., Australia), heated in microwave",CEREAL GRAINS,"Rice, white, instant",Australia,2013,52,5,23,Normal,10,50,168.9,"Glucose, 2h",Standard,"Capillary, plasma",Enzymatic,UO5,45,food,45,microwaved,name
,"Instant white rice, mean of 12 foods",CEREAL GRAINS,"Rice, white, instant",,,60,,,,,,,,,,,,45,mean,45,instant,name
648,"Arborio, risotto rice, boiled (SunRice brand, Rice Growers Co-Op., Australia)",CEREAL GRAINS,"Rice, boiled, white, other varieties",Australia,2005,69,7,31,Normal,10,50,,Glucose 2 h,Standard,"Capillary, plasma",Enzymatic,UO5,45,food,45,boiled,name
649,"Medium grain white rice, boiled 12 min (Sun Rice brand, Rice Growers Co-Op., Australia)",CEREAL GRAINS,"Rice, boiled, white, other varieties",production Australia,2005,75,8,34,number) Normal,10,,,"period Glucose, 2h",Standard,"Capillary, plasma",method 4 Enzymatic,UO5,45,food,46,boiled,name
650,"Moolgiri white rice (Tajmahal Agro Industries, India)",CEREAL GRAINS,"Rice, boiled, white, other varieties",India,2005,54,5,24,Normal,10,50,,"Glucose, 2h",Standard,"Capillary, whole blood",YSI,UO5,45,food,46,boiled,subgroup
651,"White rice, NS",CEREAL GRAINS,"Rice, boiled, white, other varieties",China,2005,83,1,37,Normal,12,50,,"Glucose, 2h",Standard,"Venous, NS",NS,12,45,food,46,boiled,subgroup
652,"White rice, fully polished, prepared from the Indian rice variety ""Bapatla"" (BPT-5204), pressure cooked for 18 min",CEREAL GRAINS,"Rice, boiled, white, other varieties",India,2017*,80,7,36,Normal,12,50,76,"Glucose, 2h",Standard,"Capillary, whole blood",HemoCue,75,45,food,46,boiled,name
653,"White rice, Carnaroli, regular (Scotti, Italy)",CEREAL GRAINS,"Rice, boiled, white, other varieties",Italy,2009,64,11,29,Normal,10,50,63,"Glucose, 2h",Standard,"Capillary, whole blood",YSI,3,45,food,46,boiled,subgroup
654,"White rice, Ponni, cooked in rice cooker for 33 min",CEREAL GRAINS,"Rice, boiled, white, other varieties",India,2012*,70,4,32,Normal,23,50,236,"Glucose, 2h",Standard,"Capillary, whole blood",HemoCue,76,45,food,46,boiled,name
655,"White rice, Ponni, refined, harvested 2013, pressure-cooked for 30 min",CEREAL GRAINS,"Rice, boiled, white, other varieties",India,2013,81,7,36,Normal,25,50,63.6,"Glucose, 2h",Standard,"Capillary, whole blood",HemoCue,77,45,food,46,boiled,name
656,"White rice, Ponni, refined, harvested 2014, pressure-cooked for 30 min",CEREAL GRAINS,"Rice, boiled, white, other varieties",India,2014,77,8,35,Normal,15,50,65,"Glucose, 2h",Standard,"Capillary, whole blood",HemoCue,77,45,food,46,boiled,name
,"White rice, Ponni variety, mean of three studies",CEREAL GRAINS,"Rice, boiled, white, other varieties",,,76,,,,,,,,,,,,45,mean,46,boiled,subgroup
657,"White rice, Sona Masuri variety, cooked in rice cooker for 35 min",CEREAL GRAINS,"Rice, boiled, white, other varieties",India,2012*,72,5,32,Normal,23,50,235,"Glucose, 2h",Standard,"Capillary, whole blood",HemoCue,76,45,food,46,boiled,name
658,"White rice, Surti Kolam variety, cooked in rice cooker for 32 min",CEREAL GRAINS,"Rice, boiled, white, other varieties",India,2012*,77,4,35,Normal,23,50,259,"Glucose, 2h",Standard,"Capillary, whole blood",HemoCue,76,45,food,46,boiled,name
659,"Rice porridge, made with Jasmine rice, steamed for 40 min, 31.6 g rice cooked with 250 mL water (COFCO China)",CEREAL GRAINS,Rice porridge/Congee,Thailand,2016,80,7,36,Normal,10,25,250,"Glucose, 2h",Standard,"Capillary, whole blood",Enzymatic,UO18,45,food,46,boiled,name
660,"Rice porridge, NS",CEREAL GRAINS,Rice porridge/Congee,China,2005,66,5,30,Normal,9,50,,"Glucose, 2h",Standard,"Venous, NS",NS,12,45,food,46,,
661,"Rice porridge , NS",CEREAL GRAINS,Rice porridge/Congee,China,2005,69,6,31,Normal,10,50,,"Glucose, 2h",Standard,"Venous, NS",NS,12,45,food,46,,
662,"Rice porridge , NS",CEREAL GRAINS,Rice porridge/Congee,Australia,2005,88,5,40,Normal,9,50,469.5,"Glucose, 2h",Standard,"Capillary, plasma",Enzymatic,UO5,45,food,46,,
,"Rice porridge/congee, mean of four foods",CEREAL GRAINS,Rice porridge/Congee,,,76,,,,,,,,,,,,45,mean,46,,
663,"Rice porridge, made from rice bran",CEREAL GRAINS,Rice porridge/Congee,China,2005,19,1,9,Normal,9,50,,"Glucose, 2h",Standard,"Venous, NS",NS,12,45,food,46,,
664,"Rice porridge, made from black rice",CEREAL GRAINS,Rice porridge/Congee,China,2005,42,3,19,Normal,9,50,,"Glucose, 2h",Standard,"Venous, NS",NS,12,45,food,46,,
665,"Rice porridge, made from sticky rice",CEREAL GRAINS,Rice porridge/Congee,China,2005,65,7,29,Normal,9,50,,"Glucose, 2h",Standard,"Venous, NS",NS,12,45,food,46,,
666,"Broke n rice, white, cooked in rice cooker (Lion foods, Bangkok, Thailand)",CEREAL GRAINS,"Rice, specialty rice",Thailand,2000,86,8,39,Normal,11,50,63.2,"Glucose, 2h",Standard,"Capillary, plasma",Enzymatic,74,45,food,47,boiled,name
667,"Glutinous rice, white, cooked in rice cooker (Bangsue Chia Meng Rice Co., Bangkok, Thailand)",CEREAL GRAINS,"Rice, specialty rice",Thailand,2000,94,6,42,Normal,11,50,65.5,"Glucose, 2h",Standard,"Capillary, plasma",Enzymatic,74,45,food,47,boiled,name
668,"Glutinous rice, white, cooked in rice cooker (Bangsue Chia Meng Rice Mill, Bangkok, Thailand)",CEREAL GRAINS,"Rice, specialty rice",Thailand,2001,98,7,44,Normal,12,50,65.5,"Glucose, 2h",Standard,"Capillary, plasma",Enzymatic,UO5,45,food,47,boiled,name
669,"Guilin rice vermicelli (Chinese rice vermicelli), cooked 8 min",CEREAL GRAINS,"Rice, specialty rice",UK,2009*,37,8,17,Normal,10,50,63.5,"Glucose, 2h",Standard,"Capillary, whole blood",HemoCue,65,45,food,47,boiled,name
670,"Hassawi rice (Al-Hassa, Saudi Arabia)",CEREAL GRAINS,"Rice, specialty rice",Saudi Arabia,2011*,59,5,27,Normal,10,25,95.6,"Glucose, 2h",Standard,"Capillary, plasma",YSI,78,45,food,47,,
671,"High-fiber white rice, harvested 2013 (Kharif), pressure- cooked for 32 min",CEREAL GRAINS,"Rice, specialty rice",India,2013,59,4,27,Normal,25,50,67,"Glucose, 2h",Standard,"Capillary, whole blood",HemoCue,77,45,food,47,boiled,name
672,"High-fiber white rice, harvested 2014 (Rabi), pressure-cooked for 32 min",CEREAL GRAINS,"Rice, specialty rice",India,2013,64,4,29,Normal,25,50,100,"Glucose, 2h",Standard,"Capillary, whole blood",HemoCue,77,45,food,47,boiled,name
673,"Japanese Style Sushi rice, white (SunRice brand, Rice Growers Co-Op., Australia)",CEREAL GRAINS,"Rice, specialty rice",Australia,2005,85,10,38,Normal,10,50,66.2,"Glucose, 2h",Standard,"Capillary, plasma",Enzymatic,UO5,45,food,47,,
674,"Jiangxi rice vermicelli (Chinese rice vermicelli), cooked for 8 min",CEREAL GRAINS,"Rice, specialty rice",UK,2009*,40,6,18,Normal,10,50,63.5,"Glucose, 2h",Standard,"Capillary, whole blood",HemoCue,65,45,food,47,boiled,name
675,"Koshihikari rice, white (SunRice brand, Rice Growers Co- Op., Australia",CEREAL GRAINS,"Rice, specialty rice",Australia,2005,73,7,33,Normal,10,50,64.9,"Glucose, 2h",Standard,"Capillary, plasma",Enzymatic,UO5,45,food,47,,
676,"Mighty Rice, short grain white rice, boiled for 16 min (VitaRice, Mauritius)",CEREAL GRAINS,"Rice, specialty rice",Mauritius,2010,48,5,22,Normal,10,50,73.5,"Glucose, 2h",Standard,"Capillary, plasma",Enzymatic,UO5,45,food,47,boiled,name
677,"Red Raw rice, Sri Lankan, cooked in rice cooker",CEREAL GRAINS,"Rice, specialty rice",Sri Lanka,2006,59,4,27,Normal,10,50,63.9,"Glucose, 2h",Standard,"Capillary, plasma",Enzymatic,UO5,45,food,47,boiled,name
678,"Red rice, Thai, unpolished, cooked 25 min",CEREAL GRAINS,"Rice, specialty rice",UK,2009*,76,8,34,Normal,10,50,67.4,"Glucose, 2h",Standard,"Capillary, whole blood",HemoCue,65,45,food,47,boiled,name
679,"Roasted Chicken Flavored, Uncle Ben's® Ready Rice (pouch) (Effem Foods, USA)",CEREAL GRAINS,"Rice, specialty rice",USA,2003,51,4,23,Normal,10,50,176.7,"Glucose, 2h",Standard,"Capillary, plasma",Enzymatic,UO5,45,food,47,roasted,name
680,"Santa Fe, Uncle Ben's® Ready Whole Grain Medley™ (pouch) (Effem Foods, USA)",CEREAL GRAINS,"Rice, specialty rice",USA,2005,48,6,22,Normal,10,50,205.1,"Bread, 2h",Standard,"Capillary, whole blood",YSI,UO5,45,food,47,,
681,"Spanish Style, Uncle Ben's® Ready Rice (pouch) (Effem Foods, USA)",CEREAL GRAINS,"Rice, specialty rice",USA,2003,51,4,23,Normal,10,50,170.7,"Glucose, 2h",Standard,"Capillary, plasma",Enzymatic,UO5,45,food,47,,
682,Sticky rice,CEREAL GRAINS,"Rice, specialty rice",China,2005,87,2,39,Normal,10,50,,"Glucose, 2h",Standard,"Venous, NS",NS,12,45,food,47,,
683,Sticky rice,CEREAL GRAINS,"Rice, specialty rice",production China,test 1 2005,88,2,40,number) Normal,9,,,"period Glucose, 2h",Standard,"collection Venous, NS",method 4 NS,12,45,food,48,,
684,"Sticky rice, high-amylose",CEREAL GRAINS,"Rice, specialty rice",China,2005,50,2,23,Normal,10,50,,"Glucose, 2h",Standard,"Venous, NS",NS,12,45,food,48,,
685,"Sticky rice, Thai glutinous rice, cooked for 10 min",CEREAL GRAINS,"Rice, specialty rice",UK,2009*,92,8,41,Normal,10,50,64.7,"Glucose, 2h",Standard,"Capillary, whole blood",HemoCue,65,45,food,48,boiled,name
686,"Rice, under milled, minimally polished 2.3%, prepared from the Indian rice variety ""Bapatla"" (BPT-5204), pressure cooked for 10 min",CEREAL GRAINS,"Rice, specialty rice",India,2017*,73,5,33,Normal,12,50,71,"Glucose, 2h",Standard,"Capillary, whole blood",HemoCue,75,45,food,48,boiled,name
687,"Vegetable Harvest, Uncle Ben's® Ready Whole Grain Medley™ (pouch) (Effem Foods, USA)",CEREAL GRAINS,"Rice, specialty rice",USA,2005,48,5,22,Normal,10,50,206.8,"Bread, 2h",Standard,"Capillary, whole blood",YSI,UO5,45,food,48,,
688,"Parboiled brown rice, Uncle Ben’s® Natural Wholegrain Instant brown rice, cooked for 20 min",CEREAL GRAINS,"Rice, Parboiled",India,2019*,88,7,40,Normal,15,50,76.9,"Glucose, 2h",Standard,"Capillary, whole blood",HemoCue,79,45,food,48,instant,name
689,"Parboiled rice, cooked 20 min, Uncle Ben's Natur-reis® (Masterfoods, Belgium)",CEREAL GRAINS,"Rice, Parboiled",Belgium,2000,64,7,29,Normal,10,50,71.8,"Glucose, 2h",Standard,"Capillary, plasma",Enzymatic,UO5,45,food,48,parboiled,name
690,"Parboiled rice, long grain white Uncle Ben's®",CEREAL GRAINS,"Rice, Parboiled",Belgium,2011*,54,7,24,Normal,10,25,45.9,"Glucose, 2h",Standard,"Capillary, plasma",YSI,78,45,food,48,parboiled,name
691,"Parboiled, long-grain rice (Harlem Foods AS, Oslo)",CEREAL GRAINS,"Rice, Parboiled",Norway,2019*,57,5,26,Normal,13,50,179.9,"Glucose, 2h",Standard,"Capillary, plasma",YSI,80,45,food,48,parboiled,name
692,"Parboiled, long grain, 10 min cooking time (Uncle Ben's, Masterfoods, Belgium)",CEREAL GRAINS,"Rice, Parboiled",Belgium,2000,68,6,31,Normal,10,50,65.8,"Glucose, 2h",Standard,"Capillary, plasma",Enzymatic,UO5,45,food,48,parboiled,name
693,"Parboiled, long grain, 20 min cooking time (Uncle Ben's, Masterfoods, Belgium)",CEREAL GRAINS,"Rice, Parboiled",Belgium,2000,75,7,34,Normal,10,50,66.1,"Glucose, 2h",Standard,"Capillary, plasma",Enzymatic,UO5,45,food,48,parboiled,name
694,"Rice, parboiled, NS",CEREAL GRAINS,"Rice, Parboiled",Canada,2010*,51,4,23,Normal,10,50,63,"Bread, 2h",Standard,"Capillary, whole blood",YSI,81,45,food,48,parboiled,name
695,"Parboiled rice, NS (Riso Blond Risotti, Riso Gallo, Italy)",CEREAL GRAINS,"Rice, Parboiled",Italy,2009,53,6,24,Normal,10,50,59,"Glucose, 2h",Standard,"Capillary, whole blood",YSI,3,45,food,48,parboiled,name
696,"Parboiled rice, NS (Uncle Ben’s, Masterfoods Australia New Zealand, NSW, Australia)",CEREAL GRAINS,"Rice, Parboiled",Australia,2013*,57,3,26,Normal European,31,50,,"Glucose, 2h",Standard,"Capillary, whole blood",HemoCue,67,45,food,48,parboiled,name
697,"Parboiled rice, NS (Riso Blond Veloce e Versatile, Riso Gallo, Italy)",CEREAL GRAINS,"Rice, Parboiled",Italy,2009,61,11,27,Normal,10,50,64,"Glucose, 2h",Standard,"Capillary, whole blood",YSI,3,45,food,48,parboiled,name
698,"Parboiled rice, NS (Uncle Ben's, Masterfoods Australia New Zealand, NSW, Australia)",CEREAL GRAINS,"Rice, Parboiled",Australia,2013*,72,5,32,Normal Chinese,32,50,,"Glucose, 2h",Standard,"Capillary, whole blood",HemoCue,67,45,food,48,parboiled,name
699,"Parboiled rice, white, cooked 5 min, Uncle Ben's Snabbris® (Masterfoods, Belgium)",CEREAL GRAINS,"Rice, Parboiled",Belgium,2000,74,5,33,Normal,10,50,62.1,"Glucose, 2h",Standard,"Capillary, plasma",Enzymatic,UO5,45,food,48,parboiled,name
700,"Rice, whole-meal, parboiled (Riso Blond Integrale, Riso Gallo, Italy)",CEREAL GRAINS,"Rice, Parboiled",production Italy,2009,56,6,25,number) Normal,10,,,"period Glucose, 2h",Standard,"Capillary, whole blood",method 4 YSI,3,45,food,49,parboiled,name
,"Parboiled rice, mean of 10 studies",CEREAL GRAINS,"Rice, Parboiled",,,64,,,,,,,,,,,,45,mean,49,parboiled,name
701,"Durum wheat, precooked, cooked 20 min (Ebly, Chateaudun, France)",CEREAL GRAINS,"Wheat, precooked kernels",France,2000,52,4,23,Normal,10,50,75.3,"Glucose, 2h",Standard,"Capillary, plasma",Enzymatic,UO5,45,food,49,instant,name
702,"Durum wheat, precooked, cooked 10 min (Ebly, France)",CEREAL GRAINS,"Wheat, precooked kernels",France,2000,50,5,23,Normal,10,50,75.3,"Glucose, 2h",Standard,"Capillary, plasma",Enzymatic,UO5,45,food,49,instant,name
703,"Durum wheat, precooked in pouch, reheated in microwave, Ebly Express (Ebly, France)",CEREAL GRAINS,"Wheat, precooked kernels",France,2000,40,5,18,Normal,10,50,159.2,"Glucose, 2h",Standard,"Capillary, plasma",Enzymatic,UO5,45,food,49,instant,name
704,"Wheat, pearled (Grano, Barilla, Italy)",CEREAL GRAINS,"Wheat, precooked kernels",Italy,2009,72,8,32,Normal,9,50,77,"Glucose, 2h",Standard,"Capillary, whole blood",YSI,3,45,food,49,instant,subgroup
705,Whole wheat powder,CEREAL GRAINS,"Wheat, precooked kernels",China,2005,42,2,19,Normal,10,50,,"Glucose, 2h",Standard,"Venous, NS",NS,12,45,food,49,instant,subgroup
706,"Wheat flour, raw (2005 from Griffith NSW, Chara, Row10, Plot 6:181), consumed suspended in 250 mL water",CEREAL GRAINS,"Wheat, precooked kernels",Australia,2009,22,3,10,Normal,10,50,,"Glucose, 2h",Standard,"Capillary, plasma",Enzymatic,10,45,food,49,raw,name
707,"Wheat flour, raw, consumed suspended in 250 mL water (Coles Smart Buy Plain Flour, Coles Supermarkets Pty Ltd)",CEREAL GRAINS,"Wheat, precooked kernels",Australia,2009,20,2,9,Normal,10,50,68.9,"Glucose, 2h",Standard,"Capillary, plasma",Enzymatic,10,45,food,49,raw,name
708,"Beta Flour (oat, flaxseed, buckwheat, pearl barley, soybean and wheat flours ), tested prepared with water, steamed (Inner Mongolia Golden Flax Biotech Pty Ltd, China)",CEREAL GRAINS,Other cereals,China,2019,27,3,12,Normal,10,50,87.1,"Glucose, 2h",Standard,"Capillary, plasma",Enzymatic,UO5,45,food,49,steamed,name
709,"Mixed cereals powder, NS",CEREAL GRAINS,Other cereals,China,2005,58,1,26,Normal,9,50,,"Glucose, 2h",Standard,"Venous, NS",NS,12,45,food,49,,
710,"3 Cereals (rice, oat, kamut) (Riso Gallo, Italy)",CEREAL GRAINS,Other cereals,Italy,2009,41,6,18,Normal,10,50,67,"Glucose, 2h",Standard,"Capillary, whole blood",YSI,3,45,food,49,,
711,"3 Cereals (rice, spelt, barley) (Riso Gallo, Italy)",CEREAL GRAINS,Other cereals,Italy,2009,44,8,20,Normal,10,50,65,"Glucose, 2h",Standard,"Capillary, whole blood",YSI,3,45,food,49,,
712,"Cereal powder, various cereals NS",CEREAL GRAINS,Other cereals,China,2005,58,1,26,Normal,9,50,,"Glucose, 2h",Standard,"Venous, NS",NS,12,45,food,49,,
713,"Teff, brown (Macro brand, Woolworths Australia Pty Ltd), boiled in water for 15 min",CEREAL GRAINS,Other cereals,Australia,2016,57,5,26,Normal,10,50,76.9,"Glucose, 2h",Standard,"Capillary, plasma",Enzymatic,UO5,45,food,49,boiled,name
714,"Spelt, pearled (Farro, Barilla, Italy)",CEREAL GRAINS,Other cereals,Italy,2009,63,10,28,Normal,9,50,75,"Glucose, 2h",Standard,"Capillary, whole blood",YSI,3,45,food,49,,
715,"Apricot Temptation fruit cookies, 97% fat-free (Freedom Foods, Australia)",COOKIES,,Australia,2007,47,4,9,Normal,10,50,78.7,"Glucose, 2h",Standard,"Capillary, whole blood",HemoCue,UO10,20,food,50,,
716,"Barquette Abricot (LU, Ris, Orangis, France)",COOKIES,,France,2002,71,6,14,"Normal, 11-",14,50,65,"Glucose, 2h",Standard,"Capillary, plasma",Enzymatic,53,20,food,50,,
717,"Bebe Dobre Rano Chocolate (LU, Czech Republic)",COOKIES,,Czech Republic,2002,46,4,9,Normal,12,50,72.2,"Glucose, 2h",Standard,"Capillary, plasma",Enzymatic,UO5,20,food,50,,
718,"Bebe Dobre Rano Chocolate (LU, Czech Republic)",COOKIES,,Czech Republic,2006,46,3,9,Normal,12,50,72.0,"Glucose, 2h",Standard,"Capillary, plasma",Enzymatic,UO5,20,food,50,,
719,"Bebe Dobre Rano Chocolate (Opavia/LU, Czech Republic)",COOKIES,,Czech Republic,1996-2000,57,9,11,Normal,11,50,,"Glucose, 2h",Standard,"Capillary, plasma",Enzymatic,"UO23, 24",20,food,50,,
,"Bebe Dobre Rano Chocolate , mean of three studies",COOKIES,,,,50,,,,,,,,,,,,20,mean,50,,
720,"Bebe Dobre Rano Coconut (LU, Czech Republic)",COOKIES,,Czech Republic,2002,48,3,10,Normal,12,50,69.0,"Glucose, 2h",Standard,"Capillary, plasma",Enzymatic,UO5,20,food,50,,
721,"Bebe Dobre Rano Four Cereals (LU, Czech Republic)",COOKIES,,Czech Republic,2007,51,4,10,Normal,12,50,71.4,"Glucose, 2h",Standard,"Capillary, plasma",Enzymatic,UO5,20,food,50,,
722,"Bebe Dobre Rano Honey and Hazelnuts (Opavia/LU, Czech Republic)",COOKIES,,Czech Republic,1996-2000,51,9,10,Normal,11,50,,"Glucose, 2h",Standard,"Capillary, plasma",Enzymatic,"UO23, 24",20,food,50,,
723,"Bebe Dobre Rano Nuts and Honey (LU, Czech Republic)",COOKIES,,Czech Republic,2002,41,5,8,Normal,12,50,70.4,"Glucose, 2h",Standard,"Capillary, plasma",Enzymatic,UO5,20,food,50,,
724,"Bebe Dobre Rano Nuts and Honey (LU, Czech Republic)",COOKIES,,Czech Republic,2006,45,4,9,Normal,12,50,71.5,"Glucose, 2h",Standard,"Capillary, plasma",Enzymatic,UO5,20,food,50,,
725,"Bebe Dobre Rano with Milk (LU, Czech Republic)",COOKIES,,Czech Republic,2003,50,4,10,Normal,12,50,70.4,"Glucose, 2h",Standard,"Capillary, plasma",Enzymatic,UO5,20,food,50,,
726,"Bebe Jemne Susenky (Opavia/LU, Czech Republic)",COOKIES,,Czech Republic,1996-2000,67,11,13,Normal,11,50,,"Glucose, 2h",Standard,"Capillary, plasma",Enzymatic,"UO23, 24",20,food,50,,
727,"Better Choice Multicereals (LU, Denmark)",COOKIES,,Denmark,2004,51,4,10,Normal,12,50,,"Glucose, 2h",Standard,"Capillary, plasma",Enzymatic,UO5,20,food,50,,
728,Better Choice Wholegrain (LU Denmark),COOKIES,,Denmark,2004,46,3,9,Normal,11,50,,"Glucose, 2h",Standard,"Capillary, plasma",Enzymatic,UO5,20,food,50,,
729,"Biscuit, Danone, NS",COOKIES,,China,2005,39,4,8,Normal,9,50,,"Glucose, 2h",Standard,"Venous, NS",NS,12,20,food,50,,
730,"Biscuit, Danone, NS",COOKIES,,China,2005,47,4,9,Normal,9,50,,"Glucose, 2h",Standard,"Venous, NS",NS,12,20,food,50,,
731,"Biscuit, NS",COOKIES,,China,2005,72,5,14,Normal,9,50,,"Glucose, 2h",Standard,"Venous, NS",NS,12,20,food,50,,
732,"Biscuit, thin, NS",COOKIES,,production China,test 1 2005,81,2,16,number) Normal,9,,,"period Glucose, 2h",Standard,"collection Venous, NS",method 4 NS,12,20,food,51,,
733,"Biscuits, rolled oat, wholemeal wheat flour, wheat fibre (Gran Cereale Classico, Italy)",COOKIES,,Italy,2005,49,4,10,Normal,10,50,85.9,"Glucose, 2h",Standard,"Capillary, whole blood",YSI,3,20,food,51,,
734,"Biscuits, wheat flour, butter, cream (Macine, Italy)",COOKIES,,Italy,2006,52,7,10,Normal,10,50,75.6,"Glucose, 2h",Standard,"Capillary, whole blood",YSI,3,20,food,51,,
735,"Biscuits, wheat flour, oat flour, wholemeal buckwheat flour (6.2%) (Molinetti, Italy)",COOKIES,,Italy,2006,58,7,12,Normal,10,50,77.3,"Glucose, 2h",Standard,"Capillary, whole blood",YSI,3,20,food,51,,
736,"Biscuit, wholegrain",COOKIES,,USA,2018*,54,5,11,Normal,19,50,82,"Glucose, 2h",Standard,"Capillary, whole blood",HemoCue,57,20,food,51,,
737,"Biscuits, wholegrain, filled with peanut butter",COOKIES,,USA,2018*,44,3,9,Normal,19,50,102,"Glucose, 2h",Standard,"Capillary, whole blood",HemoCue,57,20,food,51,,
738,"Breakfast biscuit (Frollino), gluten free (Dr Schär AG/SPA, Italy)",COOKIES,,Italy,2015*,37,7,7,Normal,10,50,66,"Glucose, 2h",Standard,"Capillary, whole blood",YSI,5,20,food,51,,
739,"Chocolate chip cookies, containing wheat flour and coconut flour",COOKIES,,Philippines,2002,44,3,9,Normal,10,50,,"Bread, 2h",Standard,"Capillary, serum",Enzymatic,2,20,food,51,,
740,"Cookie, fiber enriched (Bahlsen GmbH&Co.KG, Hannover, Germany)",COOKIES,,Germany,2016*,42,4,8,Normal,26,50,84.5,"Bread, 2h",Standard,"Venous, whole blood",Enzymatic,82,20,food,51,,
741,"Cookie, decreased GI variant (sugar-to-flour ratio: 0.45)",COOKIES,,Belgium,2010*,37,10,7,Normal,10,25,62.5,"Glucose, 2h",Standard,"Venous, plasma/serum",Enzymatic,1,20,food,51,,
742,Digestives,COOKIES,,UK,2006,39,5,8,Normal,10,50,79.7,"Glucose, 2h",Standard,"Capillary, whole blood",Glucometer 9,30,20,food,51,,
743,"Evergreen met Krenten (LU, Netherlands)",COOKIES,,Netherlands,1996-2000,66,12,13,Normal,12,50,,"Glucose, 2h",Standard,"Capillary, plasma",Enzymatic,UO23,20,food,51,,
744,"Fior di Latte (Mulino Bianco, Barilla, Italy)",COOKIES,,Italy,2012,47,4,9,Normal,9,50,70,"Glucose, 2h",Standard,"Capillary, whole blood",YSI,3,20,food,51,,
745,"Gemme Integrali (Mulino Bianco, Barilla, Italy)",COOKIES,,Italy,2012,46,6,9,Normal,9,50,80,"Glucose, 2h",Standard,"Capillary, whole blood",YSI,3,20,food,51,,
746,Gingerbread cookies,COOKIES,,Australia,2016,66,4,13,Normal,9,50,70.1,"Glucose, 2h",Standard,"Capillary, plasma",Enzymatic,UO5,20,food,51,,
747,"Golden Flaxseed biscuits (SCIQ Biotech Pty Ltd, Australia)",COOKIES,,Australia,2020,36,5,7,Normal,10,50,106.2,"Glucose, 2h",Standard,"Capillary, plasma",Enzymatic,UO5,20,food,51,,
748,"Gran Cereale Cioccolato (Grancereale, Barilla, Italy)",COOKIES,,Italy,2010,52,10,10,Normal,9,50,81,"Glucose, 2h",Standard,"Capillary, whole blood",YSI,3,20,food,51,,
749,"Gran Cereale Frutta (Grancereale, Barilla, Italy)",COOKIES,,Italy,2010,51,7,10,Normal,9,50,87,"Glucose, 2h",Standard,"Capillary, whole blood",YSI,3,20,food,51,,
750,"Gran Cereale Classico (Grancereale, Barilla, Italy)",COOKIES,,production Italy,2005,49,4,10,number) Normal,10,,,"period Glucose, 2h",Standard,"Capillary, whole blood",method 4 YSI,3,20,food,52,,
751,"Gran'Dia Banana, Oats and Honey (LU, Brazil)",COOKIES,,Brazil,2002,28,5,6,"Normal, 11-",14,50,65,"Glucose, 2h",Standard,"Capillary, plasma",Enzymatic,53,20,food,52,,
752,"Gran'Dia Chocolate with five cereals (Danone, Brazil)",COOKIES,,Brazil,2002,39,8,8,"Normal, 11-",14,50,69,"Glucose, 2h",Standard,"Capillary, plasma",Enzymatic,53,20,food,52,,
753,"Grany en-cas Abricot (LU, France)",COOKIES,,France,1996-2000,55,6,11,Normal,12,50,,"Glucose, 2h",Standard,"Capillary, plasma",Enzymatic,10 UO,20,food,52,,
754,"Grany en-cas Fruits des bois (LU, France)",COOKIES,,France,1996-2000,50,5,10,Normal,14,50,,"Glucose, 2h",Standard,"Capillary, plasma",Enzymatic,23 UO,20,food,52,,
755,"Grany Rush Apricot (LU, Netherlands)",COOKIES,,Netherlands,2000,62,3,12,Normal,12,50,,"Glucose, 2h",Standard,"Capillary, plasma",Enzymatic,5 UO,20,food,52,,
756,"Grain biscuit, Mixed Berry flavor (belVita, Mondel ēz, Shanghai, China)",COOKIES,,China,2019,55,6,11,Normal,12,50,87.5,"Glucose, 2h",Standard,"Capillary, plasma",Enzymatic,UO18,20,food,52,,
757,"Grain biscuits, Milk & Cereal flavor (belVita, Mondel ēz, Shanghai, China)",COOKIES,,China,2020,53,4,11,Normal,12,50,78.1,"Glucose, 2h",Standard,"Capillary, plasma",Enzymatic,UO18,20,food,52,,
758,Györi Édes Jó reggelt! Müzlivel és gyümölccsel / Fruits and Muesli (LU Hungary),COOKIES,,Hungary,2002,45,5,9,Normal,11,50,69.3,"Glucose, 2h",Standard,"Capillary, plasma",Enzymatic,UO5,20,food,52,,
759,Györi Édes Jó reggelt! Müzlivel és gyümölccsel / Fruits and Muesli (LU Hungary),COOKIES,,Hungary,2003,49,5,10,Normal,11,50,69.3,"Glucose, 2h",Standard,"Capillary, plasma",Enzymatic,UO5,20,food,52,,
760,Györi Édes Jó reggelt! Müzlivel és gyümölccsel / Fruits and Muesli (LU Hungary),COOKIES,,Hungary,2004,47,6,9,Normal,12,50,69.3,"Glucose, 2h",Standard,"Capillary, plasma",Enzymatic,UO5,20,food,52,,
,"Györi Édes Jó reggelt! Müzlivel és gyümölccsel, mean of three studies",COOKIES,,,,,,,,,,,,,,,,20,mean,52,,
761,"Jo Reggelt Fruits and Figs (LU, Hungary)",COOKIES,,Hungary,2004,41,6,8,Normal,11,50,,"Glucose, 2h",Standard,"Capillary, plasma",Enzymatic,5 UO,20,food,52,,
762,"Jubilee Nuts and Honey (LU, Russia)",COOKIES,,Russia,2002,44,3,9,Normal,11,50,72.1,"Glucose, 2h",Standard,"Capillary, plasma",Enzymatic,5 UO,20,food,52,,
763,"Jubilee Nuts and Honey (LU, Russia)",COOKIES,,Russia,2003,45,4,9,Normal,12,50,74.2,"Glucose, 2h",Standard,"Capillary, plasma",Enzymatic,5 UO,20,food,52,,
764,Jyväshyvä Paussi Mysli and Fruits (LU Finland),COOKIES,,Finland,2002,45,5,9,Normal,11,50,69.3,"Glucose, 2h",Standard,"Capillary, plasma",Enzymatic,5 UO,20,food,52,,
765,Jyväshyvä Paussi Mysli and Fruits (LU Finland),COOKIES,,Finland,2003,49,5,10,Normal,11,50,69.3,"Glucose, 2h",Standard,"Capillary, plasma",Enzymatic,5 UO,20,food,52,,
766,Jyväshyvä Paussi Mysli and Fruits (LU Finland),COOKIES,,Finland,2004,47,6,9,Normal,12,50,69.3,"Glucose, 2h",Standard,"Capillary, plasma",Enzymatic,5 UO,20,food,52,,
,"Jyväshyvä Paussi Mysli and Fruits , mean of three studies",COOKIES,,,,47,,,,,,,,,,,,20,mean,52,,
767,Jyväs hyvä Paussi Vanilla (LU Finland),COOKIES,,production Finland,2004,55,7,11,number) Normal,11,,,"period Glucose, 2h",Standard,"Capillary, plasma",method 4 Enzymatic,UO5,20,food,53,,
768,Jyväshyvä Paussi Vanilla (LU Finland),COOKIES,,Finland,2006,39,4,8,Normal,12,50,,"Glucose, 2h",Standard,"Capillary, plasma",Enzymatic,UO5,20,food,53,,
769,Jyväshyvä Paussi Wholegrain (LU Finland),COOKIES,,Finland,2004,46,3,9,Normal,11,50,,"Glucose, 2h",Standard,"Capillary, plasma",Enzymatic,UO5,20,food,53,,
770,"Kingston, butternut cookies with chocolate filling (Arnott’s Pty Ltd, Australia)",COOKIES,,Australia,2013,48,6,10,Normal,10,50,81.3,"Glucose, 2h",Standard,"Capillary, plasma",Enzymatic,UO5,20,food,53,,
771,"Leda Luxury gluten-free chocolate coated cookies (Leda Nutrition, QLD, Australia)",COOKIES,,Australia,2004,35,7,7,Normal,10,50,111.1,"Glucose, 2h",Standard,"Capillary, plasma",Enzymatic,UO5,20,food,53,,
772,"LU P'tit Déjeuner Chocolat (LU, France)",COOKIES,,France,2002,42,5,8,"Normal, 11-",14,50,73,"Glucose, 2h",Standard,"Capillary, plasma",Enzymatic,53,20,food,53,,
773,"LU P'tit Déjeuner Miel et Pépites Chocolat (LU, France)",COOKIES,,France,2002,45,5,9,"Normal, 11-",14,50,71,"Glucose, 2h",Standard,"Capillary, plasma",Enzymatic,53,20,food,53,,
774,"LU P'tit Déjeuner Miel et Pépites Chocolat (LU, France)",COOKIES,,France,1996-2000,49,8,10,Normal,11,50,,"Glucose, 2h",Standard,"Capillary, plasma",Enzymatic,"UO23, 24",20,food,53,,
775,"LU P'tit Déjeuner Miel et Pépites Chocolat (LU, France)",COOKIES,,France,2000,52,3,10,Normal,12,50,76.1,"Glucose, 2h",Standard,"Capillary, plasma",Enzymatic,UO5,20,food,53,,
,"LU P'tit Déjeuner Miel et Pépites Chocolat, mean of three studies",COOKIES,,,,,,,,,,,,,,,,20,mean,53,,
776,"LU Petit Dejeuner, Chocolate, low in sugar (LU France)",COOKIES,,France,2004,51,7,10,Normal,11,50,69.1,"Glucose, 2h",Standard,"Capillary, plasma",Enzymatic,UO5,20,food,53,,
777,"LU Petit Dejeuner Chocolate & Cereals (LU, France)",COOKIES,,France,2003,46,6,9,Normal,11,50,70.7,"Glucose, 2h",Standard,"Capillary, plasma",Enzymatic,UO5,20,food,53,,
778,"LU Petit Dejeuner Chocolate & Cereals (LU, France)",COOKIES,,France,2006,58,6,12,Normal,12,50,71.4,"Glucose, 2h",Standard,"Capillary, plasma",Enzymatic,UO5,20,food,53,,
779,"LU Petit Dejeuner Cereals & Chocolate Chips, low in sugar (LU France, LU Belgium, LU Czech Republic)",COOKIES,,NS,2004,37,5,7,Normal,11,50,,"Glucose, 2h",Standard,"Capillary, plasma",Enzymatic,UO5,20,food,53,,
780,"LU Petit Dejeuner Coconut, nuts and chocolate (LU France)",COOKIES,,France,2005,55,6,11,Normal,12,50,71.8,"Glucose, 2h",Standard,"Capillary, plasma",Enzymatic,UO5,20,food,53,,
781,"LU Petit Dejeuner Coconut, nuts and chocolate (LU France)",COOKIES,,France,2006,51,7,10,Normal,12,50,74.1,"Glucose, 2h",Standard,"Capillary, plasma",Enzymatic,UO5,20,food,53,,
782,LU Petit Dejeuner Fruits and Muesli (LU France),COOKIES,,France,2002,45,5,9,Normal,11,50,69.3,"Glucose, 2h",Standard,"Capillary, plasma",Enzymatic,UO5,20,food,53,,
783,LU Petit Dejeuner Fruits and Muesli (LU France),COOKIES,,France,2003,49,5,10,Normal,11,50,69.3,"Glucose, 2h",Standard,"Capillary, plasma",Enzymatic,UO5,20,food,53,,
784,LU Petit Dejeuner Fruits and Muesli (LU France),COOKIES,,production France,2004,47,6,9,number) Normal,12,,,"period Glucose, 2h",Standard,"Capillary, plasma",method 4 Enzymatic,UO5,20,food,54,,
,"LU Petit Dejeuner Fruits and Muesli, mean of three studies",COOKIES,,,,47,,,,,,,,,,,,20,mean,54,,
785,LU Petit Dejeuner Honey & Chocolate chips (LU France),COOKIES,,France,2003,47,6,9,Normal,11,50,70.7,"Glucose, 2h",Standard,"Capillary, plasma",Enzymatic,UO5,20,food,54,,
786,LU Petit Dejeuner Honey & Chocolate chips (LU France),COOKIES,,France,2006,46,4,9,Normal,11,50,71.6,"Glucose, 2h",Standard,"Capillary, plasma",Enzymatic,UO5,20,food,54,,
787,"LU Petit Dejeuner Milk and Cereals (LU France, LU Belgium)",COOKIES,,NS,2004,55,7,11,Normal,11,50,72.7,"Glucose, 2h",Standard,"Capillary, plasma",Enzymatic,UO5,20,food,54,,
788,"LU Petit Dejeuner Milk and Cereals (LU France, LU Belgium)",COOKIES,,NS,2006,39,4,8,Normal,12,50,74.1,"Glucose, 2h",Standard,"Capillary, plasma",Enzymatic,UO5,20,food,54,,
789,"LU Petit Dejeuner Multicereals (LU France, LU Belgium)",COOKIES,,NS,2004,46,3,9,Normal,11,50,,"Glucose, 2h",Standard,"Capillary, plasma",Enzymatic,UO5,20,food,54,,
790,"LU Petit Dejeuner with Fruits and Figs (LU France, LU Belgium)",COOKIES,,NS,2004,41,6,8,Normal,11,50,,"Glucose, 2h",Standard,"Capillary, plasma",Enzymatic,UO5,20,food,54,,
791,"LU Petit Dejeuner with Prunes (LU, France)",COOKIES,,France,2006,51,6,10,Normal,12,50,74.5,"Glucose, 2h",Standard,"Capillary, plasma",Enzymatic,UO5,20,food,54,,
792,"Macaroons, containing wheat flour and with coconut flour",COOKIES,,Philippines,2002,32,2,6,Normal,10,50,,"Bread, 2h",Standard,"Capillary, serum",Enzymatic,2,20,food,54,,
793,"Maltmeal wafer (Griffin's Foods Ltd., New Zealand)",COOKIES,,New Zealand,2000,50,10,10,Normal,10,50,,"Glucose, 2h",Standard,"Venous, plasma",Enzymatic,27,20,food,54,,
794,"Montana Chocolate Chip Cookies (Kinnikinnic Foods Inc., Edmonton. AB, Canada)",COOKIES,,Canada,2009*,43,3,9,"Normal, women",40,50,63.2,"Glucose, 2h",Standard,"Capillary, whole blood",YSI,38,20,food,54,,
795,"Montana Chocolate Chip Cookies (Kinnikinnic Foods Inc., Edmonton. AB, Canada)",COOKIES,,Canada,2009*,42,2,8,"Normal, men",37,50,63.2,"Glucose, 2h",Standard,"Capillary, whole blood",YSI,38,20,food,54,,
796,"Montana Chocolate Chip Cookies (Kinnikinnic Foods Inc., Edmonton. AB, Canada)",COOKIES,,Canada,2009*,42,3,8,"Normal, Caucasian",40,50,63.2,"Glucose, 2h",Standard,"Capillary, whole blood",YSI,38,20,food,54,,
797,"Montana Chocolate Chip Cookies (Kinnikinnic Foods Inc., Edmonton. AB, Canada)",COOKIES,,Canada,2009*,42,3,8,"Normal, Non- Caucasian",37,50,63.2,"Glucose, 2h",Standard,"Capillary, whole blood",YSI,38,20,food,54,,
798,"Montana Chocolate Chip Cookies (Kinnikinnic Foods Inc., Edmonton. AB, Canada)",COOKIES,,Canada,2009*,42,3,8,"Normal, ≤ 40 y",39,50,63.2,"Glucose, 2h",Standard,"Capillary, whole blood",YSI,38,20,food,54,,
799,"Montana Chocolate Chip Cookies (Kinnikinnic Foods Inc., Edmonton. AB, Canada)",COOKIES,,Canada,2009*,43,3,9,"Normal, >40 y",38,50,63.2,"Glucose, 2h",Standard,"Capillary, whole blood",YSI,38,20,food,54,,
800,"Montana Chocolate Chip Cookies (Kinnikinnic Foods Inc., Edmonton. AB, Canada)",COOKIES,,production Canada,2009*,43,3,9,"number) Normal, lean",37,,,"period Glucose, 2h",Standard,"Capillary, whole blood",method 4 YSI,38,20,food,55,,
801,"Montana Chocolate Chip Cookies (Kinnikinnic Foods Inc., Edmonton. AB, Canada)",COOKIES,,Canada,2009*,41,3,8,"Normal, overweight",40,50,63.2,"Glucose, 2h",Standard,"Capillary, whole blood",YSI,38,20,food,55,,
,"Montana Chocolate Chip Cookies, mean of eight studies",COOKIES,,,,42,,,,,,,,,,,,20,mean,55,,
802,"Nutrigrain Fruits des bois (Kellogg's, France)",COOKIES,,France,2000,57,4,11,Normal,12,50,79.7,"Glucose, 2h",Standard,"Capillary, plasma",Enzymatic,UO5,20,food,55,,
803,Oat biscuit,COOKIES,,UK,2006,45,7,9,Normal,10,50,82.2,"Glucose, 2h",Standard,"Capillary, whole blood",Glucometer 9,30,20,food,55,,
804,Oat biscuit,COOKIES,,China,2005,55,1,11,Normal,10,50,,"Glucose, 2h",Standard,"Venous, NS",NS,12,20,food,55,,
805,"Oat biscuit, Nairn's™ Stem Ginger Oat Biscuit (Nairn's Oatcakes Ltd, Edinburgh, Scotland)",COOKIES,,UK,2007,55,6,11,Normal,10,50,73.5,"Glucose, 2h",Standard,"Capillary, whole blood",HemoCue,UO26,20,food,55,,
806,"Oro (Saiwa, Italy)",COOKIES,,Italy,2002,61,9,12,"Normal, 11-",14,50,62,"Glucose, 2h",Standard,"Capillary, plasma",Enzymatic,53,20,food,55,,
807,"Pavesini (Pavesi, Barilla, Italy)",COOKIES,,Italy,2004,52,5,10,Normal,10,25,57,"Glucose, 2h",Standard,"Capillary, whole blood",YSI,3,20,food,55,,
808,"Petiki Go ! Fruits and Muesli (LU, Poland)",COOKIES,,Poland,2002,45,5,9,Normal,11,50,69.3,"Glucose, 2h",Standard,"Capillary, plasma",Enzymatic,UO5,20,food,55,,
809,"Petiki Go ! Fruits and Muesli (LU, Poland)",COOKIES,,Poland,2003,49,5,10,Normal,11,50,69.3,"Glucose, 2h",Standard,"Capillary, plasma",Enzymatic,UO5,20,food,55,,
810,"Petiki Go ! Fruits and Muesli (LU, Poland)",COOKIES,,Poland,2004,47,6,9,Normal,12,50,69.3,"Glucose, 2h",Standard,"Capillary, plasma",Enzymatic,UO5,20,food,55,,
,"Petiki Go ! Fruits and Muesli, mean of three studies",COOKIES,,,,47,,,,,,,,,,,,20,mean,55,,
811,"Petit brun extra (LU, France)",COOKIES,,France,2002,77,12,15,"Normal, 11-",14,50,62,"Glucose, 2h",Standard,"Capillary, plasma",Enzymatic,53,20,food,55,,
812,"Petit LU Normand (LU, France)",COOKIES,,France,2000,51,3,10,Normal,12,50,,"Glucose, 2h",Standard,"Capillary, plasma",Enzymatic,UO5,20,food,55,,
813,"Petit LU Roussillon (LU, France)",COOKIES,,France,2000,48,4,10,Normal,12,50,,"Glucose, 2h",Standard,"Capillary, plasma",Enzymatic,UO5,20,food,55,,
814,"President's Choice® Blue Menu™ Cranberry Orange Cookies (Loblaw Brands Limited, Canada)",COOKIES,,Canada,2004-2007,60,4,12,Normal,10,50,,"Bread, 2h",Standard,"Capillary, whole blood",YSI,UO7,20,food,55,,
815,"President's Choice® Blue Menu™ Crunchy Oat Cookies (Loblaw Brands Limited, Canada)",COOKIES,,Canada,2004-2007,62,7,12,Normal,10,50,,"Bread, 2h",Standard,"Capillary, whole blood",YSI,UO7,20,food,55,,
816,"President's Choice® Blue Menu™ Ginger & Lemon Cookies (Loblaw Brands Limited, Canada)",COOKIES,,production Canada,2004-2007,64,5,13,number) Normal,10,,,"period Bread, 2h",Standard,"Capillary, whole blood",method 4 YSI,UO7,20,food,56,,
817,"Prince Energie+ (LU, France)",COOKIES,,France,2000,73,5,15,Normal,12,50,,"Glucose, 2h",Standard,"Capillary, plasma",Enzymatic,UO5,20,food,56,,
818,"Prince fourré chocolat (LU, France)",COOKIES,,France,1996-2000,50,5,10,Normal,12,50,,"Glucose, 2h",Standard,"Capillary, plasma",Enzymatic,UO23,20,food,56,,
819,"Prince fourré chocolat (LU, France)",COOKIES,,France,1996-2000,53,5,11,Normal,13,50,,"Glucose, 2h",Standard,"Capillary, plasma",Enzymatic,UO23,20,food,56,,
820,"Prince gout chocolat (LU, France)",COOKIES,,France,2002,53,5,11,"Normal, 11-",14,50,69,"Glucose, 2h",Standard,"Capillary, plasma",Enzymatic,53,20,food,56,,
821,"Prince Petit Déj Cereals (LU, France)",COOKIES,,France,2003,52,7,10,Normal,12,50,,"Glucose, 2h",Standard,"Capillary, plasma",Enzymatic,UO5,20,food,56,,
822,"Prince Petit Déj Cereals and Chocolate (LU, France)",COOKIES,,France,2004,51,5,10,Normal,12,50,71.8,"Glucose, 2h",Standard,"Capillary, plasma",Enzymatic,UO5,20,food,56,,
823,"Prince Petit Déjeuner Vanille (LU, France and Spain)",COOKIES,,NS,1996-2000,45,6,9,Normal,12,50,,"Glucose, 2h",Standard,"Capillary, plasma",Enzymatic,UO23,20,food,56,,
824,"Principe megamanana vanilla (LU, Spain)",COOKIES,,Spain,2002,45,6,9,"Normal, 11-",14,50,69,"Glucose, 2h",Standard,"Capillary, plasma",Enzymatic,53,20,food,56,,
825,Rich Tea,COOKIES,,UK,2006,40,5,8,Normal,10,50,70.2,"Glucose, 2h",Standard,"Capillary, whole blood",Glucometer 9,30,20,food,56,,
826,Rotary-Molded biscuit,COOKIES,,France,2019*,48,4,10,Normal,15,50,67.4,"Glucose, 2h",Standard,"Capillary, plasma",Enzymatic,7,20,food,56,,
827,Rotary-Molded biscuit,COOKIES,,France,2019*,47,4,9,Normal,15,50,67.4,"Glucose, 2h",Standard,"Capillary, whole blood",YSI,7,20,food,56,,
828,Rotary-Molded biscuit,COOKIES,,France,2019*,45,6,9,Normal,13,50,67.4,"Glucose, 2h",Standard,"Capillary, plasma",Enzymatic,7,20,food,56,,
,"Rotary-Molded biscuit, mean of three studies",COOKIES,,,,47,,,,,,,,,,,,20,mean,56,,
829,"Sablé des Flandres (LU, France)",COOKIES,,France,1996-2000,57,10,11,Normal,12,50,,"Glucose, 2h",Standard,"Capillary, plasma",Enzymatic,UO23,20,food,56,,
830,Sandwich Rotary-Molded biscuit,COOKIES,,France,2019*,44,4,9,Normal,15,50,63.8,"Glucose, 2h",Standard,"Capillary, plasma",Enzymatic,7,20,food,56,,
831,Sandwich Rotary-Molded biscuit,COOKIES,,France,2019*,56,4,11,Normal,15,50,63.8,"Glucose, 2h",Standard,"Capillary, whole blood",YSI,7,20,food,56,,
832,Sandwich Rotary-Molded biscuit,COOKIES,,France,2019*,52,7,10,Normal,13,50,63.8,"Glucose, 2h",Standard,"Capillary, plasma",Enzymatic,7,20,food,56,,
,"Sandwich-Rotary-Molded biscuit, mean of three studies",COOKIES,,,,51,,,,,,,,,,,,20,mean,56,,
833,"Segreti di Bosco (Mulino Bianco, Barilla, Italy)",COOKIES,,production Italy,2012,53,7,11,number) Normal,9,,,"period Glucose, 2h",Standard,"Capillary, whole blood",method 4 YSI,3,20,food,57,,
834,"Snack Right Fruit Pillow, Apple and blackberry (Arnotts, Australia)",COOKIES,,Australia,2002,43,3,9,Normal,10,50,76.2,"Glucose, 2h",Standard,"Capillary, whole blood",HemoCue,UO5,20,food,57,,
835,"Snack Right Fruit Pillow, Spicy apple and sultana (Arnotts, Australia)",COOKIES,,Australia,2002,45,3,9,Normal,10,50,76.2,"Glucose, 2h",Standard,"Capillary, whole blood",HemoCue,UO5,20,food,57,,
836,"Snack Right Fruit Pillow, Wild berry (Arnott's, Australia)",COOKIES,,Australia,2002,52,3,10,Normal,10,50,70.8,"Glucose, 2h",Standard,"Capillary, whole blood",HemoCue,UO5,20,food,57,,
837,"Snack Right Fruit Slice, Mango and passionfruit (Arnott's, Australia)",COOKIES,,Australia,2002,49,3,10,Normal,10,50,70.1,"Glucose, 2h",Standard,"Capillary, whole blood",HemoCue,UO5,20,food,57,,
838,"Snack Right Fruit Slice, Mixed berry (Arnott's, Australia)",COOKIES,,Australia,2002,50,3,10,Normal,10,50,70.7,"Glucose, 2h",Standard,"Capillary, whole blood",HemoCue,UO5,20,food,57,,
839,"Snack Right Fruit Slice, Original Sultana (97% fat-free) (Arnott's, Australia)",COOKIES,,Australia,2002,48,2,10,Normal,10,50,72.7,"Glucose, 2h",Standard,"Capillary, whole blood",HemoCue,UO5,20,food,57,,
840,"Snack Right Fruit Slice, Sultana with chocolate (Arnott's, Australia)",COOKIES,,Australia,2002,45,3,9,Normal,10,50,75.6,"Glucose, 2h",Standard,"Capillary, whole blood",HemoCue,UO5,20,food,57,,
841,Sweet biscuit,COOKIES,,UK,2007,47,6,9,Normal Caucasian,10,50,,"Glucose, 2h",Standard,"Capillary, whole blood",Glucometer 9,58,20,food,57,,
842,Sweet biscuit,COOKIES,,UK,2007,63,4,13,Normal Asian,10,50,,"Glucose, 2h",Standard,"Capillary, whole blood",Glucometer 9,58,20,food,57,,
843,Sweetmeal biscuit,COOKIES,,UK,2007,39,4,8,Normal Caucasian,10,50,,"Glucose, 2h",Standard,"Capillary, whole blood",Glucometer 9,58,20,food,57,,
844,Sweetmeal biscuit,COOKIES,,UK,2007,42,4,8,Normal Asian,10,50,,"Glucose, 2h",Standard,"Capillary, whole blood",Glucometer 9,58,20,food,57,,
845,"Thé (LU, France)",COOKIES,,France,202,41,7,8,"Normal, 11-",14,50,64,"Glucose, 2h",Standard,"Capillary, plasma",Enzymatic,53,20,food,57,,
846,"Véritable Petit Beurre (LU, France)",COOKIES,,France,2002,51,8,10,"Normal, 11-",14,50,67,"Glucose, 2h",Standard,"Capillary, plasma",Enzymatic,53,20,food,57,,
847,"Véritable Petit Beurre (LU, France)",COOKIES,,France,2002,54,5,11,Normal,12,50,65.1,"Glucose, 2h",Standard,"Capillary, plasma",Enzymatic,5 UO,20,food,57,,
848,"Véritable Petit Beurre (LU, France)",COOKIES,,France,2006,54,6,11,Normal,11,50,63.3,"Glucose, 2h",Standard,"Capillary, plasma",Enzymatic,5 UO,20,food,57,,
,"Véritable Petit Beurre, mean of three studies",COOKIES,,,,53,,,,,,,,,,,,20,mean,57,,
849,"Vitasnella frollini (Saiwa, Italy)",COOKIES,,Italy,2002,59,10,12,"Normal, 11-",14,50,61,"Glucose, 2h",Standard,"Capillary, plasma",Enzymatic,53,20,food,57,,
850,"BBQ Shapes, savory crackers (Arnott’s Pty Ltd, Australia)",CRACKERS,,Australia,2010,48,4,7,Normal,10,50,79.0,"Glucose, 2h",Standard,"Capillary, plasma",Enzymatic,UO5,15,food,58,,
851,"Choice grain crackers (Jacob’s Bakery, UK)",CRACKERS,,UK,2006,49,7,7,Normal,10,50,76.3,"Glucose, 2h",Standard,"Capillary, whole blood",Glucometer 9,30,15,food,58,,
852,"Crispbread, soft wheat flour (54%), rye flour (36%), pumpkin seeds (7.5%) (Spianate croccanti con semi di zucca, Grancereale, Barilla, Italy)",CRACKERS,,Italy,2012,53,5,8,Normal,10,50,82,"Glucose, 2h",Standard,"Capillary, whole blood",YSI,3,15,food,58,,
853,"Corn Thins, puffed corn cakes, gluten-free (Real Foods, St Peters, Australia)",CRACKERS,,Australia,2000,87,10,13,Normal,10,50,68.8,"Glucose, 2h",Standard,"Capillary, whole blood",HemoCue,UO5,15,food,58,popped,name
854,Cracker,CRACKERS,,France,2019*,51,4,8,Normal,15,50,75.9,"Glucose, 2h",Standard,"Capillary, plasma",Enzymatic,7,15,food,58,,
855,Cracker,CRACKERS,,France,2019*,61,5,9,Normal,15,50,75.9,"Glucose, 2h",Standard,"Capillary, whole blood",YSI,7,15,food,58,,
856,Cracker,CRACKERS,,France,2019*,60,5,9,Normal,13,50,75.9,"Glucose, 2h",Standard,"Capillary, plasma",Enzymatic,7,15,food,58,,
,"Cracker, mean of three studies",CRACKERS,,,,57,,,,,,,,,,,,15,mean,58,,
857,"Crackers, soft wheat flour, salty (Cracker integrali Sfoglia di grano, Mulino Bianco, Barilla, Italy)",CRACKERS,,Italy,2010,63,5,9,Normal,10,50,81,"Glucose, 2h",Standard,"Capillary, whole blood",YSI,3,15,food,58,,
858,"Crackers, whole-meal soft wheat flour (Cracker salati Sfoglia di grano, Mulino Bianco, Barilla, Italy)",CRACKERS,,Italy,2010,63,8,9,Normal,10,50,72,"Glucose, 2h",Standard,"Capillary, whole blood",YSI,3,15,food,58,,
859,"Cream cracker (LU Triumfo, Brazil)",CRACKERS,,Brazil,2002,64,11,10,"Normal, 11-",14,50,75,"Glucose, 2h",Standard,"Capillary, plasma",Enzymatic,53,15,food,58,,
860,"Grain cracker (Bestore, Wuhan, China)",CRACKERS,,China,2020,25,2,4,Normal,12,50,100,"Glucose, 2h",Standard,"Capillary, plasma",Enzymatic,UO18,15,food,58,,
861,"Bread stick, Grissini Fibra Activa (with psyllium and oat) (Panmonviso, Italy)",CRACKERS,,Italy,2008,52,5,8,Normal,12,50,110,"Glucose, 2h",Standard,"Capillary, whole blood",YSI,3,15,food,58,,
862,"Bread stick, Grissini classici friabili (Mulino Bianco, Barilla, Italy)",CRACKERS,,Italy,2004,66,7,10,Normal,10,50,68,"Glucose, 2h",Standard,"Capillary, whole blood",YSI,3,15,food,58,,
863,"Protein cracker, Cheese (Herman Brot Pty Ltd, Australia)",CRACKERS,,Australia,2019,22,2,3,Normal,10,25,174.6,"Glucose, 2h",Standard,"Capillary, plasma",Enzymatic,UO5,15,food,58,,
864,"Protein cracker, Mediterranean (Herman Brot Pty Ltd, Australia)",CRACKERS,,Australia,2019,31,3,5,Normal,10,25,116.8,"Glucose, 2h",Standard,"Capillary, plasma",Enzymatic,UO5,15,food,58,,
865,"Protein cracker, Natural (Herman Brot Pty Ltd, Australia)",CRACKERS,,production Australia,2019,24,3,4,number) Normal,10,,,"period Glucose, 2h",Standard,"Capillary, plasma",method 4 Enzymatic,UO5,15,food,59,,
866,"Protein cracker, Olive (Herman Brot Pty Ltd, Australia)",CRACKERS,,Australia,2019,29,4,4,Normal,10,25,102.3,"Glucose, 2h",Standard,"Capillary, plasma",Enzymatic,UO5,15,food,59,,
867,"Protein cracker, Spicy (Herman Brot Pty Ltd, Australia)",CRACKERS,,Australia,2019,26,3,4,Normal,10,25,100.1,"Glucose, 2h",Standard,"Capillary, plasma",Enzymatic,UO5,15,food,59,,
868,"Protein cracker, Zatar (Herman Brot Pty Ltd, Australia)",CRACKERS,,Australia,2019,27,3,4,Normal,10,25,106.8,"Glucose, 2h",Standard,"Capillary, plasma",Enzymatic,UO5,15,food,59,,
,"Protein cracker (Herman Brot), mean of six foods",CRACKERS,,,,27,,,,,,,,,,,,15,mean,59,,
869,"High-calcium cracker (Jacob’s, Malaysia)",CRACKERS,,Malaysia,2002,52,8,8,"Normal, 11-",14,50,72,"Glucose, 2h",Standard,"Capillary, plasma",Enzymatic,53,15,food,59,,
870,"Melba toast/Rusk, wheat flour (Fette Biscottate Le Dorate, Italy)",CRACKERS,,Italy,2005,64,11,10,Normal,10,50,66.3,"Glucose, 2h",Standard,"Capillary, whole blood",YSI,3,15,food,59,toasted,name
871,"Melba toast/Rusk, soft wheat flour, whole-meal barley flour (10%), rolled oat (2%) (Fette biscottate Cuori di orzo, Mulino Bianco, Barilla, Italy)",CRACKERS,,Italy,2012,45,5,7,Normal,9,50,72,"Glucose, 2h",Standard,"Capillary, whole blood",YSI,3,15,food,59,toasted,name
872,"Melba toast/Rusk, soft wheat flour, bran and rolled oat, with psyllium and soluble fibers (Fette biscottate Fibra Activa, Panmonviso, Italy)",CRACKERS,,Italy,2009,47,6,7,Normal,10,50,111,"Glucose, 2h",Standard,"Capillary, whole blood",YSI,3,15,food,59,toasted,name
873,"Melba Toast/Rusk, whole-meal wheat flour (50.1%), soft wheat flour (Fette Biscottate Le Integrali, Mulino Bianco, Barilla, Italy)",CRACKERS,,Italy,2005,73,9,11,Normal,9,50,72,"Glucose, 2h",Standard,"Capillary, whole blood",YSI,3,15,food,59,toasted,name
874,"Melba Toast/Rusk made with rice, oat, wheat, corn, barley and rye (Fette Biscottate Le cereal,(Mulino Bianco, Barilla, Italy)",CRACKERS,,Italy,2007,69,8,10,Normal,9,50,67,"Glucose, 2h",Standard,"Capillary, whole blood",YSI,UO14,15,food,59,toasted,name
875,9 Grain cracker,CRACKERS,,Australia,2013,68,5,10,Normal,10,50,80.3,"Glucose, 2h",Standard,"Capillary, plasma",Enzymatic,UO5,15,food,59,,
876,"Ancient Grains snack crackers, President's Choice® Blue Menu™ (Loblaw Brands Limited, Canada)",CRACKERS,,Canada,2004-2007,65,6,10,Normal,10,50,,"Bread, 2h",Standard,"Capillary, whole blood",YSI,UO7,15,food,59,,
877,"Wheat & Onion snack crackers, President's Choice® Blue Menu™ (Loblaw Brands Limited, Canada)",CRACKERS,,Canada,2004-2007,60,6,9,Normal,10,50,,"Bread, 2h",Standard,"Capillary, whole blood",YSI,UO7,15,food,59,,
878,"Wheat & Sesame snack crackers, President's Choice® Blue Menu™ (Loblaw Brands Limited, Canada)",CRACKERS,,Canada,2004-2007,56,7,8,Normal,10,50,,"Bread, 2h",Standard,"Capillary, whole blood",YSI,UO7,15,food,59,,
879,"Wheat snack crackers, President's Choice® Blue Menu™ (Loblaw Brands Limited, Canada)",CRACKERS,,Canada,2004-2007,65,7,10,Normal,10,50,,"Bread, 2h",Standard,"Capillary, whole blood",YSI,UO7,15,food,59,,
880,"Puffed rice cakes, Calrose rice, low-amylose (Rice Growers Co-op, Australia)",CRACKERS,,Australia,1995,91,7,14,Normal,9,50,61,"Bread, 2h","0,15,30,45,6 0,75,90,105, 120","Capillary, plasma",Enzymatic,70,15,food,60,popped,name
881,"Puffed rice cakes, Doongara rice, high-amylose (Rice Growers Co-op, Australia)",CRACKERS,,Australia,1995,61,5,9,Normal,9,50,63,"Bread, 2h","0,15,30,45,6 0,75,90,105, 120","Capillary, plasma",Enzymatic,70,15,food,60,popped,name
882,"Puffed rice cakes, caramel flavored",CRACKERS,,USA,2002,82,10,12,Normal,10,25,28.1,"Glucose, 2h",Standard,"Capillary, whole blood",HemoCue,UO5,15,food,60,popped,name
883,"Rice cracker, plain (Sakada, Japan)",CRACKERS,,Japan,2003,91,11,14,Normal,10,50,,"Rice 17 , 2h",Standard,"Capillary, whole blood",Glucometer 9,45,15,food,60,,
884,Rye crackers with oats,CRACKERS,,UK,2006,64,11,10,Normal,10,50,78.6,"Glucose, 2h",Standard,"Capillary, whole blood",Glucometer 9,30,15,food,60,,
885,Rye crackers with sesame,CRACKERS,,UK,2006,57,12,9,Normal,10,50,77.0,"Glucose, 2h",Standard,"Capillary, whole blood",Glucometer 9,30,15,food,60,,
886,"Pumpkin Seeds & Oats cracker, Ryvita® (George Weston Foods, North Ryde, Australia)",CRACKERS,,Australia,2007,46,7,7,Normal,10,50,,"Glucose, 2h",Standard,"Capillary, whole blood",HemoCue,UO15,15,food,60,,
887,"Sunflower Seeds & Oats cracker, Ryvita® (George Weston Foods, North Ryde, Australia)",CRACKERS,,Australia,2007,48,8,7,Normal,10,50,,"Glucose, 2h",Standard,"Capillary, whole blood",HemoCue,UO15,15,food,60,,
888,Wholewheat crackers with pumpkin and thyme,CRACKERS,,UK,2006,36,3,5,Normal,10,50,81.6,"Glucose, 2h",Standard,"Capillary, whole blood",Glucometer 9,30,15,food,60,,
889,Wholegrain crackers with sesame seeds and rosemary,CRACKERS,,UK,2006,53,8,8,Normal,10,50,80.3,"Glucose, 2h",Standard,"Capillary, whole blood",Glucometer 9,30,15,food,60,,
890,"Wholewheat sticks, crunchy, yeast extract flavored",CRACKERS,,UK,2006,50,8,8,Normal,10,50,87.3,"Glucose, 2h",Standard,"Capillary, whole blood",Glucometer 9,30,15,food,60,,
891,"Custard, low-fat, vanilla flavored (Nestlé, Australia)",DAIRY PRODUCTS AND ALTERNATIVES,Custard,Australia,2006-2007,29,4,6,Normal,10,50,520.8,"Glucose, 2h",Standard,"Capillary, whole blood",HemoCue,UO10,10,food,60,,
892,"No Bake Egg Custard, prepared from powder with whole milk (Nestlé, Australia)",DAIRY PRODUCTS AND ALTERNATIVES,Custard,Australia,1999,35,2,7,Normal,10,25,,"Glucose, 2h",Standard,"Capillary, whole blood",HemoCue,UO5,10,food,60,baked,name
893,"Reduced-fat custard, TRIM™ (Pauls Ltd, Brisbane, Australia)",DAIRY PRODUCTS AND ALTERNATIVES,Custard,Australia,1999,37,4,7,Normal,10,50,347.2,"Bread, 2h",Standard,"Capillary, whole blood",HemoCue,UO5,10,food,60,,
894,"Custard, low-fat, trifle flavored (Nestlé, Australia)",DAIRY PRODUCTS AND ALTERNATIVES,Custard,production Australia,2006-2007,30,3,6,number) Normal,11,,,"period Glucose, 2h",Standard,"Capillary, whole blood",method 4 HemoCue,UO10,10,food,61,,
,"Custard, mean of four foods",DAIRY PRODUCTS AND ALTERNATIVES,Custard,,,33,,,,,,,,,,,,10,mean,61,,
895,"Crème fraiche dessert, peach (Finest, UK)",DAIRY PRODUCTS AND ALTERNATIVES,Crème Fraiche,UK,2005,28,8,6,Normal,9,25,320.5,"Glucose, 2h",Standard,"Capillary, whole blood",Glucometer 9,26,10,food,61,,
896,"Crème fraiche dessert, raspberry (Finest, UK)",DAIRY PRODUCTS AND ALTERNATIVES,Crème Fraiche,UK,2005,30,7,6,Normal,10,25,446.4,"Glucose, 2h",Standard,"Capillary, whole blood",Glucometer 9,26,10,food,61,,
897,"Fromage Frais, red fruit: blackcurrant (Healthy Living, UK)",DAIRY PRODUCTS AND ALTERNATIVES,Fromage Frais,UK,2005,22,5,4,Normal,10,25,416.7,"Glucose, 2h",Standard,"Capillary, whole blood",Glucometer 9,26,10,food,61,,
898,"Fromage Frais, red fruit: raspberry (Healthy Living, UK)",DAIRY PRODUCTS AND ALTERNATIVES,Fromage Frais,UK,2005,31,8,6,Normal,10,25,441.2,"Glucose, 2h",Standard,"Capillary, whole blood",Glucometer 9,26,10,food,61,,
899,"Fromage Frais, red fruit: red cherry (Healthy Living, UK)",DAIRY PRODUCTS AND ALTERNATIVES,Fromage Frais,UK,2005,25,6,5,Normal,10,25,416.7,"Glucose, 2h",Standard,"Capillary, whole blood",Glucometer 9,26,10,food,61,,
900,"Fromage Frais, red fruit: strawberry (Healthy Living, UK)",DAIRY PRODUCTS AND ALTERNATIVES,Fromage Frais,UK,2005,29,9,6,Normal,9,25,454.5,"Glucose, 2h",Standard,"Capillary, whole blood",Glucometer 9,26,10,food,61,,
901,"Fromage Frais, yellow fruit: mandarin and orange (Healthy Living, UK)",DAIRY PRODUCTS AND ALTERNATIVES,Fromage Frais,UK,2005,19,6,4,Normal,9,25,428.6,"Glucose, 2h",Standard,"Capillary, whole blood",Glucometer 9,26,10,food,61,,
902,"Fruche® , low-fat, apricot vanilla honey (National Foods Ltd, Melbourne, Australia)",DAIRY PRODUCTS AND ALTERNATIVES,Fromage Frais,Austr alia,2005,34,5,7,Normal,10,50,337.8,"Glucose, 2h",Standard,"Capillary, whole blood",HemoCue,UO5,10,food,61,,
903,"Fruche® , low-fat, berry compote (National Foods Ltd, Melbourne, Australia)",DAIRY PRODUCTS AND ALTERNATIVES,Fromage Frais,Australia,2005,37,6,7,Normal,10,50,357.1,"Glucose, 2h",Standard,"Capillary, whole blood",HemoCue,UO5,10,food,61,,
904,"Fruche® , low-fat, duet peach on pineapple (National Foods Ltd, Melbourne, Australia)",DAIRY PRODUCTS AND ALTERNATIVES,Fromage Frais,Australia,2005,34,5,7,Normal,10,50,340.1,"Glucose, 2h",Standard,"Capillary, whole blood",HemoCue,UO5,10,food,61,,
905,"Fruche® , low-fat, lemon sorbetto (National Foods Ltd, Melbourne, Australia)",DAIRY PRODUCTS AND ALTERNATIVES,Fromage Frais,Australia,2005,34,3,7,Normal,10,50,342.5,"Glucose, 2h",Standard,"Capillary, whole blood",HemoCue,UO5,10,food,61,,
906,"Fruche® , low-fat, orange sorbetto (National Foods Ltd, Melbourne, Australia)",DAIRY PRODUCTS AND ALTERNATIVES,Fromage Frais,Australia,2005,34,3,7,Normal,10,50,359.7,"Glucose, 2h",Standard,"Capillary, whole blood",HemoCue,UO5,10,food,61,,
907,"Fruche® , low-fat, peach roulade (National Foods Ltd, Melbourne, Australia)",DAIRY PRODUCTS AND ALTERNATIVES,Fromage Frais,Australia,2005,37,6,7,Normal,10,50,352.1,"Glucose, 2h",Standard,"Capillary, whole blood",HemoCue,UO5,10,food,61,,
908,"Fruche® on Fruit, low-fat, toffee apple (National Foods Ltd, Melbourne, Australia)",DAIRY PRODUCTS AND ALTERNATIVES,Fromage Frais,Australia,2005,47,6,9,Normal,10,50,226.2,"Glucose, 2h",Standard,"Capillary, whole blood",HemoCue,UO5,10,food,61,,
,"Fromage frais, mean of 12 foods",DAIRY PRODUCTS AND ALTERNATIVES,Fromage Frais,,,32,,,,,,,,,,,,10,mean,61,,
909,"Ice-cream, low-fat chocolate flavored, Chocollo™ (Wendy's Supa Sundaes Pty Ltd, Australia)",DAIRY PRODUCTS AND ALTERNATIVES,"Ice cream, Reduced-or Low-fat",Australia,2006,24,6,5,Normal,10,50,331.1,"Glucose, 2h",Standard,"Capillary, whole blood",HemoCue,UO5,10,food,62,,
910,"Ice cream, low-fat, Bulla Light Creamy vanilla (Regal Cream Products, VIC, Australia)",DAIRY PRODUCTS AND ALTERNATIVES,"Ice cream, Reduced-or Low-fat",Australia,2005,36,5,7,Normal,10,50,193.8,"Glucose, 2h",Standard,"Capillary, whole blood",HemoCue,UO5,10,food,62,,
911,"Ice cream, low-fat, Bulla Light Real Dairy chocolate (Regal Cream Products, VIC, Australia)",DAIRY PRODUCTS AND ALTERNATIVES,"Ice cream, Reduced-or Low-fat",Australia,2005,27,3,5,Normal,10,50,194.6,"Glucose, 2h",Standard,"Capillary, whole blood",HemoCue,UO5,10,food,62,,
912,"Ice cream, low-fat, Bulla Light Real Dairy English Toffee (Regal Cream Products, VIC, Australia)",DAIRY PRODUCTS AND ALTERNATIVES,"Ice cream, Reduced-or Low-fat",Australia,2005,27,3,5,Normal,10,50,198.4,"Glucose, 2h",Standard,"Capillary, whole blood",HemoCue,UO5,10,food,62,,
913,"Ice cream, low-fat, Bulla Light Real Dairy Mango (Regal Cream Products, Australia)",DAIRY PRODUCTS AND ALTERNATIVES,"Ice cream, Reduced-or Low-fat",Australia,2005,30,4,6,Normal,10,50,196.9,"Glucose, 2h",Standard,"Capillary, whole blood",HemoCue,UO5,10,food,62,,
914,"Ice cream, low-fat, Light & Creamy, Raspberry Ripple (Nestlé Peter's, Australia)",DAIRY PRODUCTS AND ALTERNATIVES,"Ice cream, Reduced-or Low-fat",Australia,2004,55,3,11,Normal,10,50,160.8,"Glucose, 2h",Standard,"Capillary, whole blood",HemoCue,UO5,10,food,62,,
915,"Ice-cream, low-fat,1.2% fat, Light Prestige rich vanilla (Norco, Australia)",DAIRY PRODUCTS AND ALTERNATIVES,"Ice cream, Reduced-or Low-fat",Australia,2001,47,5,9,Normal,10,25,133.0,"Glucose, 2h",Standard,"Capillary, whole blood",HemoCue,UO5,10,food,62,,
916,"Ice-cream, low-fat, 1.4% fat, Light Prestige traditional toffee (Norco, Australia)",DAIRY PRODUCTS AND ALTERNATIVES,"Ice cream, Reduced-or Low-fat",Australia,2001,37,4,7,Normal,10,25,106.4,"Glucose, 2h",Standard,"Capillary, whole blood",HemoCue,UO5,10,food,62,,
917,"Ice-cream, reduced-fat, 7.1% fat, Prestige golden macadamia (Norco, Australia)",DAIRY PRODUCTS AND ALTERNATIVES,"Ice cream, Reduced-or Low-fat",Australia,2001,37,3,7,Normal,10,25,118.5,"Glucose, 2h",Standard,"Capillary, whole blood",HemoCue,UO5,10,food,62,,
918,"Ice cream, low-fat, vanilla, 'Light' (Nestlé Peter's, Australia)",DAIRY PRODUCTS AND ALTERNATIVES,"Ice cream, Reduced-or Low-fat",Australia,2003,46,5,9,Normal,10,50,172.4,"Glucose, 2h",Standard,"Capillary, whole blood",HemoCue,UO5,10,food,62,,
919,"Ice cream, low-fat, Blueberry Pomegranate flavor (ProYo, USA)",DAIRY PRODUCTS AND ALTERNATIVES,"Ice cream, Reduced-or Low-fat",USA,2017,32,4,6,Normal,10,50,,"Bread, 2h",Standard,"Capillary, whole blood",YSI,UO7,10,food,62,,
920,"Ice cream, low-fat, Chocolate Toffee flavor (ProYo, USA)",DAIRY PRODUCTS AND ALTERNATIVES,"Ice cream, Reduced-or Low-fat",USA,2017,25,2,5,Normal,10,50,,"Bread, 2h",Standard,"Capillary, whole blood",YSI,7 UO,10,food,62,,
921,"Ice cream, low-fat, Coconut flavor (ProYo, USA)",DAIRY PRODUCTS AND ALTERNATIVES,"Ice cream, Reduced-or Low-fat",USA,2017,39,5,8,Normal,10,50,,"Bread, 2h",Standard,"Capillary, whole blood",YSI,7 UO,10,food,62,,
922,"Ice cream, low-fat, Dutch Chocolate flavor (ProYo, USA)",DAIRY PRODUCTS AND ALTERNATIVES,"Ice cream, Reduced-or Low-fat",USA,2017,34,6,7,Normal,10,50,,"Bread, 2h",Standard,"Capillary, whole blood",YSI,7 UO,10,food,62,,
923,"Ice cream, low-fat, Mint Chip flavor (ProYo, USA)",DAIRY PRODUCTS AND ALTERNATIVES,"Ice cream, Reduced-or Low-fat",USA,2017,34,6,7,Normal,10,50,,"Bread, 2h",Standard,"Capillary, whole blood",YSI,7 UO,10,food,62,,
924,"Ice cream, low-fat, Mocha flavor (ProYo, USA)",DAIRY PRODUCTS AND ALTERNATIVES,"Ice cream, Reduced-or Low-fat",USA,2017,37,5,7,Normal,10,50,,"Bread, 2h",Standard,"Capillary, whole blood",YSI,UO7,10,food,62,,
925,"Ice cream, low-fat, Vanilla Bean flavor (ProYo, USA)",DAIRY PRODUCTS AND ALTERNATIVES,"Ice cream, Reduced-or Low-fat",USA,2017,39,5,8,Normal,10,50,,"Bread, 2h",Standard,"Capillary, whole blood",YSI,UO7,10,food,62,,
,"Ice-cream, reduced-or low-fat, mean of 17 foods",DAIRY PRODUCTS AND ALTERNATIVES,"Ice cream, Reduced-or Low-fat",,,36,,,,,,,,,,,,10,mean,62,,
926,"Ice cream, premium, Ultra chocolate, 15% fat (Sara Lee, Gosford, NSW, Australia)",DAIRY PRODUCTS AND ALTERNATIVES,"Ice cream, Premium (high-fat)",Australia,2000,37,3,7,Normal,10,50,263.2,"Glucose, 2h",Standard,"Capillary, plasma",Enzymatic,UO5,10,food,63,,
927,"Ice cream, premium, French vanilla, 16% fat (Sara Lee, Australia)",DAIRY PRODUCTS AND ALTERNATIVES,"Ice cream, Premium (high-fat)",Australia,2000,38,3,8,Normal,10,50,277.8,"Glucose, 2h",Standard,"Capillary, plasma",Enzymatic,UO5,10,food,63,,
928,"Ice-cream, , low-fat chocolate flavored Chocollo™, eaten with a plain cone (Wendy's Supa Sundaes Pty Ltd, Australia)",DAIRY PRODUCTS AND ALTERNATIVES,Other ice cream,Australia,2006,44,7,9,Normal,10,50,276.1,"Glucose, 2h",Standard,"Capillary, whole blood",HemoCue,UO5,10,food,63,,
929,"Ice-cream, low-fat chocolate flavored, Chocollo™, eaten with a waffle cone (Wendy's Supa Sundaes Pty Ltd, Australia)",DAIRY PRODUCTS AND ALTERNATIVES,Other ice cream,Australia,2006,55,6,11,Normal,10,50,199.9,"Glucose, 2h",Standard,"Capillary, whole blood",HemoCue,UO5,10,food,63,,
930,"Gelati, sucrose-free frozen dessert, chocolate flavor (Alba Foods, Newtown, Australia)",DAIRY PRODUCTS AND ALTERNATIVES,Other ice cream,Australia,2002,37,5,7,Normal,10,50,185.9,"Glucose, 2h",Standard,"Capillary, plasma",Enzymatic,UO5,10,food,63,,
931,"Gelati, sucrose-free frozen dessert, vanilla flavor (Alba Foods, Newtown, Australia)",DAIRY PRODUCTS AND ALTERNATIVES,Other ice cream,Australia,2002,39,4,8,Normal,10,50,182.5,"Glucose, 2h",Standard,"Capillary, plasma",Enzymatic,UO5,10,food,63,,
932,"Ice fruit confection, Frosty Fruits® Orange Mango Splits (Nestlé Peter's, Australia)",DAIRY PRODUCTS AND ALTERNATIVES,Other ice cream,Australia,2007,59,4,12,Normal,9,50,216.5,"Glucose, 2h",Standard,"Capillary, plasma",Enzymatic,UO5,10,food,63,,
933,"Kefir, low-fat, plain (Lifeway Foods, Chicago, USA)",DAIRY PRODUCTS AND ALTERNATIVES,Kefir,USA,2012*,36,9,4,Normal,10,25,667,"Glucose, 2h",Standard,"Capillary, serum",Enzymatic,83,10,food,63,,
934,"Kefir, low-fat strawberry (Lifeway Foods, Chicago, USA)",DAIRY PRODUCTS AND ALTERNATIVES,Kefir,USA,2012*,60,10,12,Normal,10,50,546,"Glucose, 2h",Standard,"Capillary, serum",Enzymatic,83,10,food,63,,
935,"Kefir, orange flavor (Lifeway Foods, Chicago, USA)",DAIRY PRODUCTS AND ALTERNATIVES,Kefir,USA,2012*,48,10,10,Normal,10,50,548,"Glucose, 2h",Standard,"Capillary, serum",Enzymatic,83,10,food,63,,
936,"Milk, condensed, sweetened (Nestlé, Australia)",DAIRY PRODUCTS AND ALTERNATIVES,Milk condensed,Australia,2000,61,6,6,Normal,11,50,90.2,"Glucose, 2h",Standard,"Capillary, plasma",Enzymatic,74,10,food,63,,
937,"Full-fat, milk",DAIRY PRODUCTS AND ALTERNATIVES,"Milk, full-fat",Australia,2018,30,3,3,Normal,13,25,548.5,"Glucose, 2h",Standard,"Capillary, plasma",Enzymatic,UO5,10,food,63,,
938,"Full-fat, pasteurized, fresh, organic milk (Arla, UK)",DAIRY PRODUCTS AND ALTERNATIVES,"Milk, full-fat",UK,2005,34,6,3,Normal,9,25,520.8,"Glucose, 2h",Standard,"Capillary, whole blood",Glucometer 9,26,10,food,63,,
939,"Full-fat, standardized, homogenized, pasteurized, British (Dairy Crest, UK)",DAIRY PRODUCTS AND ALTERNATIVES,"Milk, full-fat",UK,2005,46,10,5,Normal,10,25,531.9,"Glucose, 2h",Standard,"Capillary, whole blood",Glucometer 9,26,10,food,63,,
,"Milk, full-fat, mean of three studies",DAIRY PRODUCTS AND ALTERNATIVES,"Milk, full-fat",,,37,,,,,,,,,,,,10,mean,63,,
940,"Banan a, honey and malt flavored milk",DAIRY PRODUCTS AND ALTERNATIVES,"Milk, fu ll-fat, flavored",Australia,2002,31,4,6,Normal,10,50,555.5,"Glucose, 2h",Standard,"Capillary, whole blood",HemoCue,UO5,10,food,64,,
941,"Coffee chocolate flavored milk, Masters® mocha (National Foods Ltd, Australia)",DAIRY PRODUCTS AND ALTERNATIVES,"Milk, fu ll-fat, flavored",Australia,2005,32,4,6,Normal,10,50,510.2,"Glucose, 2h",Standard,"Capillary, whole blood",HemoCue,UO5,10,food,64,,
942,"Milk, reduced fat (Dairy Farmers Ltd, Australia)",DAIRY PRODUCTS AND ALTERNATIVES,"Milk, reduced-fat, low fat or skim",Australia,2006,26,6,3,Normal,10,25,428.2,"Glucose, 2h",Standard,"Capillary, whole blood",HemoCue,UO5,10,food,64,,
943,"Milk, semi-skimmed, pasteurized, organic (Arla, UK)",DAIRY PRODUCTS AND ALTERNATIVES,"Milk, reduced-fat, low fat or skim",UK,2005,34,8,3,Normal,9,25,500,"Glucose, 2h",Standard,"Capillary, whole blood",Glucometer 9,26,10,food,64,,
944,"Pura™ HiLo milk (National Foods Ltd, Australia)",DAIRY PRODUCTS AND ALTERNATIVES,"Milk, reduced-fat, low fat or skim",Australia,2006,20,5,2,Normal,10,50,862.1,"Glucose, 2h",Standard,"Capillary, whole blood",HemoCue,UO5,10,food,64,,
945,"Pura™ Skimmer milk (National Foods Ltd, Australia)",DAIRY PRODUCTS AND ALTERNATIVES,"Milk, reduced-fat, low fat or skim",Australia,2006,20,5,2,Normal,10,50,862.1,"Glucose, 2h",Standard,"Capillary, whole blood",HemoCue,UO5,10,food,64,,
946,"Pura™ Light Start milk (National Foods Ltd, Australia)",DAIRY PRODUCTS AND ALTERNATIVES,"Milk, reduced-fat, low fat or skim",Australia,2005,30,5,3,Normal,10,50,479.7,"Glucose, 2h",Standard,"Capillary, whole blood",HemoCue,UO5,10,food,64,,
947,"Pura™ Tone milk (National Foods Ltd, Australia)",DAIRY PRODUCTS AND ALTERNATIVES,"Milk, reduced-fat, low fat or skim",Australia,2005,30,5,3,Normal,10,50,419.7,"Glucose, 2h",Standard,"Capillary, whole blood",HemoCue,UO5,10,food,64,,
,"Reduced-fat or low-fat milk, mean of six studies",DAIRY PRODUCTS AND ALTERNATIVES,"Milk, reduced-fat, low fat or skim",,,27,,,,,,,,,,,,10,mean,64,,
948,"Flavored milk, chocolate or strawberry, Big M™ (National Foods Ltd, Australia)",DAIRY PRODUCTS AND ALTERNATIVES,"Milk, reduced-or low-fat, flavored",Australia,2005,37,4,7,Normal,10,25,277.8,"Glucose, 2h",Standard,"Capillary, whole blood",HemoCue,UO5,10,food,64,,
949,"Flavored milk, chocolate or mocha, Masters® Light, 99% fat free (National Foods Ltd, Australia)",DAIRY PRODUCTS AND ALTERNATIVES,"Milk, reduced-or low-fat, flavored",Australia,2005,27,5,5,Normal,10,50,561.8,"Glucose, 2h",Standard,"Capillary, whole blood",HemoCue,UO5,10,food,64,,
950,"Flavored milk, chocolate or strawberry, Masters® , reduced fat, (National Foods Ltd, Australia)",DAIRY PRODUCTS AND ALTERNATIVES,"Milk, reduced-or low-fat, flavored",Australia,2005,35,5,7,Normal,10,50,531.9,"Glucose, 2h",Standard,"Capillary, whole blood",HemoCue,UO5,10,food,64,,
951,"® Flavored milk, Rush Heavenly Vanilla Malt milk",DAIRY PRODUCTS AND ALTERNATIVES,"Milk, reduced-or low-fat, flavored",Australia,2003,31,4,6,Normal,10,50,490.2,"Glucose, 2h",Standard,"Capillary, whole blood",HemoCue,5 UO,10,food,64,,
952,"® Flavored milk, Rush Intense Coffee milk",DAIRY PRODUCTS AND ALTERNATIVES,"Milk, reduced-or low-fat, flavored",Australia,2005,24,3,5,Normal,10,50,457.0,"Glucose, 2h",Standard,"Capillary, whole blood",HemoCue,5 UO,10,food,64,,
953,"® Flavored milk, Rush Ultimate Chocolate milk",DAIRY PRODUCTS AND ALTERNATIVES,"Milk, reduced-or low-fat, flavored",Australia,2003,26,5,5,Normal,10,50,537.6,"Glucose, 2h",Standard,"Capillary, whole blood",HemoCue,5 UO,10,food,64,,
954,"® Flavored milk, Rush Wicked Latte milk",DAIRY PRODUCTS AND ALTERNATIVES,"Milk, reduced-or low-fat, flavored",Australia,2005,26,3,5,Normal,10,50,473.2,"Glucose, 2h",Standard,"Capillary, whole blood",HemoCue,5 UO,10,food,64,,
,"Milk, reduced-or low-fat, flavored, mean of seven foods",DAIRY PRODUCTS AND ALTERNATIVES,"Milk, reduced-or low-fat, flavored",,,29,,,,,,,,,,,,10,mean,64,,
955,"Milkshake, made from Chocollo™, low-fat chocolate ice cream, skim milk and malted milk powder (Wendy's Supa Sundaes Pty Ltd, Australia)",DAIRY PRODUCTS AND ALTERNATIVES,Milkshake,Australia,2006,21,4,4,Normal,9,50,423.2,"Glucose, 2h",Standard,"Capillary, whole blood",HemoCue,UO5,10,food,65,,
956,"Nestlé Milo Combo mousse (Nestlé, Australia)",DAIRY PRODUCTS AND ALTERNATIVES,Mousse,Australia,2006,42,5,8,Normal,11,50,289.7,"Glucose, 2h",Standard,"Capillary, whole blood",HemoCue,UO10,10,food,65,,
957,"Nestlé Milo flavored mousse (Nestlé, Australia)",DAIRY PRODUCTS AND ALTERNATIVES,Mousse,Australia,2006,46,3,9,Normal,12,50,254.8,"Glucose, 2h",Standard,"Capillary, whole blood",HemoCue,UO10,10,food,65,,
958,"Butterscotch, 1.9% fat (Nestlé, Australia), prepared from commercial mousse mix with water",DAIRY PRODUCTS AND ALTERNATIVES,Mousse,Australia,2000,36,4,7,Normal,10,50,82.5,"Glucose, 2h",Standard,"Capillary, plasma",Enzymatic,UO5,10,food,65,,
959,"Chocolate, 2% fat (Nestlé, Australia), prepared from commercial mousse mix with water",DAIRY PRODUCTS AND ALTERNATIVES,Mousse,Australia,1999,31,4,6,Normal,10,50,,"Glucose, 2h",Standard,"Capillary, plasma",Enzymatic,UO5,10,food,65,,
960,"Citrus (Nestlé, Australia), prepared from commercial mousse mix with water",DAIRY PRODUCTS AND ALTERNATIVES,Mousse,Australia,2005,47,5,9,Normal,10,50,,"Glucose, 2h",Standard,"Capillary, plasma",Enzymatic,UO5,10,food,65,,
961,"Hazelnut, 2.4% fat (Nestlé, Australia), prepared from commercial mousse mix with water",DAIRY PRODUCTS AND ALTERNATIVES,Mousse,Australia,2000,36,4,7,Normal,10,50,81.3,"Glucose, 2h",Standard,"Capillary, plasma",Enzymatic,UO5,10,food,65,,
962,"Mango, 1.8% fat (Nestlé, Australia), prepared from commercial mousse mix with water",DAIRY PRODUCTS AND ALTERNATIVES,Mousse,Australia,2000,33,5,7,Normal,10,50,76.4,"Glucose, 2h",Standard,"Capillary, plasma",Enzymatic,UO5,10,food,65,,
963,"Mixed berry, 2.2% fat (Nestlé, Australia), prepared from commercial mousse mix with water",DAIRY PRODUCTS AND ALTERNATIVES,Mousse,Australia,2000,36,5,7,Normal,10,50,81.3,"Glucose, 2h",Standard,"Capillary, plasma",Enzymatic,UO5,10,food,65,,
964,"Strawberry, 2.3% fat (Nestlé, Australia), prepared from commercial mousse mix with water",DAIRY PRODUCTS AND ALTERNATIVES,Mousse,Australia,2000,32,3,6,Normal,10,50,82.5,"Glucose, 2h",Standard,"Capillary, plasma",Enzymatic,UO5,10,food,65,,
,"Mousse, reduced-fat, mean of nine foods",DAIRY PRODUCTS AND ALTERNATIVES,Mousse,,,38,,,,,,,,,,,,10,mean,65,,
965,"Flavored milk pudding, chocolate (Danette al cioccolato, Danone, Italy)",DAIRY PRODUCTS AND ALTERNATIVES,Pudding,Italy,2011,51,5,10,Normal,9,25,152,"Glucose, 2h",Standard,"Capillary, whole blood",YSI,3,10,food,65,,
966,"Flavored milk pudding, chocolate, made from powder and whole milk, instant (White Wings, Australia)",DAIRY PRODUCTS AND ALTERNATIVES,Pudding,Australia,2000,47,4,9,Normal,10,50,,"Glucose, 2h",Standard,"Capillary, plasma",Enzymatic,UO5,10,food,65,instant,name
967,"Flavored milk pudding, vanilla, made from powder and whole milk, instant (White Wings, Australia)",DAIRY PRODUCTS AND ALTERNATIVES,Pudding,Australia,2000,40,4,8,Normal,10,50,,"Glucose, 2h",Standard,"Capillary, plasma",Enzymatic,UO5,10,food,65,instant,name
,"Flavored milk pudding, mean of three foods",DAIRY PRODUCTS AND ALTERNATIVES,Pudding,,,46,,,,,,,,,,,,10,mean,65,,
968,"Milk rice pudding, Yoplait Le Rice® , Apple & Cinnamon flavor (National Foods Ltd, Australia)",DAIRY PRODUCTS AND ALTERNATIVES,Pudding,Australia,2005,52,4,10,Normal,10,50,238.1,"Glucose, 2h",Standard,"Capillary, whole blood",HemoCue,UO5,10,food,65,,
969,"Milk rice pudding, Yoplait Le Rice® , Apricot & Almond Muesli flavor (National Foods Ltd, Australia)",DAIRY PRODUCTS AND ALTERNATIVES,Pudding,production Australia,2006,45,4,9,number) Normal,10,,,"period Glucose, 2h",Standard,"Capillary, whole blood",method 4 HemoCue,UO5,10,food,66,,
970,"Milk rice pudding, Yoplait Le Rice® , Caramel flavor (National Foods Ltd, Australia)",DAIRY PRODUCTS AND ALTERNATIVES,Pudding,Australia,2005,41,6,8,Normal,10,50,235.8,"Glucose, 2h",Standard,"Capillary, whole blood",HemoCue,UO5,10,food,66,,
971,"Milk rice pudding, Yoplait Le Rice®, Forest Berries flavor (National Foods Ltd, Australia)",DAIRY PRODUCTS AND ALTERNATIVES,Pudding,Australia,2006,45,4,9,Normal,10,50,247.5,"Glucose, 2h",Standard,"Capillary, whole blood",HemoCue,UO5,10,food,66,,
972,"Milk rice pudding, Yoplait Le Rice® , Lemon Meringue flavor (National Foods Ltd, Australia)",DAIRY PRODUCTS AND ALTERNATIVES,Pudding,Australia,2010,54,4,11,Normal,10,50,264.6,"Glucose, 2h",Standard,"Capillary, plasma",Enzymatic,UO5,10,food,66,,
973,"Milk rice pudding, Yoplait Le Rice® , Mocha flavor (National Foods Ltd, Australia)",DAIRY PRODUCTS AND ALTERNATIVES,Pudding,Australia,2009,46,3,9,Normal,10,50,267.4,"Glucose, 2h",Standard,"Capillary, plasma",Enzymatic,UO5,10,food,66,,
974,"Milk rice pudding, Yoplait Le Rice® , Raspberry & Apple flavor (National Foods Ltd)",DAIRY PRODUCTS AND ALTERNATIVES,Pudding,Australia,2005,52,4,10,Normal,10,50,235.8,"Glucose, 2h",Standard,"Capillary, whole blood",HemoCue,UO5,10,food,66,,
975,"Milk rice pudding, Yoplait Le Rice® , Strawberry flavor (National Foods Ltd)",DAIRY PRODUCTS AND ALTERNATIVES,Pudding,Australia,2005,54,6,11,Normal,10,50,235.8,"Glucose, 2h",Standard,"Capillary, whole blood",HemoCue,UO5,10,food,66,,
976,"Milk rice pudding, Yoplait Le Rice® , Tropical Mango flavor (National Foods Ltd)",DAIRY PRODUCTS AND ALTERNATIVES,Pudding,Australia,2005,54,6,11,Normal,10,50,238.1,"Glucose, 2h",Standard,"Capillary, whole blood",HemoCue,UO5,10,food,66,,
977,"Milk rice pudding, Yoplait Le Rice® , Vanilla flavor (National Foods Ltd)",DAIRY PRODUCTS AND ALTERNATIVES,Pudding,Australia,2005,43,4,9,Normal,10,50,243.9,"Glucose, 2h",Standard,"Capillary, whole blood",HemoCue,UO5,10,food,66,,
,"Milk rice pudding, Yoplait Le Rice, mean of 10 foods",DAIRY PRODUCTS AND ALTERNATIVES,Pudding,,,49,,,,,,,,,,,,10,mean,66,,
978,"Yoghurt, black cherry (Finest, UK)",DAIRY PRODUCTS AND ALTERNATIVES,Yoghurt,UK,2005,17,3,3,Normal,10,25,312.5,"Glucose, 2h",Standard,"Capillary, whole blood",Glucometer 9,26,10,food,66,,
979,"Yoghurt, black cherry (Healthy Living Light, UK)",DAIRY PRODUCTS AND ALTERNATIVES,Yoghurt,UK,2005,67,15,13,Normal,10,25,287.4,"Glucose, 2h",Standard,"Capillary, whole blood",Glucometer 9,26,10,food,66,,
980,"Yoghurt, bourbon vanilla (Finest, UK)",DAIRY PRODUCTS AND ALTERNATIVES,Yoghurt,UK,2005,64,14,13,Normal,10,25,260.4,"Glucose, 2h",Standard,"Capillary, whole blood",Glucometer 9,26,10,food,66,,
981,"Yoghurt, Devonshire fudge (Finest, UK)",DAIRY PRODUCTS AND ALTERNATIVES,Yoghurt,UK,2005,37,7,7,Normal,10,25,223.2,"Glucose, 2h",Standard,"Capillary, whole blood",Glucometer 9,26,10,food,66,,
982,"Yoghurt, Greek style, honey topped (UK)",DAIRY PRODUCTS AND ALTERNATIVES,Yoghurt,UK,2005,36,7,7,Normal,9,25,367.6,"Glucose, 2h",Standard,"Capillary, whole blood",Glucometer 9,26,10,food,66,,
983,"Yoghurt, Jalna Premium Creamy Vanilla (Jalna Dairy Foods, Australia)",DAIRY PRODUCTS AND ALTERNATIVES,Yoghurt,Australia,2004,18,4,4,Normal,10,50,331.1,"Glucose, 2h",Standard,"Capillary, whole blood",HemoCue,UO5,10,food,66,,
984,"Yoghurt, lemon curd (Finest, UK)",DAIRY PRODUCTS AND ALTERNATIVES,Yoghurt,UK,2005,67,14,13,Normal,10,25,248.8,"Glucose, 2h",Standard,"Capillary, whole blood",Glucometer 9,26,10,food,66,,
985,"Yoghurt, peach & apricot (Healthy Living Light, UK)",DAIRY PRODUCTS AND ALTERNATIVES,Yoghurt,production UK,2005,28,6,6,number) Normal,9,,,"period Glucose, 2h",Standard,"Capillary, whole blood",method 4 9 Glucometer,26,10,food,67,,
986,"Yoghurt, raspberry (Healthy Living Light, UK)",DAIRY PRODUCTS AND ALTERNATIVES,Yoghurt,UK,2005,43,8,9,Normal,10,25,308.6,"Glucose, 2h",Standard,"Capillary, whole blood",9 Glucometer,26,10,food,67,,
987,"Yoghurt, red fruit: Morello cherry (Healthy Living Light, UK)",DAIRY PRODUCTS AND ALTERNATIVES,Yoghurt,UK,2005,35,6,7,Normal,9,25,454.5,"Glucose, 2h",Standard,"Capillary, whole blood",9 Glucometer,26,10,food,67,,
988,"Yoghurt, red fruit: raspberry and black cherry (Healthy Living Light, UK)",DAIRY PRODUCTS AND ALTERNATIVES,Yoghurt,UK,2005,37,8,7,Normal,9,25,491.8,"Glucose, 2h",Standard,"Capillary, whole blood",Glucometer 9,26,10,food,67,,
989,"Yoghurt, Scottish raspberry (Finest, UK)",DAIRY PRODUCTS AND ALTERNATIVES,Yoghurt,UK,2005,32,7,6,Normal,10,25,264.6,"Glucose, 2h",Standard,"Capillary, whole blood",Glucometer 9,26,10,food,67,,
990,"Yoghurt, strawberry (Healthy Living Light, UK)",DAIRY PRODUCTS AND ALTERNATIVES,Yoghurt,UK,2005,30,6,6,Normal,10,25,316.5,"Glucose, 2h",Standard,"Capillary, whole blood",9 Glucometer,26,10,food,67,,
991,"Yoghurt, strawberry (Astro yoghurt, Canada)",DAIRY PRODUCTS AND ALTERNATIVES,Yoghurt,Canada,2010*,44,4,9,Normal,10,50,250,"Bread, 2h",Standard,"Capillary, whole blood",YSI,56,10,food,67,,
992,"Yoghurt, strawberry and cream (Finest, UK)",DAIRY PRODUCTS AND ALTERNATIVES,Yoghurt,UK,2005,41,6,8,Normal,10,25,324.7,"Glucose, 2h",Standard,"Capillary, whole blood",Glucometer 9,26,10,food,67,,
993,"Yoghurt, summer fruit: apricot (Healthy Living Light, UK)",DAIRY PRODUCTS AND ALTERNATIVES,Yoghurt,UK,2005,11,4,2,Normal,9,25,476.2,"Glucose, 2h",Standard,"Capillary, whole blood",Glucometer 9,26,10,food,67,,
994,"Yoghurt, summer fruit: peach and vanilla (Healthy Living Light, UK)",DAIRY PRODUCTS AND ALTERNATIVES,Yoghurt,UK,2005,26,7,5,Normal,9,25,476.2,"Glucose, 2h",Standard,"Capillary, whole blood",Glucometer 9,26,10,food,67,,
995,"Yoghurt, summer fruit: raspberry (Healthy Living Light, UK)",DAIRY PRODUCTS AND ALTERNATIVES,Yoghurt,UK,2005,28,5,6,Normal,9,25,501.0,"Glucose, 2h",Standard,"Capillary, whole blood",9 Glucometer,26,10,food,67,,
996,"Yoghurt, summer fruit: strawberry (Healthy Living Light, UK)",DAIRY PRODUCTS AND ALTERNATIVES,Yoghurt,UK,2005,36,9,7,Normal,9,25,500.0,"Glucose, 2h",Standard,"Capillary, whole blood",Glucometer 9,26,10,food,67,,
997,"Yoghurt, tropical fruit: guava and passionfruit (Healthy Living Light, UK)",DAIRY PRODUCTS AND ALTERNATIVES,Yoghurt,UK,2005,24,7,5,Normal,9,25,447.8,"Glucose, 2h",Standard,"Capillary, whole blood",Glucometer 9,26,10,food,67,,
998,"Yoghurt, tropical fruit: mango (Healthy Living Light, UK)",DAIRY PRODUCTS AND ALTERNATIVES,Yoghurt,UK,2005,32,8,6,Normal,9,25,454.5,"Glucose, 2h",Standard,"Capillary, whole blood",Glucometer 9,26,10,food,67,,
999,"Yoghurt, tropical fruit: peach and apricot (Healthy Living Light, UK)",DAIRY PRODUCTS AND ALTERNATIVES,Yoghurt,UK,2005,27,6,5,Normal,9,25,468.8,"Glucose, 2h",Standard,"Capillary, whole blood",Glucometer 9,26,10,food,67,,
1000,"Yoghurt, tropical pineapple (Healthy Living Light, UK)",DAIRY PRODUCTS AND ALTERNATIVES,Yoghurt,UK,2005,38,7,8,Normal,9,25,461.5,"Glucose, 2h",Standard,"Capillary, whole blood",Glucometer 9,26,10,food,67,,
1001,"Yoghurt, Valencia orange (Finest, UK)",DAIRY PRODUCTS AND ALTERNATIVES,Yoghurt,UK,2005,34,7,7,Normal,10,25,301.2,"Glucose, 2h",Standard,"Capillary, whole blood",Glucometer 9,26,10,food,67,,
1002,"Yoghurt, Yitangping (Beijing Sanyuan Foods, Beijing, China)",DAIRY PRODUCTS AND ALTERNATIVES,Yoghurt,China,2020,21,4,4,Normal,11,25,454.5,"Glucose, 2h",Standard,"Capillary, plasma",Enzymatic,18 UO,10,food,67,,
,"Yoghurt, different flavors, mean of 25 studies",DAIRY PRODUCTS AND ALTERNATIVES,Yoghurt,,,35,,,,,,,,,,,,10,mean,67,,
1003,"Moch accino frozen yoghurt, President's Choice® Blue Menu™ brand (Loblaw Brands Limited, Canada)",DAIRY PRODUCTS AND ALTERNATIVES,"Yoghurt, frozen",Canada,2004-2007,51,5,10,Normal,10,50,,"Bread, 2h",Standard,"Capillary, whole blood",YSI,UO7,10,food,68,,
1004,"Strawberry Banana frozen yoghurt, President's Choice® Blue Menu™ brand (Loblaw Brands Limited, Canada)",DAIRY PRODUCTS AND ALTERNATIVES,"Yoghurt, frozen",Canada,2004-2007,55,6,11,Normal,10,50,,"Bread, 2h",Standard,"Capillary, whole blood",YSI,UO7,10,food,68,,
1005,"Vanilla frozen yoghurt, President's Choice® Blue Menu™ brand (Loblaw Brands Limited, Canada)",DAIRY PRODUCTS AND ALTERNATIVES,"Yoghurt, frozen",Canada,2004-2007,46,5,9,Normal,10,50,,"Bread, 2h",Standard,"Capillary, whole blood",YSI,UO7,10,food,68,,
,"Yoghurt, frozen, mean of three foods",DAIRY PRODUCTS AND ALTERNATIVES,"Yoghurt, frozen",,,51,,,,,,,,,,,,10,mean,68,,
1006,"Diet Passionfruit yoghurt, Dairy Dream (Aldi, Australia)",DAIRY PRODUCTS AND ALTERNATIVES,"Yoghurt, low-fat, reduced fat, or non-fat",Australia,2010,21,2,4,Normal,10,50,495,"Glucose, 2h",Standard,"Capillary, plasma",Enzymatic,UO5,10,food,68,,
1007,"Diet Raspberry yoghurt, Dairy Dream (Aldi, Australia)",DAIRY PRODUCTS AND ALTERNATIVES,"Yoghurt, low-fat, reduced fat, or non-fat",Australia,2010,21,2,4,Normal,10,50,515,"Glucose, 2h",Standard,"Capillary, plasma",Enzymatic,UO5,10,food,68,,
1008,"Diet yoghurt, Vaalia™, exotic fruits (Pauls Ltd., Australia), sweetened with acesulfame K and Splenda",DAIRY PRODUCTS AND ALTERNATIVES,"Yoghurt, low-fat, reduced fat, or non-fat",Australia,2000,23,2,5,Normal,10,25,312.5,"Glucose, 2h",Standard,"Capillary, plasma",Enzymatic,UO5,10,food,68,,
1009,"Diet yoghurt, Vaalia™, mango (Pauls Ltd., Australia), sweetened with acesulfame K and Splenda",DAIRY PRODUCTS AND ALTERNATIVES,"Yoghurt, low-fat, reduced fat, or non-fat",Australia,2000,23,2,5,Normal,10,25,367.6,"Glucose, 2h",Standard,"Capillary, plasma",Enzymatic,UO5,10,food,68,,
1010,"Diet yoghurt, Vaalia™, mixed berry (Pauls Ltd., Australia), sweetened with acesulfame K and Splenda",DAIRY PRODUCTS AND ALTERNATIVES,"Yoghurt, low-fat, reduced fat, or non-fat",Australia,2000,25,3,5,Normal,10,25,409.8,"Glucose, 2h",Standard,"Capillary, plasma",Enzymatic,UO5,10,food,68,,
1011,"Diet yoghurt, Vaalia™, strawberry (Pauls Ltd., Australia), sweetened with acesulfame K and Splenda",DAIRY PRODUCTS AND ALTERNATIVES,"Yoghurt, low-fat, reduced fat, or non-fat",Australia,2000,23,2,5,Normal,10,25,423.7,"Glucose, 2h",Standard,"Capillary, plasma",Enzymatic,UO5,10,food,68,,
1012,"Diet yoghurt, Vaalia™, vanilla (Pauls Ltd, Australia) sweetened with acesulfame K and Splenda",DAIRY PRODUCTS AND ALTERNATIVES,"Yoghurt, low-fat, reduced fat, or non-fat",Australia,2000,23,2,5,Normal,10,25,416.7,"Glucose, 2h",Standard,"Capillary, plasma",Enzymatic,UO5,10,food,68,,
1013,"Low-fat, sugar sweetened, strawberry classic, Yoplait™ Lite (National Foods Ltd, Australia)",DAIRY PRODUCTS AND ALTERNATIVES,"Yoghurt, low-fat, reduced fat, or non-fat",Australia,2002,33,5,7,Normal,10,50,324.7,"Glucose, 2h",Standard,"Capillary, whole blood",HemoCue,UO5,10,food,68,,
1014,"Low-fat (0.9%), fruit, wild strawberry, Ski d'lite™ (Dairy Farmers Ltd, Australia)",DAIRY PRODUCTS AND ALTERNATIVES,"Yoghurt, low-fat, reduced fat, or non-fat",Australia,2002,31,4,6,Normal,9,50,342.5,"Glucose, 2h",Standard,"Capillary, whole blood",HemoCue,UO5,10,food,68,,
1015,"Low-fat, Nestlé Diet, Blueberry (Nestlé, Australia)",DAIRY PRODUCTS AND ALTERNATIVES,"Yoghurt, low-fat, reduced fat, or non-fat",Australia,2006,32,4,6,Normal,10,25,446.4,"Glucose, 2h",Standard,"Capillary, whole blood",HemoCue,UO10,10,food,68,,
1016,"Low-fat, Nestlé Diet, Mixed Berry (Nestlé, Australia)",DAIRY PRODUCTS AND ALTERNATIVES,"Yoghurt, low-fat, reduced fat, or non-fat",Australia,2006,28,4,6,Normal,12,25,463.0,"Glucose, 2h",Standard,"Capillary, whole blood",HemoCue,UO10,10,food,68,,
1017,"Low-fat, Nestlé Diet, Peaches & Cream (Nestlé, Australia)",DAIRY PRODUCTS AND ALTERNATIVES,"Yoghurt, low-fat, reduced fat, or non-fat",Australia,2006,28,3,6,Normal,10,25,463.0,"Glucose, 2h",Standard,"Capillary, whole blood",HemoCue,UO10,10,food,68,,
1018,"Low-fat, apricot",DAIRY PRODUCTS AND ALTERNATIVES,"Yoghurt, low-fat, reduced fat, or non-fat",UK,2005,42,6,8,Normal,10,25,354.6,"Glucose, 2h",Standard,"Capillary, whole blood",Glucometer 9,26,10,food,68,,
1019,"Low-fat, black cherry",DAIRY PRODUCTS AND ALTERNATIVES,"Yoghurt, low-fat, reduced fat, or non-fat",production UK,2005,41,5,8,number) Normal,10,,,"period Glucose, 2h",Standard,"Capillary, whole blood",method 4 Glucometer 9,26,10,food,69,,
1020,"Low-fat, hazelnut",DAIRY PRODUCTS AND ALTERNATIVES,"Yoghurt, low-fat, reduced fat, or non-fat",UK,2005,53,9,11,Normal,10,25,357.1,"Glucose, 2h",Standard,"Capillary, whole blood",Glucometer 9,26,10,food,69,,
1021,"Low-fat, peach melba (Value, UK)",DAIRY PRODUCTS AND ALTERNATIVES,"Yoghurt, low-fat, reduced fat, or non-fat",UK,2005,56,11,11,Normal,10,25,357.1,"Glucose, 2h",Standard,"Capillary, whole blood",Glucometer 9,26,10,food,69,,
1022,"Low-fat, raspberry",DAIRY PRODUCTS AND ALTERNATIVES,"Yoghurt, low-fat, reduced fat, or non-fat",UK,2005,34,6,7,Normal,10,25,335.6,"Glucose, 2h",Standard,"Capillary, whole blood",Glucometer 9,26,10,food,69,,
1023,"Low-fat, strawberry",DAIRY PRODUCTS AND ALTERNATIVES,"Yoghurt, low-fat, reduced fat, or non-fat",UK,2005,61,11,12,Normal,10,25,347.2,"Glucose, 2h",Standard,"Capillary, whole blood",Glucometer 9,26,10,food,69,,
1024,"Low-fat, sugar sweetened, Heavenly Honey flavor, Vaalia (Pauls Ltd)",DAIRY PRODUCTS AND ALTERNATIVES,"Yoghurt, low-fat, reduced fat, or non-fat",Australia,2003,32,4,6,Normal,10,50,280.9,"Glucose, 2h",Standard,"Capillary, whole blood",HemoCue,UO5,10,food,69,,
1025,"Low-fat, sugar sweetened, Lemon Crème flavor, Vaalia (Pauls Ltd)",DAIRY PRODUCTS AND ALTERNATIVES,"Yoghurt, low-fat, reduced fat, or non-fat",Australia,2003,43,6,9,Normal,10,50,307.6,"Glucose, 2h",Standard,"Capillary, whole blood",HemoCue,UO5,10,food,69,,
1026,"Low-fat, sugar sweetened, Luscious Berries flavor, Vaalia (Pauls Ltd)",DAIRY PRODUCTS AND ALTERNATIVES,"Yoghurt, low-fat, reduced fat, or non-fat",Australia,2003,29,2,6,Normal,10,50,337.8,"Glucose, 2h",Standard,"Capillary, whole blood",HemoCue,UO5,10,food,69,,
1027,"Low-fat, sugar sweetened, Passionfruit flavor, Vaalia (Pauls Ltd)",DAIRY PRODUCTS AND ALTERNATIVES,"Yoghurt, low-fat, reduced fat, or non-fat",Australia,2003,32,3,6,Normal,10,50,301.2,"Glucose, 2h",Standard,"Capillary, whole blood",HemoCue,UO5,10,food,69,,
1028,"Low-fat, sugar sweetened, Strawberry flavor, Vaalia (Pauls Ltd)",DAIRY PRODUCTS AND ALTERNATIVES,"Yoghurt, low-fat, reduced fat, or non-fat",Australia,2003,28,3,6,Normal,9,50,340.1,"Glucose, 2h",Standard,"Capillary, whole blood",HemoCue,UO5,10,food,69,,
1029,"No Added Sugar Passionfruit yoghurt, Tamar Valley (Aldi, Australia)",DAIRY PRODUCTS AND ALTERNATIVES,"Yoghurt, low-fat, reduced fat, or non-fat",Australia,2010,21,2,4,Normal,10,50,495,"Glucose, 2h",Standard,"Capillary, plasma",Enzymatic,UO5,10,food,69,,
1030,"No Added Sugar Raspberry yoghurt, Tamar Valley (Aldi, Australia)",DAIRY PRODUCTS AND ALTERNATIVES,"Yoghurt, low-fat, reduced fat, or non-fat",Australia,2010,21,2,4,Normal,10,50,515,"Glucose, 2h",Standard,"Capillary, plasma",Enzymatic,UO5,10,food,69,,
,"Low fat yoghurts different flavors, mean of 25 foods",DAIRY PRODUCTS AND ALTERNATIVES,"Yoghurt, low-fat, reduced fat, or non-fat",,,32,,,,,,,,,,,,10,mean,69,,
1031,"Reduced-fat, Vaalia™, apricot & mango (Pauls Ltd., Australia)",DAIRY PRODUCTS AND ALTERNATIVES,"Yoghurt, low-fat, reduced fat, or non-fat",Australia,1999,26,4,5,Normal,10,25,354.6,"Bread, 2h",Standard,"Capillary, plasma",Enzymatic,UO5,10,food,69,,
1032,"Reduced-fat, Vaalia™, French vanilla (Pauls Ltd., Australia)",DAIRY PRODUCTS AND ALTERNATIVES,"Yoghurt, low-fat, reduced fat, or non-fat",Australia,1999,26,4,5,Normal,10,25,292.4,"Bread, 2h",Standard,"Capillary, plasma",Enzymatic,UO5,10,food,69,,
1033,"Reduced-fat, Extra-Lite™, strawberry (Pauls Ltd., Australia)",DAIRY PRODUCTS AND ALTERNATIVES,"Yoghurt, low-fat, reduced fat, or non-fat",Australia,1999,28,4,6,Normal,10,25,310.6,"Bread, 2h",Standard,"Capillary, plasma",Enzymatic,UO5,10,food,69,,
1034,"Reduced-fat, strawberry",DAIRY PRODUCTS AND ALTERNATIVES,"Yoghurt, low-fat, reduced fat, or non-fat",Czech Republic,2005,43,5,9,Normal,20,50,312.5,"Glucose, 2h","0,15,30,45,6 0,75,90,105, 120","Capillary, whole blood",Glucometer 9,84,10,food,69,,
1035,"Reduced-fat, Yoplait™ Lite, berry fruit flavors (National Foods Ltd, Australia)",DAIRY PRODUCTS AND ALTERNATIVES,"Yoghurt, low-fat, reduced fat, or non-fat",Australia,2006,25,3,5,Normal,10,50,290.7,"Glucose, 2h",Standard,"Capillary, whole blood",HemoCue,UO5,10,food,69,,
1036,"Reduced-fat, Yoplait™ Lite, tropical fruit flavors (National Foods Ltd, Australia)",DAIRY PRODUCTS AND ALTERNATIVES,"Yoghurt, low-fat, reduced fat, or non-fat",production Australia,2006,37,3,7,number) Normal,10,,,"period Glucose, 2h",Standard,"Capillary, whole blood",method 4 HemoCue,UO5,10,food,70,,
1037,"Reduced-fat, Yoplait™ Lite, various flavors (National Foods Ltd, Australia)",DAIRY PRODUCTS AND ALTERNATIVES,"Yoghurt, low-fat, reduced fat, or non-fat",Australia,2006,27,2,5,Normal,10,50,271.7,"Glucose, 2h",Standard,"Capillary, whole blood",HemoCue,UO5,10,food,70,,
1038,"Reduced-fat, Yoplait™ Lite, Fruit Salad flavor (National Foods Ltd, Australia)",DAIRY PRODUCTS AND ALTERNATIVES,"Yoghurt, low-fat, reduced fat, or non-fat",Australia,2006,32,5,6,Normal,10,50,324.7,"Glucose, 2h",Standard,"Capillary, whole blood",HemoCue,UO5,10,food,70,,
,"Reduced-fat yoghurts different flavors, mean of nine foods",DAIRY PRODUCTS AND ALTERNATIVES,"Yoghurt, low-fat, reduced fat, or non-fat",,,30,,,,,,,,,,,,10,mean,70,,
1039,"Non-fat, Honey flavor, sugar sweetened, Ski™ (Dairy Farmers Ltd, Australia),",DAIRY PRODUCTS AND ALTERNATIVES,"Yoghurt, low-fat, reduced fat, or non-fat",Australia,2002,40,2,8,Normal,10,50,287.4,"Glucose, 2h",Standard,"Capillary, plasma",Enzymatic,UO5,10,food,70,,
1040,"Non-fat, Vanilla flavor, sugar sweetened, Ski™, (Dairy Farmers Ltd, Australia),",DAIRY PRODUCTS AND ALTERNATIVES,"Yoghurt, low-fat, reduced fat, or non-fat",Australia,2002,40,4,8,Normal,10,50,316.5,"Glucose, 2h",Standard,"Capillary, Whole blood",HemoCue,UO5,10,food,70,,
1041,"No Fat berry fruit flavors, artificially sweetened yoghurts, Yoplait™ (National Foods Ltd, Australia)",DAIRY PRODUCTS AND ALTERNATIVES,"Yoghurt, low-fat, reduced fat, or non-fat",Australia,2006,16,3,3,Normal,10,25,384.6,"Glucose, 2h",Standard,"Capillary, Whole blood",HemoCue,UO5,10,food,70,,
1042,"No Fat Strawberry Classic flavor, artificially sweetened yoghurts, Yoplait™(National Foods Ltd, Australia)",DAIRY PRODUCTS AND ALTERNATIVES,"Yoghurt, low-fat, reduced fat, or non-fat",Australia,2006,19,3,4,Normal,10,25,357.1,"Glucose, 2h",Standard,"Capillary, Whole blood",HemoCue,UO5,10,food,70,,
1043,"No Fat tropical fruit flavors, artificially sweetened yoghurts, Yoplait™(National Foods Ltd, Australia)",DAIRY PRODUCTS AND ALTERNATIVES,"Yoghurt, low-fat, reduced fat, or non-fat",Australia,2006,20,4,4,Normal,10,25,390.6,"Glucose, 2h",Standard,"Capillary, Whole blood",HemoCue,UO5,10,food,70,,
1044,"No Fat yoghurt, various flavors, artificially sweetened yoghurts, Yoplait™(National Foods Ltd, Australia)",DAIRY PRODUCTS AND ALTERNATIVES,"Yoghurt, low-fat, reduced fat, or non-fat",Australia,2006,18,3,4,Normal,10,25,367.6,"Glucose, 2h",Standard,"Capillary, Whole blood",HemoCue,UO5,10,food,70,,
1045,"Fat-free, Passionfruit yoghurt (Jalna Dairy Foods, Australia)",DAIRY PRODUCTS AND ALTERNATIVES,"Yoghurt, low-fat, reduced fat, or non-fat",Australia,2004,27,4,5,Normal,10,50,359.7,"Glucose, 2h",Standard,"Capillary, whole blood",HemoCue,UO5,10,food,70,,
,"Non-fat yoghurts, mean of seven foods",DAIRY PRODUCTS AND ALTERNATIVES,"Yoghurt, low-fat, reduced fat, or non-fat",,,26,,,,,,,,,,,,10,mean,70,,
1046,"No Added Sugar Natural yoghurt (Tamar Valley Dairy, Australia)",DAIRY PRODUCTS AND ALTERNATIVES,"Yoghurt, natural",Australia,2010,17,2,2,Normal,10,50,495,"Glucose, 2h",Standard,"Capillary, plasma",Enzymatic,UO5,10,food,70,,
1047,"Yoghurt, low fat, natural",DAIRY PRODUCTS AND ALTERNATIVES,"Yoghurt, natural",UK,2005,35,10,4,Normal,9,25,431,"Glucose, 2h",Standard,"Capillary, whole blood",Glucometer 9,26,10,food,70,,
1048,"Yoghurt, probiotic, prune",DAIRY PRODUCTS AND ALTERNATIVES,"Yoghurt, probiotic",UK,2005,44,10,9,Normal,10,25,349.7,"Glucose, 2h",Standard,"Capillary, whole blood",Glucometer 9,26,10,food,70,,
1049,"Yoghurt, probiotic, raspberry",DAIRY PRODUCTS AND ALTERNATIVES,"Yoghurt, probiotic",UK,2005,45,10,9,Normal,10,25,349.7,"Glucose, 2h",Standard,"Capillary, whole blood",Glucometer 9,26,10,food,70,,
,"All Yoghurts, mean of 72 studies",DAIRY PRODUCTS AND ALTERNATIVES,"Yoghurt, probiotic",,,33,,,,,,,,,,,,10,mean,70,,
1050,"Probiotic drink, cranberry",DAIRY PRODUCTS AND ALTERNATIVES,Yoghurt drinks,UK,2005,56,9,11,Normal,10,25,409.8,"Glucose, 2h",Standard,"Capillary, whole blood",Glucometer 9,26,10,food,71,,
1051,"Probiotic drink, orange",DAIRY PRODUCTS AND ALTERNATIVES,Yoghurt drinks,UK,2005,30,8,6,Normal,10,25,373.1,"Glucose, 2h",Standard,"Capillary, whole blood",Glucometer 9,26,10,food,71,,
1052,"Probiotic drink, original",DAIRY PRODUCTS AND ALTERNATIVES,Yoghurt drinks,UK,2005,34,5,7,Normal,10,25,409.8,"Glucose, 2h",Standard,"Capillary, whole blood",Glucometer 9,26,10,food,71,,
1053,"Cultured Multivitamin Milk Fruit Drink, Vitalise (Jalna Dairy Foods, Australia)",DAIRY PRODUCTS AND ALTERNATIVES,Yoghurt drinks,Australia,2004,24,5,5,Normal,10,50,381.7,"Glucose, 2h",Standard,"Capillary, whole blood",HemoCue,UO5,10,food,71,,
1054,"Yoghurt drink, Wildberry Yoghurt on the Go (Jalna Dairy Foods, Australia)",DAIRY PRODUCTS AND ALTERNATIVES,Yoghurt drinks,Australia,2004,19,4,4,Normal,10,50,381.7,"Glucose, 2h",Standard,"Capillary, whole blood",HemoCue,UO5,10,food,71,,
1055,"Yoghurt drink, reduced-fat, Vaalia™, tropical passionfruit (Pauls Ltd., Australia)",DAIRY PRODUCTS AND ALTERNATIVES,Yoghurt drinks,Australia,1999,38,4,8,Normal,10,25,173.6,"Bread, 2h",Standard,"Capillary, plasma",Enzymatic,UO5,10,food,71,,
1056,Control dairy beverage,DAIRY PRODUCTS AND ALTERNATIVES,Dairy products with added ingredients,Canada,2013*,70,7,7,Normal,11,50,250,"Glucose, 2h",Standard,"Venous, plasma/serum",YSI,85,10,food,71,,
1057,Dairy beverage with soy-soluble polysaccharides (2.5 g fiber),DAIRY PRODUCTS AND ALTERNATIVES,Dairy products with added ingredients,Canada,2013*,65,11,7,Normal,11,50,250,"Glucose, 2h",Standard,"Venous, plasma/serum",YSI,85,10,food,71,,
1058,Dairy beverage with flaxseed gum (2.5 g fiber),DAIRY PRODUCTS AND ALTERNATIVES,Dairy products with added ingredients,Canada,2013*,54,9,5,Normal,11,50,250,"Glucose, 2h",Standard,"Venous, plasma/serum",YSI,85,10,food,71,,
1059,Control dairy pudding (0.25 g fiber),DAIRY PRODUCTS AND ALTERNATIVES,Dairy products with added ingredients,Canada,2013*,63,6,6,Normal,11,50,250,"Glucose, 2h",Standard,"Venous, plasma/serum",YSI,85,10,food,71,,
1060,Dairy pudding with soy-soluble polysaccharides (2.5 g fiber),DAIRY PRODUCTS AND ALTERNATIVES,Dairy products with added ingredients,Canada,2013*,61,6,6,Normal,11,50,250,"Glucose, 2h",Standard,"Venous, plasma/serum",YSI,85,10,food,71,,
1061,Dairy pudding with flaxseed gum (2.5 g fiber),DAIRY PRODUCTS AND ALTERNATIVES,Dairy products with added ingredients,Canada,2013*,57,8,6,Normal,11,50,250,"Glucose, 2h",Standard,"Venous, plasma/serum",YSI,85,10,food,71,,
1062,"Soy milk beverage, Original flavored, President's Choice® Blue Menu™ (Loblaw Brands Limited, Canada)",DAIRY PRODUCTS AND ALTERNATIVES,Soy milks,Canada,2004-2007,15,4,2,Normal,10,50,,"Bread, 2h",Standard,"Capillary, whole blood",YSI,UO7,10,food,71,,
1063,"Soy milk, full-fat, with sucrose (Sanitarium, Australia)",DAIRY PRODUCTS AND ALTERNATIVES,Soy milks,Australia,1997,31,5,3,"Normal, 10-",12,50,,"Bread, 2h",Standard,"Capillary, plasma",Enzymatic,25,10,food,71,,
1064,"Soy milk, full-fat (3%), Original, 0 mg calcium, with maltodextrin (So Natural Foods, Australia)",DAIRY PRODUCTS AND ALTERNATIVES,Soy milks,production Australia,2000,44,5,4,number) Normal,10,,,"period Glucose, 2h",Standard,"Capillary, plasma",method 4 Enzymatic,UO5,10,food,72,,
1065,"Soy milk, full-fat (3%), Calciforte, 120 mg calcium, with maltodextrin (So Natural Foods, Australia)",DAIRY PRODUCTS AND ALTERNATIVES,Soy milks,Australia,2000,36,4,4,Normal,10,25,360.0,"Glucose, 2h",Standard,"Capillary, plasma",Enzymatic,UO5,10,food,72,,
1066,"Soy milk, full-fat (3%), 120 mg calcium, Calciforte (So Natural Foods, Australia)",DAIRY PRODUCTS AND ALTERNATIVES,Soy milks,Australia,2006,41,4,4,Normal,15,25,333.3,"Glucose, 2h",Standard,"Capillary, whole blood",HemoCue,UO10,10,food,72,,
1067,"Soy milk, Vitasoy® Organic (National Foods Ltd, Australia)",DAIRY PRODUCTS AND ALTERNATIVES,Soy milks,Australia,2008,43,3,4,Normal,10,25,412.5,"Glucose, 2h",Standard,"Capillary, plasma",Enzymatic,UO5,10,food,72,,
1068,"Soy milk, Vitasoy® So Milky Regular (National Foods Ltd, Australia)",DAIRY PRODUCTS AND ALTERNATIVES,Soy milks,Australia,2008,21,5,2,Normal,10,25,800.8,"Glucose, 2h",Standard,"Capillary, plasma",Enzymatic,UO5,10,food,72,,
,"Soy milk full-fat, mean of five studies",DAIRY PRODUCTS AND ALTERNATIVES,Soy milks,,,37,,,,,,,,,,,,10,mean,72,,
1069,"Soy milk, low-fat (0.7%), Vitasoy® Light Original (National Foods Ltd, Australia)",DAIRY PRODUCTS AND ALTERNATIVES,Soy milks,Australia,2005,45,5,5,Normal,10,25,641.0,"Glucose, 2h",Standard,"Capillary, whole blood",HemoCue,UO5,10,food,72,,
1070,"Soy milk, reduced-fat (1.5%), Vitasoy® So Milky Lite (National Foods Ltd, Australia)",DAIRY PRODUCTS AND ALTERNATIVES,Soy milks,Australia,2008,17,3,2,Normal,10,25,851.7,"Glucose, 2h",Standard,"Capillary, plasma",Enzymatic,UO5,10,food,72,,
1071,"Soy milk, reduced-fat (1.5%), 120 mg calcium, Light, containing maltodextrin (So Natural Foods, Australia)",DAIRY PRODUCTS AND ALTERNATIVES,Soy milks,Australia,2000,44,3,4,Normal,10,25,463.0,"Glucose, 2h",Standard,"Capillary, plasma",Enzymatic,UO5,10,food,72,,
1072,"Soy milk, reduced-fat (1.8%), 120 mg calcium, Vitasoy® Premium Vitality+ (National Foods Ltd, Australia)",DAIRY PRODUCTS AND ALTERNATIVES,Soy milks,Australia,2005,18,3,2,Normal,10,25,520.8,"Glucose, 2h",Standard,"Capillary, whole blood",HemoCue,UO5,10,food,72,,
,"Soy milk reduced-fat, mean of 4 studies",DAIRY PRODUCTS AND ALTERNATIVES,Soy milks,,,31,,,,,,,,,,,,10,mean,72,,
1073,"Soy Beverage, Chocolate flavored, President's Choice® Blue Menu™(Loblaw Brands Limited, Canada)",DAIRY PRODUCTS AND ALTERNATIVES,"Soy milk drinks, flavored",Canada,2004-2007,40,5,8,Normal,10,50,,"Bread, 2h",Standard,"Capillary, whole blood",YSI,UO7,10,food,72,,
1074,"Soy Beverage, Vanilla flavored, President's Choice® Blue Menu™ (Loblaw Brands Limited, Canada)",DAIRY PRODUCTS AND ALTERNATIVES,"Soy milk drinks, flavored",Canada,2004-2007,28,3,6,Normal,10,50,,"Bread, 2h",Standard,"Capillary, whole blood",YSI,UO7,10,food,72,,
1075,"Soy milk, reduced-fat (1.5%), Vitasoy® Lush, Chocolate (National Foods Ltd, Australia)",DAIRY PRODUCTS AND ALTERNATIVES,"Soy milk drinks, flavored",Australia,2008,31,3,6,Normal,10,25,353.4,"Glucose, 2h",Standard,"Capillary, plasma",Enzymatic,UO5,10,food,72,,
1076,"Soy milk, reduced-fat (1.5%), Vitasoy® Lush, Vanilla (National Foods Ltd, Australia)",DAIRY PRODUCTS AND ALTERNATIVES,"Soy milk drinks, flavored",Australia,2008,31,3,6,Normal,10,25,376.8,"Glucose, 2h",Standard,"Capillary, plasma",Enzymatic,UO5,10,food,72,,
1077,"Soy yoghurt, peach and mango, 2% fat, sugar (So Natural Foods, Australia)",DAIRY PRODUCTS AND ALTERNATIVES,Soy yoghurt,Australia,2000,50,3,10,Normal,10,25,268.8,"Glucose, 2h",Standard,"Capillary, plasma",Enzymatic,UO5,10,food,72,,
1078,"Apples, raw",FRUIT AND FRUIT PRODUCTS,Apples,Australia,2020,44,5,7,Normal,10,50,431.0,"Glucose, 2h",Standard,"Capillary, plasma",Enzymatic,UO5,15,food,73,raw,name
1079,"Apples, canned in juice",FRUIT AND FRUIT PRODUCTS,Apples,Australia,2007,42,5,6,Normal,10,50,337.8,"Glucose, 2h",Standard,"Capillary, whole blood",HemoCue,UO5,15,food,73,canned,name
1080,"Sliced Apples, canned, solid packed without juice (Langeberg and Ashton Foods Pty Ltd, South Africa)",FRUIT AND FRUIT PRODUCTS,Apples,South Africa,2006,42,2,6,Normal,10,50,602.4,"Glucose, 2h",Standard,"Capillary, plasma",Enzymatic,UO5,15,food,73,canned,name
1081,"Apple, dried",FRUIT AND FRUIT PRODUCTS,"Apples, dried",Australia,1998,29,5,4,Normal,10,50,82.3,"Bread, 2h",Standard,"Capillary, plasma",Enzymatic,UO5,15,food,73,dried,name
1082,"Apples, dried (Malus pumila Mill.)",FRUIT AND FRUIT PRODUCTS,"Apples, dried",China,2018*,43,4,6,Normal,11,50,76.8,"Glucose, 2h",Standard,"Capillary, whole blood",Glucometer 9,86,15,food,73,dried,name
1083,"Apricots, raw, NS",FRUIT AND FRUIT PRODUCTS,Apricots,Australia,2007,34,3,5,Normal,10,50,324.7,"Glucose, 2h",Standard,"Capillary, plasma",Enzymatic,UO5,15,food,73,raw,name
1084,"Apricots, raw, NS",FRUIT AND FRUIT PRODUCTS,Apricots,Canada,2018*,42,5,6,Normal,10,50,81.4,"Bread, 2h",Standard,"Capillary, whole blood",YSI,87,15,food,73,raw,name
1085,"Apricot Halves canned in fruit juice (Langeberg and Ashton Foods Pty Ltd, South Africa)",FRUIT AND FRUIT PRODUCTS,Apricots,South Africa,2006,51,5,8,Normal,10,50,495.0,"Glucose, 2h",Standard,"Capillary, plasma",Enzymatic,UO5,15,food,73,canned,name
1086,"Apricots, dried, ready to eat, bite size",FRUIT AND FRUIT PRODUCTS,"Apricots, dried",UK,2005,32,7,5,Normal,10,50,137.0,"Glucose, 2h",Standard,"Capillary, whole blood",Glucometer 9,26,15,food,73,dried,name
1087,"Apricots, dried (Armeniaca vulgaris Lam.)",FRUIT AND FRUIT PRODUCTS,"Apricots, dried",China,2018*,56,4,8,Normal,11,50,90.4,"Glucose, 2h",Standard,"Capillary, whole blood",Glucometer 9,86,15,food,73,dried,name
1088,"Banana, raw",FRUIT AND FRUIT PRODUCTS,"Banana, raw",Australia,2008,47,5,7,Normal,10,50,250,"Glucose, 2h",Standard,"Capillary, plasma",Enzymatic,5 UO,15,food,73,raw,name
1089,"Banana, lady finger (Moraitis, Australia)",FRUIT AND FRUIT PRODUCTS,"Banana, raw",Australia,2014,49,5,7,Normal,12,50,259.2,"Glucose, 2h",Standard,"Capillary, plasma",Enzymatic,5 UO,15,food,73,raw,subgroup
1090,"Banana, lady finger (Moraitis, Australia)",FRUIT AND FRUIT PRODUCTS,"Banana, raw",Australia,2014,53,4,8,Normal,12,50,268.3,"Glucose, 2h",Standard,"Capillary, plasma",Enzymatic,5 UO,15,food,73,raw,subgroup
1091,"Banana, raw, overripe",FRUIT AND FRUIT PRODUCTS,"Banana, raw",Australia,2008,57,8,9,Normal,9,50,250,"Glucose, 2h",Standard,"Capillary, plasma",Enzymatic,5 UO,15,food,73,raw,name
1092,"Blueberries, wild (Wild Blueberries Association, Canada)",FRUIT AND FRUIT PRODUCTS,Blueberries,Canada,2004-2007,53,7,8,Normal,10,50,568.2,"Bread, 2h",Standard,"Capillary, whole blood",YSI,UO5,15,food,74,,
1093,"Breadfruit, peeled, boiled 10 min",FRUIT AND FRUIT PRODUCTS,Breadfruit (Artocarpus altilis),Jamaica,2005,47,5,7,Normal,10,50,276.6,"Glucose, 2h",Standard,"Capillary, plasma",Enzymatic,88,15,food,74,boiled,name
1094,"Breadfruit, roasted on preheated charcoal",FRUIT AND FRUIT PRODUCTS,Breadfruit (Artocarpus altilis),Jamaica,2005,72,8,11,Normal,10,50,221.3,"Glucose, 2h",Standard,"Capillary, plasma",Enzymatic,88,15,food,74,roasted,name
1095,"Jackfruit365 Green Jackfruit, prepared as a porridge with water",FRUIT AND FRUIT PRODUCTS,Breadfruit (Artocarpus altilis),India,2016,65,5,10,Normal,10,25,59.2,"Glucose, 2h",Standard,"Capillary, plasma",Enzymatic,UO5,15,food,74,,
1096,"Cranberries, sweetened, dried (Ocean Spray, USA)",FRUIT AND FRUIT PRODUCTS,Cranberries,USA,2011,62,6,9,Normal,10,50,65.1,"Glucose, 2h",Standard,"Capillary, plasma",Enzymatic,UO5,15,food,74,dried,name
1097,"Cherries, sour, pitted, canned (Always Fresh brand, Australia)",FRUIT AND FRUIT PRODUCTS,Cherries,Australia,2007,41,5,6,Normal,10,25,142,"Glucose, 2h",Standard,"Capillary, plasma",Enzymatic,UO5,15,food,74,canned,name
1098,"Custard apple, raw, flesh only",FRUIT AND FRUIT PRODUCTS,Custard apple,Australia,2000,54,2,8,Normal,12,50,316.5,"Glucose, 2h",Standard,"Capillary, plasma",Enzymatic,74,15,food,74,raw,name
1099,"Dates, Bo ma'an variety (Al Saad date factory, Al Ain, UAE)",FRUIT AND FRUIT PRODUCTS,Dates,UAE,2011*,46,7,7,Normal,13,50,72.7,"Glucose, 2h",Standard,"Capillary, whole blood",Glucometer 9,89,15,food,74,,
1100,"Dates, Dabbas variety (Al Saad date factory, Al Ain, UAE)",FRUIT AND FRUIT PRODUCTS,Dates,UAE,2011*,49,7,7,Normal,13,50,76.2,"Glucose, 2h",Standard,"Capillary, whole blood",Glucometer 9,89,15,food,74,,
1101,"Dates, Deglet noir variety",FRUIT AND FRUIT PRODUCTS,Dates,Algeria,2016*,52,3,8,Normal,10,50,,"Glucose, 2h",Standard,"Capillary, whole blood",Glucometer 9,90,15,food,74,,
1102,"Dates, Fara'd variety (Al Saad date factory, Al Ain, UAE)",FRUIT AND FRUIT PRODUCTS,Dates,UAE,2011*,54,6,8,Normal,13,50,72.5,"Glucose, 2h",Standard,"Capillary, whole blood",Glucometer 9,89,15,food,74,,
1103,"Dates, H'mira variety",FRUIT AND FRUIT PRODUCTS,Dates,Algeria,2016*,48,2,7,Normal,10,50,,"Glucose, 2h",Standard,"Capillary, whole blood",Glucometer 9,90,15,food,74,,
1104,"Dates, Khalas (Rutab, soft early ripened) variety",FRUIT AND FRUIT PRODUCTS,Dates,UAE,2002,47,5,7,Normal,11,50,101.8,"Glucose, 2h",Standard,"Capillary, whole blood",Glucometer 9,91,15,food,74,,
1105,"Dates, Khalas variety (Al Saad date factory, Al Ain, UAE)",FRUIT AND FRUIT PRODUCTS,Dates,UAE,2011*,55,8,8,Normal,13,50,72.6,"Glucose, 2h",Standard,"Capillary, whole blood",Glucometer 9,89,15,food,74,,
1106,"Dates, Kh alas (Phoenix dactylifera L.)",FRUIT AND FRUIT PRODUCTS,Dates,production Saudi Arabia,2013*,55,6,8,number) Normal,10,,,"period Glucose, 2h",Standard,"Capillary, plasma",method 4 YSI,92,15,food,75,,
1107,"Dates, Lulu variety (Al Saad date factory, Al Ain, UAE)",FRUIT AND FRUIT PRODUCTS,Dates,UAE,2011*,54,9,8,Normal,13,50,73.6,"Glucose, 2h",Standard,"Capillary, whole blood",Glucometer 9,89,15,food,75,,
1108,"Dates, NS",FRUIT AND FRUIT PRODUCTS,Dates,Canada,2018*,68,6,10,Normal,10,50,77.8,"Bread, 2h",Standard,"Capillary, whole blood",YSI,87,15,food,75,,
1109,"Dates, Tinissine variety",FRUIT AND FRUIT PRODUCTS,Dates,Algeria,2016*,44,2,7,Normal,10,50,,"Glucose, 2h",Standard,"Capillary, whole blood",Glucometer 9,90,15,food,75,,
,"Dates, mean of 11 foods",FRUIT AND FRUIT PRODUCTS,Dates,,,52,,,,,,,,,,,,15,mean,75,,
1110,"Dates, Ajwah cultivar, Tamer stage",FRUIT AND FRUIT PRODUCTS,"Dates, dried",Saudi Arabia,2016*,60,6,9,Normal,10,50,70.1,"Glucose, 2h",Standard,"Capillary, whole blood",Glucometer 9,93,15,food,75,dried,subgroup
1111,"Dates, Khalas (Tamer, sun dried stored in traditional Bedu manner) variety",FRUIT AND FRUIT PRODUCTS,"Dates, dried",UAE,2002,45,8,7,Normal,11,50,66.8,"Glucose, 2h",Standard,"Capillary, whole blood",Glucometer 9,91,15,food,75,dried,name
1112,"Dates, Khalas variety, dried and vacuum packed",FRUIT AND FRUIT PRODUCTS,"Dates, dried",UAE,2002,36,3,5,Normal,11,50,66.7,"Glucose, 2h",Standard,"Capillary, whole blood",Glucometer 9,91,15,food,75,dried,name
1113,"Dates, Khudri cultivar, Tamer stage",FRUIT AND FRUIT PRODUCTS,"Dates, dried",Saudi Arabia,2016*,62,7,9,Normal,10,50,67.1,"Glucose, 2h",Standard,"Capillary, whole blood",Glucometer 9,93,15,food,75,dried,subgroup
1114,"Dates, Maktoomi cultivar, Tamer stage",FRUIT AND FRUIT PRODUCTS,"Dates, dried",Saudi Arabia,2016*,71,11,11,Normal,10,50,68.5,"Glucose, 2h",Standard,"Capillary, whole blood",Glucometer 9,93,15,food,75,dried,subgroup
1115,"Dates, Medjool cultivar, Tamer stage",FRUIT AND FRUIT PRODUCTS,"Dates, dried",Saudi Arabia,2016*,55,7,8,Normal,10,50,70.5,"Glucose, 2h",Standard,"Capillary, whole blood",Glucometer 9,93,15,food,75,dried,subgroup
1116,"Dates, Nabtat-ali cultivar, Tamer stage",FRUIT AND FRUIT PRODUCTS,"Dates, dried",Saudi Arabia,2016*,60,7,9,Normal,10,50,69.3,"Glucose, 2h",Standard,"Capillary, whole blood",Glucometer 9,93,15,food,75,dried,subgroup
1117,"Dates, Nabtat-seyf cultivar, Tamer stage",FRUIT AND FRUIT PRODUCTS,"Dates, dried",Saudi Arabia,2016*,54,10,8,Normal,9,50,67.0,"Glucose, 2h",Standard,"Capillary, whole blood",Glucometer 9,93,15,food,75,dried,subgroup
1118,"Dates, Osilah cultivar, Tamer stage",FRUIT AND FRUIT PRODUCTS,"Dates, dried",Saudi Arabia,2016*,57,12,9,Normal,9,50,82.5,"Glucose, 2h",Standard,"Capillary, whole blood",Glucometer 9,93,15,food,75,dried,subgroup
1119,"Dates, Rashodia cultivar, Tamer stage",FRUIT AND FRUIT PRODUCTS,"Dates, dried",Saudi Arabia,2016*,51,7,8,Normal,10,50,67.3,"Glucose, 2h",Standard,"Capillary, whole blood",Glucometer 9,93,15,food,75,dried,subgroup
1120,"Dates, Ruthana cultivar, Tamer stage",FRUIT AND FRUIT PRODUCTS,"Dates, dried",Saudi Arabia,2016*,53,4,8,Normal,10,50,73.4,"Glucose, 2h",Standard,"Capillary, whole blood",Glucometer 9,93,15,food,75,dried,subgroup
1121,"Dates, Sag'ai cultivar, Tamer stage",FRUIT AND FRUIT PRODUCTS,"Dates, dried",Saudi Arabia,2016*,45,6,7,Normal,9,50,72.7,"Glucose, 2h",Standard,"Capillary, whole blood",Glucometer 9,93,15,food,75,dried,subgroup
1122,"Dates, Sayer, dried, Trident™ brand",FRUIT AND FRUIT PRODUCTS,"Dates, dried",production Australia,2014,56,3,8,number) Normal,10,,,"period Glucose, 2h",Standard,"Capillary, plasma",method 4 Enzymatic,UO5,15,food,76,dried,name
1123,"Dates, Sellaj cultivar, Tamer stage",FRUIT AND FRUIT PRODUCTS,"Dates, dried",Saudi Arabia,2016*,75,10,11,Normal,9,50,69.0,"Glucose, 2h",Standard,"Capillary, whole blood",Glucometer 9,93,15,food,76,dried,subgroup
1124,"Dates, Shaqra cultivar, Tamer stage",FRUIT AND FRUIT PRODUCTS,"Dates, dried",Saudi Arabia,2016*,43,6,6,Normal,10,50,66.9,"Glucose, 2h",Standard,"Capillary, whole blood",Glucometer 9,93,15,food,76,dried,subgroup
1125,"Dates, Shishi cultivar, Tamer stage",FRUIT AND FRUIT PRODUCTS,"Dates, dried",Saudi Arabia,2016*,50,7,8,Normal,10,50,71.8,"Glucose, 2h",Standard,"Capillary, whole blood",Glucometer 9,93,15,food,76,dried,subgroup
1126,"Dates, Sukkary cultivar, Tamer stage",FRUIT AND FRUIT PRODUCTS,"Dates, dried",Saudi Arabia,2016*,43,5,6,Normal,10,50,77.6,"Glucose, 2h",Standard,"Capillary, whole blood",Glucometer 9,93,15,food,76,dried,subgroup
1127,"Dates, Um-Kabar cultivar, Tamer stage",FRUIT AND FRUIT PRODUCTS,"Dates, dried",Saudi Arabia,2016*,59,7,9,Normal,10,50,69.1,"Glucose, 2h",Standard,"Capillary, whole blood",Glucometer 9,93,15,food,76,dried,subgroup
1128,"Dates, Wannanah cultivar, Tamer stage",FRUIT AND FRUIT PRODUCTS,"Dates, dried",Saudi Arabia,2016*,51,7,8,Normal,10,50,67.5,"Glucose, 2h",Standard,"Capillary, whole blood",Glucometer 9,93,15,food,76,dried,subgroup
,"Dates, dried, mean of 19 foods",FRUIT AND FRUIT PRODUCTS,"Dates, dried",,,54,,,,,,,,,,,,15,mean,76,dried,name
1129,"Figs, dried, no added, sugar, organic, Turkish (Woolworths Macro brand, Australia)",FRUIT AND FRUIT PRODUCTS,"Figs, dried",Turkey,2018,54,6,8,Normal,10,50,91.7,"Glucose, 2h",Standard,"Capillary, plasma",Enzymatic,UO5,15,food,76,dried,name
1130,"Figs, dried, tenderized, Dessert Maid brand (Ernest Hall & Sons, Sydney, Australia)",FRUIT AND FRUIT PRODUCTS,"Figs, dried",Australia,2002,61,6,9,Normal,10,50,115.4,"Glucose, 2h",Standard,"Capillary, plasma",Enzymatic,UO5,15,food,76,dried,name
1131,"Guava, raw, cut into bite size pieces",FRUIT AND FRUIT PRODUCTS,Guava,Singapore,2017*,29,4,4,Normal,19,25,280,"Glucose, 2h",Standard,"Capillary, whole blood",HemoCue,94,15,food,76,raw,name
1132,"Guava, raw, puree",FRUIT AND FRUIT PRODUCTS,Guava,Singapore,2017*,47,4,7,Normal,19,25,280,"Glucose, 2h",Standard,"Capillary, whole blood",HemoCue,94,15,food,76,raw,name
1133,"Grapes, Crimson seedless",FRUIT AND FRUIT PRODUCTS,Grapes,Australia,2008,50,3,8,Normal,10,50,279.3,"Glucose, 2h",Standard,"Capillary, plasma",Enzymatic,UO5,15,food,76,,
1134,"Grapes, green, Menidee, seedless",FRUIT AND FRUIT PRODUCTS,Grapes,Australia,2008,54,4,8,Normal,10,50,333.3,"Glucose, 2h",Standard,"Capillary, plasma",Enzymatic,UO5,15,food,76,,
1135,"Grapes, black, Waltham Cross",FRUIT AND FRUIT PRODUCTS,Grapes,Australia,2001,59,5,9,Normal,11,50,330.7,"Bread, 2h",Standard,"Capillary, plasma",Enzymatic,UO5,15,food,76,,
1136,"Grapefruit, ruby red segments, canned in juice (Woolworths Select, Australia)",FRUIT AND FRUIT PRODUCTS,Grapefruit,Australia,2008,47,5,7,Normal,10,50,294.1,"Glucose, 2h",Standard,"Capillary, plasma",Enzymatic,5 UO,15,food,77,canned,name
1137,"Jujubes, dried (Ziziphus jujubu Mill.)",FRUIT AND FRUIT PRODUCTS,Jujubes,China,2018*,55,6,8,Normal,11,50,84,"Glucose, 2h",Standard,"Capillary, whole blood",9 Glucometer,86,15,food,77,dried,name
1138,"Lychee, fresh",FRUIT AND FRUIT PRODUCTS,Lychee,Australia,2009,57,3,9,Normal,9,50,308.6,"Glucose, 2h",Standard,"Capillary, plasma",Enzymatic,5 UO,15,food,77,,
1139,"Lychee, canned in syrup and drained, Narcissus brand",FRUIT AND FRUIT PRODUCTS,Lychee,China,2000,79,8,12,Normal,12,50,292.4,"Glucose, 2h",Standard,"Capillary, plasma",Enzymatic,74,15,food,77,canned,name
1140,Mandarin orange (Citrus reticulata),FRUIT AND FRUIT PRODUCTS,Mandarins,Italy,2004,52,8,8,"Normal, ≥",9,25,142,"Glucose, 2h",Standard,"Capillary, whole blood",YSI,14 UO,15,food,77,,
1141,"Mandarin segments, canned in juice (Woolworths Select, Australia)",FRUIT AND FRUIT PRODUCTS,Mandarins,Australia,2008,47,2,7,Normal,10,50,500,"Glucose, 2h",Standard,"Capillary, plasma",Enzymatic,5 UO,15,food,77,canned,name
1142,"Mango, raw (Chin-Hwang Mango)",FRUIT AND FRUIT PRODUCTS,Mango,Taiwan,2010*,48,0.3,7,Normal,10,50,,"Bread, 2h",Standard,"Capillary, plasma",Enzymatic,19,15,food,77,raw,name
1143,"Mango, low-fat frozen fruit dessert, Frutia™ (Weis Frozen Foods, Toowong, Australia)",FRUIT AND FRUIT PRODUCTS,Mango,Australia,2000,42,3,6,Normal,10,50,217.4,"Glucose, 2h",Standard,"Capillary, plasma",Enzymatic,5 UO,15,food,77,,
1144,Melon (Cucumis melon),FRUIT AND FRUIT PRODUCTS,Melon,Italy,2004,60,9,9,"Normal, ≥",9,25,338,"Glucose, 2h",Standard,"Capillary, whole blood",YSI,14 UO,15,food,77,,
1145,"Watermelon, raw (Citrullus vulgaris-red variety)",FRUIT AND FRUIT PRODUCTS,Melon,Malaysia,2008*,55,3,8,Normal,10,50,893,"Glucose, 2h",Standard,"Capillary, plasma",Enzymatic,95,15,food,77,raw,name
1146,"Watermelon (Citrullus lanatus ), raw, red-fleshed, seeded",FRUIT AND FRUIT PRODUCTS,Melon,Malaysia,2017*,48,1,7,Normal,14,25,236,"Glucose, 2h",Standard,"Capillary, plasma",YSI,96,15,food,77,raw,name
1147,"Watermelon (Citrullus lanatus ), raw, red-fleshed, seedless",FRUIT AND FRUIT PRODUCTS,Melon,Malaysia,2017*,51,2,8,Normal,14,25,239,"Glucose, 2h",Standard,"Capillary, plasma",YSI,96,15,food,77,raw,name
1148,"Watermelon (Citrullus lanatus ), raw, yellow-fleshed, seedless",FRUIT AND FRUIT PRODUCTS,Melon,Malaysia,2017*,47,2,7,Normal,14,25,233,"Glucose, 2h",Standard,"Capillary, plasma",YSI,96,15,food,77,raw,name
,"Watermelon, mean of four foods",FRUIT AND FRUIT PRODUCTS,Melon,,,50,,,,,,,,,,,,15,mean,77,,
1149,"Nectarines, raw",FRUIT AND FRUIT PRODUCTS,Nectarines,Australia,2006,43,6,6,Normal,10,25,324.7,"Glucose, 2h",Standard,"Capillary, plasma",Enzymatic,5 UO,15,food,77,raw,name
1150,"Oranges, navel",FRUIT AND FRUIT PRODUCTS,Orange,Australia,2020,45,5,7,Normal,10,50,406.5,"Glucose, 2h",Standard,"Capillary, plasma",Enzymatic,UO5,15,food,78,,
1151,"Orange & Grapefruit segments, canned in juice (Woolworths Select, Australia)",FRUIT AND FRUIT PRODUCTS,Orange,Australia,2008,53,4,8,Normal,10,50,312.5,"Glucose, 2h",Standard,"Capillary, plasma",Enzymatic,UO5,15,food,78,canned,name
1152,"Passionfruit pulp, canned, 55% passionfruit pulp with added sugar",FRUIT AND FRUIT PRODUCTS,Passionfruit,Australia,2016,46,5,7,Normal,10,25,95.8,"Glucose, 2h",Standard,"Capillary, plasma",Enzymatic,UO5,15,food,78,canned,name
1153,"Papaya/paw paw, raw, cut into bite size pieces",FRUIT AND FRUIT PRODUCTS,"Paw paw/papaya, raw",Singapore,2017*,38,2,6,Normal,19,25,274,"Glucose, 2h",Standard,"Capillary, whole blood",HemoCue,94,15,food,78,raw,name
1154,"Papaya/paw paw, raw, puree",FRUIT AND FRUIT PRODUCTS,"Paw paw/papaya, raw",Singapore,2017*,42,5,6,Normal,19,25,274,"Glucose, 2h",Standard,"Capillary, whole blood",HemoCue,94,15,food,78,raw,name
1155,Peach (Prunus persica),FRUIT AND FRUIT PRODUCTS,"Peaches, raw or canned",Italy,2004,76,9,11,"Normal, ≥",9,25,410,"Glucose, 2h",Standard,"Capillary, whole blood",YSI,UO14,15,food,78,canned,subgroup
1156,"Peach, canned in natural juice (SPC Ardmona Ltd, Shepparton, VIC, Australia)",FRUIT AND FRUIT PRODUCTS,"Peaches, raw or canned",Australia,2007,46,4,7,Normal,9,50,438.6,"Glucose, 2h",Standard,"Capillary, plasma",Enzymatic,UO5,15,food,78,canned,name
1157,"Peach, canned in heavy syrup (Homebrand, Yennora, NSW, Australia)",FRUIT AND FRUIT PRODUCTS,"Peaches, raw or canned",Australia,2007,64,3,10,Normal,9,50,314.5,"Glucose, 2h",Standard,"Capillary, plasma",Enzymatic,UO5,15,food,78,canned,name
1158,"Peach & Grapes, canned in natural fruit juice (Woolworths Select, Australia)",FRUIT AND FRUIT PRODUCTS,"Peaches, raw or canned",Australia,2008,46,5,7,Normal,10,50,490.2,"Glucose, 2h",Standard,"Capillary, plasma",Enzymatic,UO5,15,food,78,canned,name
1159,"Peach & Pineapple, canned in natural fruit juice (Woolworths Select, Australia)",FRUIT AND FRUIT PRODUCTS,"Peaches, raw or canned",Australia,2008,45,4,7,Normal,10,50,454.5,"Glucose, 2h",Standard,"Capillary, plasma",Enzymatic,UO5,15,food,78,canned,name
1160,"Pear, Williams, raw, under ripe/crunchy",FRUIT AND FRUIT PRODUCTS,Pears,Australia,2015,24,3,4,Normal,10,25,260.4,"Glucose, 2h",Standard,"Capillary, plasma",Enzymatic,UO5,15,food,78,raw,name
1161,"Pear, Williams, raw, ripe/soft",FRUIT AND FRUIT PRODUCTS,Pears,Australia,2015,33,4,5,Normal,10,25,260.4,"Glucose, 2h",Standard,"Capillary, plasma",Enzymatic,UO5,15,food,78,raw,name
1162,"Pear slices, canned in natural juice (SPC Ltd, Australia)",FRUIT AND FRUIT PRODUCTS,Pears,Australia,2015,31,2,5,Normal,10,50,181.3,"Glucose, 2h",Standard,"Capillary, plasma",Enzymatic,UO5,15,food,78,canned,name
1163,Persimmon (Diospyros kaki),FRUIT AND FRUIT PRODUCTS,Persimmon,Italy,2004,61,8,9,"Normal, ≥",9,25,156,"Glucose, 2h",Standard,"Capillary, whole blood",YSI,UO14,15,food,78,,
1164,"Pine apple, raw (Ananas comosa)",FRUIT AND FRUIT PRODUCTS,Pineapple,Malaysia,2008*,82,4,12,Normal,9,50,543,"Glucose, 2h",Standard,"Capillary, plasma",Enzymatic,95,15,food,79,raw,name
1165,"Pineapple pieces, canned in fruit juice (Woolworths Select, Australia)",FRUIT AND FRUIT PRODUCTS,Pineapple,Australia,2008,43,4,6,Normal,10,50,312.5,"Glucose, 2h",Standard,"Capillary, plasma",Enzymatic,UO5,15,food,79,canned,name
1166,"Pineapple pieces, canned in natural fruit juice (Woolworths Select, Australia)",FRUIT AND FRUIT PRODUCTS,Pineapple,Australia,2007,55,5,8,Normal,10,50,384.6,"Glucose, 2h",Standard,"Capillary, plasma",Enzymatic,UO5,15,food,79,canned,name
1167,"Pineapple & Papaya pieces, canned in natural juice (Woolworths Select, Australia)",FRUIT AND FRUIT PRODUCTS,Pineapple,Australia,2008,53,7,8,Normal,10,50,424.5,"Glucose, 2h",Standard,"Capillary, plasma",Enzymatic,UO5,15,food,79,canned,name
1168,"Prunes, pitted (Sunsweet Growers Inc., Yuba City, USA)",FRUIT AND FRUIT PRODUCTS,Prunes,USA,2000,29,4,4,Normal,10,50,68.2,"Glucose, 2h",Standard,"Capillary, plasma",Enzymatic,UO5,15,food,79,,
1169,"Prunes, pitted, Californian (Sunsweet Growers Inc., Yuba City, USA)",FRUIT AND FRUIT PRODUCTS,Prunes,USA,2009,40,6,6,Normal,10,50,90.9,"Glucose, 2h",Standard,"Capillary, plasma",Enzymatic,UO5,15,food,79,,
1170,"Raisins (Sun Maid, USA)",FRUIT AND FRUIT PRODUCTS,Raisins,USA,2013,49,4,7,Normal,10,50,69.0,"Bread, 2h",Standard,"Capillary, whole blood",YSI,97,15,food,79,,
1171,Raisins,FRUIT AND FRUIT PRODUCTS,Raisins,Canada,2018*,55,5,8,Normal,10,50,64.8,"Bread, 2h",Standard,"Capillary, whole blood",YSI,87,15,food,79,,
1172,Raisins (Vitis vinifera Linn.),FRUIT AND FRUIT PRODUCTS,Raisins,China,2018*,56,5,8,Normal,11,50,75.2,"Glucose, 2h",Standard,"Capillary, whole blood",Glucometer 9,86,15,food,79,,
1173,Raisins,FRUIT AND FRUIT PRODUCTS,Raisins,USA,2009,61,4,9,Normal,10,50,79.9,"Glucose, 2h",Standard,"Capillary, plasma",Enzymatic,UO5,15,food,79,,
,"Raisins, mean of four studies",FRUIT AND FRUIT PRODUCTS,Raisins,,,55,,,,,,,,,,,,15,mean,79,,
1174,"Strawberries, fresh, raw",FRUIT AND FRUIT PRODUCTS,Strawberries,Australia,2001,40,7,6,Normal,10,25,925,"Glucose, 2h",Standard,"Capillary, plasma",Enzymatic,UO5,15,food,79,raw,name
1175,"Sultanas (Value, UK)",FRUIT AND FRUIT PRODUCTS,Sultanas,UK,2005,56,6,8,Normal,10,50,72.0,"Glucose, 2h",Standard,"Capillary, whole blood",Glucometer 9,26,15,food,79,,
1176,Sultanas,FRUIT AND FRUIT PRODUCTS,Sultanas,Canada,2018*,51,4,8,Normal,10,50,67,"Bread, 2h",Standard,"Capillary, whole blood",YSI,87,15,food,79,,
1177,"Fruit Salad canned in fruit juice, containing peach, pear, apricot, pineapple and cherries (Langeberg and Ashton Foods Pty Ltd, South Africa)",FRUIT AND FRUIT PRODUCTS,Other fruit products,South Africa,2007,54,3,8,Normal,10,50,526.3,"Glucose, 2h",Standard,"Capillary, plasma",Enzymatic,UO5,15,food,80,canned,name
1178,"Mixed fruit, dried (Value, UK)",FRUIT AND FRUIT PRODUCTS,Other fruit products,UK,2005,60,7,9,Normal,10,50,73.6,"Glucose, 2h",Standard,"Capillary, whole blood",9 Glucometer,26,15,food,80,dried,name
1179,"Frozen fruit dessert, Vitari, wild berry, non-dairy (Nestlé, Australia)",FRUIT AND FRUIT PRODUCTS,Other fruit products,Australia,2000,59,8,9,Normal,10,50,238.1,"Bread, 2h",Standard,"Capillary, plasma",Enzymatic,5 UO,15,food,80,,
1180,"Apple juice, unsweetened, reconstituted (Berrivale Orchards Ltd, Berri, Australia)",FRUIT AND FRUIT PRODUCTS,Apple juice,Australia,1998,39,5,8,Normal,10,50,,"Bread, 2h",Standard,"Capillary, plasma",Enzymatic,UO5,20,food,80,,
1181,"Apple juice, Granny Smith, unsweetened",FRUIT AND FRUIT PRODUCTS,Apple juice,Australia,2003,44,3,9,Normal,10,50,442.5,"Glucose, 2h",Standard,"Capillary, plasma",Enzymatic,UO5,20,food,80,,
1182,"Apple juice, green apple (100%) (Pfanner, Italy)",FRUIT AND FRUIT PRODUCTS,Apple juice,Italy,2011,67,7,13,Normal,9,50,446,"Glucose, 2h",Standard,"Capillary, whole blood",YSI,3,20,food,80,,
1183,"Apple juice, pure, clear, unsweetened (The Wild About Fruit Company, Wandin, VIC, Australia)",FRUIT AND FRUIT PRODUCTS,Apple juice,Australia,2001,44,2,9,Normal,10,50,438.6,"Glucose, 2h",Standard,"Capillary, plasma",Enzymatic,UO5,20,food,80,,
1184,"Apple juice, pure, cloudy, unsweetened (The Wild About Fruit Company, Australia)",FRUIT AND FRUIT PRODUCTS,Apple juice,Australia,2001,37,3,7,Normal,10,50,476.2,"Glucose, 2h",Standard,"Capillary, plasma",Enzymatic,UO5,20,food,80,,
,"Apple juice, mean of five foods",FRUIT AND FRUIT PRODUCTS,Apple juice,,,46,,,,,,,,,,,,20,mean,80,,
1185,"Apple and blackcurrant juice, no added sugar (Berri Ltd, Australia)",FRUIT AND FRUIT PRODUCTS,Apple juice,Australia,2003,45,4,9,Normal,10,50,500.0,"Glucose, 2h",Standard,"Capillary, whole blood",HemoCue,UO5,20,food,80,,
1186,"Apple and cherry juice, pure, unsweetened (The Wild About Fruit Company, Australia)",FRUIT AND FRUIT PRODUCTS,Apple juice,Australia,2001,43,3,9,Normal,10,50,378.8,"Glucose, 2h",Standard,"Capillary, plasma",Enzymatic,UO5,20,food,80,,
1187,"Apple and mandarin juice, pure, unsweetened (The Wild About Fruit Company, Australia)",FRUIT AND FRUIT PRODUCTS,Apple juice,Australia,2002,47,5,9,Normal,10,50,454.5,"Glucose, 2h",Standard,"Capillary, plasma",Enzymatic,UO5,20,food,80,,
1188,"Apple and mango juice, pure, unsweetened (The Wild About Fruit Company, Australia)",FRUIT AND FRUIT PRODUCTS,Apple juice,Australia,2004,47,5,9,Normal,10,50,384.6,"Glucose, 2h",Standard,"Capillary, plasma",Enzymatic,UO5,20,food,80,,
1189,"Apple, pineapple and passionfruit juice, unsweetened (The Wild About Fruit Company, Australia)",FRUIT AND FRUIT PRODUCTS,Apple juice,Australia,2004,48,5,10,Normal,10,50,390.6,"Glucose, 2h",Standard,"Capillary, plasma",Enzymatic,UO5,20,food,80,,
1190,"Carrot juice, freshly made",FRUIT AND FRUIT PRODUCTS,Carrot juice,Australia,2002,43,3,4,Normal,9,25,342.5,"Glucose, 2h",Standard,"Capillary, plasma",Enzymatic,UO5,20,food,80,,
1191,"Cran berry juice cocktail (Ocean Spray, Melbourne, Australia)",FRUIT AND FRUIT PRODUCTS,Cranberry juice,Australia,2000,52,3,10,Normal,10,50,403,"Glucose, 2h",Standard,"Capillary, plasma",Enzymatic,UO5,20,food,81,,
1192,"Cranberry juice cocktail (Ocean Spray Inc., Lakeville- Middleboro, MA, USA)",FRUIT AND FRUIT PRODUCTS,Cranberry juice,USA,2000,68,3,14,Normal,10,50,357,"Glucose, 2h",Standard,"Capillary, plasma",Enzymatic,UO5,20,food,81,,
1193,"Cranberry juice drink, Ocean Spray® (Gerber Ltd., Bridgewater, Somerset, UK)",FRUIT AND FRUIT PRODUCTS,Cranberry juice,UK,2000,56,4,11,Normal,10,50,431,"Glucose, 2h",Standard,"Capillary, plasma",Enzymatic,UO5,20,food,81,,
,"Cranberry juice, mean of three studies",FRUIT AND FRUIT PRODUCTS,Cranberry juice,,,59,,,,,,,,,,,,20,mean,81,,
1194,"Grape juice, 100%, Daily C (W eichuan Shanghai, China)",FRUIT AND FRUIT PRODUCTS,Grape juice,China,2019,63,5,13,Normal,10,50,365.9,"Glucose, 2h",Standard,"Capillary, plasma",Enzymatic,UO18,20,food,81,,
1195,"Grape Nectar (Chateau Barossa, Lyndoch, SA, Australia)",FRUIT AND FRUIT PRODUCTS,Grape juice,Australia,2003,52,5,10,Normal,9,50,63.9,"Glucose, 2h",Standard,"Capillary, plasma",Enzymatic,5 UO,20,food,81,,
1196,Orange juice,FRUIT AND FRUIT PRODUCTS,Orange juice,New Zealand,2019,41,3,8,Normal,10,50,563.6,"Glucose, 2h",Standard,"Capillary, plasma",Enzymatic,5 UO,20,food,81,,
1197,"Orange juice beverage, President's Choice® Blue Menu™ Oh- Mega j (Loblaw Brands Limited, Canada)",FRUIT AND FRUIT PRODUCTS,Orange juice,Canada,2004-2007,48,4,10,Normal,10,50,,"Bread, 2h",Standard,"Capillary, whole blood",YSI,UO7,20,food,81,,
1198,"Orange juice, unsweetened, reconstituted concentrate, Mr Juicy brand (Berri Ltd, Australia)",FRUIT AND FRUIT PRODUCTS,Orange juice,Australia,2007,54,5,11,Normal,10,50,588.2,"Glucose, 2h",Standard,"Capillary, plasma",Enzymatic,UO5,20,food,81,,
,"Orange juice, mean of three foods",FRUIT AND FRUIT PRODUCTS,Orange juice,,,48,,,,,,,,,,,,20,mean,81,,
1199,"POM Pomegranate juice (POM Wonderful LLC, USA)",FRUIT AND FRUIT PRODUCTS,Pomegranate juice,USA,2009,53,3,11,Normal,9,50,313.2,"Glucose, 2h",Standard,"Capillary, plasma",Enzymatic,5 UO,20,food,81,,
1200,"Prune juice (Golden Circle, Australia)",FRUIT AND FRUIT PRODUCTS,Prune juice,Australia,2004,43,3,9,Normal,9,50,362.3,"Glucose, 2h",Standard,"Capillary, whole blood",HemoCue,5 UO,20,food,81,,
1201,"Tomato juice, low sodium, President's Choice® Blue Menu™ (Loblaw Brands Limited, Canada)",FRUIT AND FRUIT PRODUCTS,Tomato juice,Canada,2004-2007,23,6,2,Normal,10,50,,"Bread, 2h",Standard,"Capillary, whole blood",YSI,UO7,20,food,81,,
1202,"Tomato juice, canned, no added sugar (Berri Ltd, Australia)",FRUIT AND FRUIT PRODUCTS,Tomato juice,Australia,2002,38,4,4,Normal,10,25,892.9,"Glucose, 2h",Standard,"Capillary, whole blood",HemoCue,5 UO,20,food,81,canned,name
1203,"Watermelon (Citrullus lanatus ), raw, red-fleshed, seedless, blended using an automatic juicer to form a juice",FRUIT AND FRUIT PRODUCTS,Watermelon juice,Malaysia,2017*,51,1,10,Normal,14,25,236,"Glucose, 2h",Standard,"Capillary, plasma",YSI,96,20,food,81,raw,name
1204,"SuperJuice Greenzone, containing apple, orange and pineapple juice",FRUIT AND FRUIT PRODUCTS,Other juices,Australia,2006,47,3,9,Normal,10,50,492.0,"Glucose, 2h",Standard,"Capillary, whole blood",HemoCue,UO5,20,food,82,,
1205,"SuperJuice Immune, containing apple juice, pineapple juice and guava puree",FRUIT AND FRUIT PRODUCTS,Other juices,Australia,2006,47,3,9,Normal,10,50,500.9,"Glucose, 2h",Standard,"Capillary, whole blood",HemoCue,UO5,20,food,82,,
1206,"SuperJuice Kickstart, containing apple juice, blueberry puree and banana puree",FRUIT AND FRUIT PRODUCTS,Other juices,Australia,2006,39,3,8,Normal,10,50,442.2,"Glucose, 2h",Standard,"Capillary, whole blood",HemoCue,UO5,20,food,82,,
1207,"Apricot 100% Pure Fruit spread, no added sugar (Freedom Foods, Australia)",FRUIT AND FRUIT PRODUCTS,Fruit spreads/Jam/Marmalade,Australia,2006-2007,43,6,6,Normal,10,50,122.0,"Glucose, 2h",Standard,"Capillary, whole blood",HemoCue,UO10,20,food,82,,
1208,"Apricot 100% Fruit Spread, Cottees™ (Cadbury Schweppes, Australia)",FRUIT AND FRUIT PRODUCTS,Fruit spreads/Jam/Marmalade,Australia,2004,50,6,8,Normal,9,50,80.6,"Glucose, 2h",Standard,"Capillary, whole blood",HemoCue,UO5,20,food,82,,
1209,"Apricot fruit spread, reduced sugar (Glen Ewin Jams, Para Hills, Australia)",FRUIT AND FRUIT PRODUCTS,Fruit spreads/Jam/Marmalade,Australia,1997,55,7,8,Normal,10,50,,"Bread, 2h",Standard,"Capillary, whole blood",HemoCue,UO5,20,food,82,,
1210,"Apricot spread, President's Choice® Blue Menu™ Twice the Fruit Apricot spread (Loblaw Brands Limited, Canada)",FRUIT AND FRUIT PRODUCTS,Fruit spreads/Jam/Marmalade,Canada,2007,56,8,8,Normal,10,50,125.0,"Bread, 2h",Standard,"Capillary, whole blood",YSI,UO7,20,food,82,,
1211,"Fruit spread, with thick apricot (Rhapsodie de Fruit Thick Apricot, St Dalfour, Italy)",FRUIT AND FRUIT PRODUCTS,Fruit spreads/Jam/Marmalade,Italy,2010,63,6,9,Normal,10,25,50,"Glucose, 2h",Standard,"Capillary, whole blood",YSI,3,20,food,82,,
1212,"Apricot jam, organic apricot, with apple juice (Fiordifrutta albicocca, Rigoni di Asiago, Italy)",FRUIT AND FRUIT PRODUCTS,Fruit spreads/Jam/Marmalade,Italy,2010,63,9,9,Normal,10,25,65,"Glucose, 2h",Standard,"Capillary, whole blood",YSI,3,20,food,82,,
1213,"Apricot jam (Confettura extra albicocche, Bonne Maman, Italy)",FRUIT AND FRUIT PRODUCTS,Fruit spreads/Jam/Marmalade,Italy,2010,69,6,10,Normal,10,25,43,"Glucose, 2h",Standard,"Capillary, whole blood",YSI,3,20,food,82,,
,"Apricot spread, mean of seven foods",FRUIT AND FRUIT PRODUCTS,Fruit spreads/Jam/Marmalade,,,57,,,,,,,,,,,,20,mean,82,,
1214,"Berry compote, organic (Fruttosa frutti di bosco, Rigoni di Asiago, Italy)",FRUIT AND FRUIT PRODUCTS,Fruit spreads/Jam/Marmalade,Italy,2009,44,4,7,Normal,10,25,100,"Glucose, 2h",Standard,"Capillary, whole blood",YSI,3,20,food,82,,
1215,"Blackberry 100% Fruit Spread, Cottees™ brand (Cadbury Schweppes, Australia)",FRUIT AND FRUIT PRODUCTS,Fruit spreads/Jam/Marmalade,Australia,2004,46,5,7,Normal,9,50,101.6,"Glucose, 2h",Standard,"Capillary, whole blood",HemoCue,UO5,20,food,82,,
1216,"Blueberry fruit spread, wild blueberry (Rhapsodie de Fruit Wild Blueberry, St. Dalfour, Italy)",FRUIT AND FRUIT PRODUCTS,Fruit spreads/Jam/Marmalade,Italy,2010,74,5,11,Normal,10,25,48,"Glucose, 2h",Standard,"Capillary, whole blood",YSI,3,20,food,82,,
1217,"Blueberry jam, wild blueberry (Confettura extra mirtilli selvatici, Bonne Maman, Italy)",FRUIT AND FRUIT PRODUCTS,Fruit spreads/Jam/Marmalade,Italy,2010,63,3,9,Normal,10,25,44,"Glucose, 2h",Standard,"Capillary, whole blood",YSI,3,20,food,82,,
1218,"Blueberry jam, organic blueberry, with apple juice (Fiordifrutta Mirtilli neri, Rigoni di Asiago, Italy)",FRUIT AND FRUIT PRODUCTS,Fruit spreads/Jam/Marmalade,Italy,2010,51,9,8,Normal,10,25,64,"Glucose, 2h",Standard,"Capillary, whole blood",YSI,3,20,food,82,,
1219,"Date spread, Divine (Buderim Ginger, Buderim, QLD, Australia)",FRUIT AND FRUIT PRODUCTS,Fruit spreads/Jam/Marmalade,production Australia,2006,29,4,4,number) Normal,10,,,"period Glucose, 2h",Standard,"Capillary, whole blood",method 4 HemoCue,UO5,20,food,83,,
1220,"Ginger Spread, sucrose-free (Buderim Ginger, Australia)",FRUIT AND FRUIT PRODUCTS,Fruit spreads/Jam/Marmalade,Australia,2006,10,2,2,Normal,10,50,83.2,"Glucose, 2h",Standard,"Capillary, whole blood",HemoCue,UO5,20,food,83,,
1221,"Ginger marmalade, Original (Buderim Ginger, Australia)",FRUIT AND FRUIT PRODUCTS,Fruit spreads/Jam/Marmalade,Australia,2006,50,7,8,Normal,10,50,67.2,"Glucose, 2h",Standard,"Capillary, whole blood",HemoCue,UO5,20,food,83,,
1222,"Orange fruit spread, with thick cut orange (Rhapsodie de Fruit Orange Spread, Thick Cut St Dalfour, Italy)",FRUIT AND FRUIT PRODUCTS,Fruit spreads/Jam/Marmalade,Italy,2010,68,6,10,Normal,10,25,53,"Glucose, 2h",Standard,"Capillary, whole blood",YSI,3,20,food,83,,
1223,"Orange jam, organic bitter orange, with apple juice (Fiordifrutta arance amare, Rigoni di Asiago, Italy)",FRUIT AND FRUIT PRODUCTS,Fruit spreads/Jam/Marmalade,Italy,2010,51,8,8,Normal,10,25,52,"Glucose, 2h",Standard,"Capillary, whole blood",YSI,3,20,food,83,,
1224,"Orange marmalade, bitter orange (Marmellata arance amare, Bonne Maman, Italy)",FRUIT AND FRUIT PRODUCTS,Fruit spreads/Jam/Marmalade,Italy,2010,55,6,8,Normal,10,25,42,"Glucose, 2h",Standard,"Capillary, whole blood",YSI,3,20,food,83,,
1225,"Orange marmalade, orange 100% Pure Fruit spread, no added sugar (Freedom Foods, Australia)",FRUIT AND FRUIT PRODUCTS,Fruit spreads/Jam/Marmalade,Australia,2006,27,3,4,Normal,9,50,111.1,"Glucose, 2h",Standard,"Capillary, whole blood",HemoCue,UO10,20,food,83,,
1226,Orange marmalade,FRUIT AND FRUIT PRODUCTS,Fruit spreads/Jam/Marmalade,Australia,1997,48,9,7,Normal,9,50,,"Bread, 2h",Standard,"Capillary, plasma",Enzymatic,UO5,20,food,83,,
1227,"Orange marmalade 100% Fruit Spread, Cottees™ (Cadbury Schweppes, Australia)",FRUIT AND FRUIT PRODUCTS,Fruit spreads/Jam/Marmalade,Australia,2004,55,4,8,Normal,9,50,73.4,"Glucose, 2h",Standard,"Capillary, plasma",Enzymatic,UO5,20,food,83,,
,"Orange marmalade, mean of six foods",FRUIT AND FRUIT PRODUCTS,Fruit spreads/Jam/Marmalade,,,51,,,,,,,,,,,,20,mean,83,,
1228,"Peach/Apricot compote, organic (Fruttosa pesca/albicocca, Rigoni di Asiago, Italy)",FRUIT AND FRUIT PRODUCTS,Fruit spreads/Jam/Marmalade,Italy,2009,47,4,7,Normal,10,25,100,"Glucose, 2h",Standard,"Capillary, whole blood",YSI,3,20,food,83,,
1229,"Raspberry 100% Pure Fruit spread, no added sugar (Freedom Foods, Australia)",FRUIT AND FRUIT PRODUCTS,Fruit spreads/Jam/Marmalade,Australia,2006,26,4,4,Normal,10,50,108.7,"Glucose, 2h",Standard,"Capillary, whole blood",HemoCue,UO10,20,food,83,,
1230,"Raspberry 100% Fruit Spread, Cottees™ brand (Cadbury Schweppes, Australia)",FRUIT AND FRUIT PRODUCTS,Fruit spreads/Jam/Marmalade,Australia,2004,46,5,7,Normal,9,50,73.6,"Glucose, 2h",Standard,"Capillary, whole blood",HemoCue,UO5,20,food,83,,
1231,Strawberry jam,FRUIT AND FRUIT PRODUCTS,Fruit spreads/Jam/Marmalade,Australia,1998,51,10,8,Normal,9,50,,"Bread, 2h",Standard,"Capillary, plasma",Enzymatic,UO5,20,food,83,,
1232,"Strawberry 100% Pure Fruit spread, no added sugar (Freedom Foods, Australia)",FRUIT AND FRUIT PRODUCTS,Fruit spreads/Jam/Marmalade,Australia,2006,29,4,4,Normal,10,50,110.4,"Glucose, 2h",Standard,"Capillary, whole blood",HemoCue,UO10,20,food,83,,
1233,"Strawberry100% Fruit Spread, Cottees™ brand (Cadbury Schweppes, Australia)",FRUIT AND FRUIT PRODUCTS,Fruit spreads/Jam/Marmalade,Australia,2004,46,5,7,Normal,9,50,82.0,"Glucose, 2h",Standard,"Capillary, whole blood",HemoCue,UO5,20,food,83,,
1234,"Strawberry & Rhubarb Fruit Spread, President's Choice® Blue Menu™ Twice the Fruit Spread (Loblaw Brands Limited, Canada)",FRUIT AND FRUIT PRODUCTS,Fruit spreads/Jam/Marmalade,Canada,2007,69,12,10,Normal,10,50,150.0,"Bread, 2h",Standard,"Capillary, whole blood",YSI,UO7,20,food,83,,
1235,"Breast milk, human, unpasteurized",INFANT FORMULA AND WEANING FOODS,,Australia,2011,38,7,4,"Normal, 10 (adults)",,25,,"Glucose, 2h",Standard,"Capillary, plasma",Enzymatic,98,10,food,84,,
1236,"Infasoy™, soy-based, milk-free (Wyeth Nutritionals, Baulkham Hills, NSW, Australia)",INFANT FORMULA AND WEANING FOODS,Infant formula,Australia,2001,55,6,6,"Normal, 11 (adults)",,25,47.8,"Glucose, 2h",Standard,"Capillary, plasma",Enzymatic,UO5,10,food,84,,
1237,"Karicare from Birth Infant formula, containing 83% lactose, 17% maltodextrins (Nutricia Australia Pty Ltd) (40.8 g powder + 271.7 g water)",INFANT FORMULA AND WEANING FOODS,Infant formula,Australia,2010,30,3,3,"Normal, 10 (adults)",,25,312.5,"Glucose, 2h",Standard,"Capillary, plasma",Enzymatic,98,10,food,84,,
1238,"Karicare DeLact Formula for special medical needs, containing 100% corn syrup solids (Nutricia Australia Pty Ltd) (42.0 g powder + 291.3 g water)",INFANT FORMULA AND WEANING FOODS,Infant formula,Australia,2010,67,6,7,"Normal, 10 (adults)",,25,33.3,"Glucose, 2h",Standard,"Capillary, plasma",Enzymatic,98,10,food,84,,
1239,"Karicare™ gold starter formula with omega plus LCP oils (Nutricia, Auckland, New Zealand)",INFANT FORMULA AND WEANING FOODS,Infant formula,New Zealand,2001,35,5,4,"Normal, 10 (adults)",,25,46.3,"Glucose, 2h",Standard,"Capillary, plasma",Enzymatic,UO5,10,food,84,,
1240,"Karicare Soy Formula for special medical needs, containing 51% corn syrup solids, 49% maltodextrins (Nutricia Australia Pty Ltd) (47.0 g powder + 331.8 g water)",INFANT FORMULA AND WEANING FOODS,Infant formula,Australia,2010,60,5,6,"Normal, 10 (adults)",,25,378.8,"Glucose, 2h",Standard,"Capillary, plasma",Enzymatic,98,10,food,84,,
1241,"Nan-1™ infant formula with iron (Nestlé, Australia)",INFANT FORMULA AND WEANING FOODS,Infant formula,Australia,2001,30,6,3,"Normal, 9 (adults)",,25,43.4,"Glucose, 2h",Standard,"Capillary, plasma",Enzymatic,UO5,10,food,84,,
1242,"Novalac Colic Formula for special medical needs, containing maltodextrins, lactose (Bayer Australia Limited) (42.9 g powder + 299.6 g water)",INFANT FORMULA AND WEANING FOODS,Infant formula,Australia,2010,57,7,6,"Normal, 10 (adults)",,25,342.5,"Glucose, 2h",Standard,"Capillary, plasma",Enzymatic,98,10,food,84,,
1243,"Novalac Reflux Formula for special medical needs, containing lactose, starch (Bayer Australia Limited) (42.4 g powder + 295.4 g water)",INFANT FORMULA AND WEANING FOODS,Infant formula,Australia,2010,38,5,4,"Normal, 10 (adults)",,25,337.8,"Glucose, 2h",Standard,"Capillary, plasma",Enzymatic,98,10,food,84,,
1244,"Novalac Sweet Dreams Formula for special medical needs, containing maltodextrins, lactose, dextrose, starch (Bayer Australia Limited) (43.5 g powder + 303.7 g water)",INFANT FORMULA AND WEANING FOODS,Infant formula,Australia,2010,52,6,5,"Normal, 10 (adults)",,25,347.2,"Glucose, 2h",Standard,"Capillary, plasma",Enzymatic,98,10,food,84,,
1245,"S-26™ infant formula (Wyeth Nutritionals, Australia)",INFANT FORMULA AND WEANING FOODS,Infant formula,Australia,2001,36,6,4,"Normal, 10 (adults)",,25,,"Glucose, 2h",Standard,"Capillary, plasma",Enzymatic,UO5,10,food,84,,
1246,"S-26 Gold Newborn Infant formula, containing 100% lactose (Wyeth Australia Pty Ltd) (42.5 g powder + 300 g water)",INFANT FORMULA AND WEANING FOODS,Infant formula,Australia,2010,19,3,2,"Normal, 10 (adults)",,25,342.5,"Glucose, 2h",Standard,"Capillary, plasma",Enzymatic,98,10,food,84,,
1247,"S-26 Gold PremGro Formula for special medical needs, containing 76% lactose, 24% corn syrup solids (Wyeth Australia Pty Ltd) (45.2 g powder + 288.1 g water)",INFANT FORMULA AND WEANING FOODS,Infant formula,Australia,2010,26,4,3,"Normal, 10 (adults)",,25,333.3,"Glucose, 2h",Standard,"Capillary, plasma",Enzymatic,98,10,food,84,,
1248,"S-26 Gold Progress Infant formula, containing 100% lactose (Wyeth Australia Pty Ltd) (44.0 g powder + 303.2 g water)",INFANT FORMULA AND WEANING FOODS,Infant formula,production Australia,2010,34,7,3,"number) Normal, 10 (adults)",,,,"period Glucose, 2h",Standard,"Capillary, plasma",method 4 Enzymatic,98,10,food,85,,
1249,"Karicare Follow On Follow-on formula, containing 86% lactose, 14% maltodextrins (Nutricia Australia Pty Ltd) (39.9 g powder + 261.9 g water)",INFANT FORMULA AND WEANING FOODS,Follow-on/Toddler formula,Australia,2010,37,4,4,"Normal, 10 (adults)",,25,301.8,"Glucose, 2h",Standard,"Capillary, plasma",Enzymatic,98,10,food,85,,
1250,"S-26 Gold Progress Follow-on formula, containing 100% lactose (Wyeth Australia Pty Ltd) (44.0 g powder + 303.2 g water)",INFANT FORMULA AND WEANING FOODS,Follow-on/Toddler formula,Australia,2010,23,6,2,"Normal, 10 (adults)",,25,347.2,"Glucose, 2h",Standard,"Capillary, plasma",Enzymatic,98,10,food,85,,
1251,"S-26 Gold Toddler Follow-on formula, containing 86% lactose, 14% maltodextrins (Wyeth Australia Pty Ltd) (16.7 g powder + 233.3 g water)",INFANT FORMULA AND WEANING FOODS,Follow-on/Toddler formula,Australia,2010,18,3,2,"Normal, 10 (adults)",,25,250,"Glucose, 2h",Standard,"Capillary, plasma",Enzymatic,98,10,food,85,,
1252,"Growing up beverage powder, product 1",INFANT FORMULA AND WEANING FOODS,Follow-on/Toddler formula,Malaysia,2011,66,6,7,"Normal, 11 (adults)",,25,36,"Glucose, 2h",Standard,"Capillary, plasma",Enzymatic,99,10,food,85,,
1253,"Growing up beverage powder, product 2",INFANT FORMULA AND WEANING FOODS,Follow-on/Toddler formula,Indonesia,2011,55,5,6,"Normal, 11 (adults)",,25,41,"Glucose, 2h",Standard,"Capillary, plasma",Enzymatic,99,10,food,85,,
1254,"Growing up beverage powder, product 3",INFANT FORMULA AND WEANING FOODS,Follow-on/Toddler formula,Malaysia,2011,23,4,2,"Normal, 11 (adults)",,25,64,"Glucose, 2h",Standard,"Capillary, plasma",Enzymatic,99,10,food,85,,
1255,"Growing up beverage powder, product 4",INFANT FORMULA AND WEANING FOODS,Follow-on/Toddler formula,Indonesia,2011,51,3,5,"Normal, 11 (adults)",,25,38,"Glucose, 2h",Standard,"Capillary, plasma",Enzymatic,99,10,food,85,,
1256,"Growing up beverage powder, product 5",INFANT FORMULA AND WEANING FOODS,Follow-on/Toddler formula,Malaysia,2011,54,5,5,"Normal, 11 (adults)",,25,42,"Glucose, 2h",Standard,"Capillary, plasma",Enzymatic,99,10,food,85,,
1257,"Growing up beverage powder, product 6",INFANT FORMULA AND WEANING FOODS,Follow-on/Toddler formula,Indonesia,2011,43,3,4,"Normal, 11 (adults)",,25,38,"Glucose, 2h",Standard,"Capillary, plasma",Enzymatic,99,10,food,85,,
1258,"Growing up beverage powder, product 7",INFANT FORMULA AND WEANING FOODS,Follow-on/Toddler formula,Malaysia,2011,68,6,7,"Normal, 11 (adults)",,25,42,"Glucose, 2h",Standard,"Capillary, plasma",Enzymatic,99,10,food,85,,
1259,"Apple, apricot and banana cereal, Robinsons First Tastes from 4 months (Nutricia, Wells, UK)",INFANT FORMULA AND WEANING FOODS,Weaning Foods,UK,2001,56,8,6,"Normal, 11 (adults)",,25,144.3,"Glucose, 2h",Standard,"Capillary, plasma",Enzymatic,UO5,10,food,85,,
1260,Apple baby food,INFANT FORMULA AND WEANING FOODS,Weaning Foods,Czech Republic,2005,46,5,5,"Normal, 20 (adults)",,50,277.8,"Glucose, 2h","0,15,30,45,6 0,75,90,105, 120","Capillary, whole blood",Glucometer 9,84,10,food,85,,
1261,"Apple, pear and cinnamon fruit puree, homemade, puree consistency",INFANT FORMULA AND WEANING FOODS,Weaning Foods,Australia,2010,29,4,3,"Normal, 10 (adults)",,25,238,"Glucose, 2h",Standard,"Capillary, plasma",Enzymatic,UO5,10,food,85,,
1262,"Apple, Pear and Cinnamon fruit puree, Rafferty’s Garden, for ages 4 – 6 months, commercial",INFANT FORMULA AND WEANING FOODS,Weaning Foods,Australia,2010,44,4,4,"Normal, 10 (adults)",,25,325,"Glucose, 2h",Standard,"Capillary, plasma",Enzymatic,UO5,10,food,85,,
1263,"Chicken and noodles with vegetables, strained, Heinz for Baby from 4 months (Heinz Wattie's Ltd, Australia)",INFANT FORMULA AND WEANING FOODS,Weaning Foods,production Australia,2001,67,11,7,"number) Normal, 10 (adults)",,,,"period Glucose, 2h",Standard,"Capillary, plasma",method 4 Enzymatic,UO5,10,food,86,,
1264,"Creamed rice porridge Robinsons First Tastes from 4 months (Nutricia, Wells, UK)",INFANT FORMULA AND WEANING FOODS,Weaning Foods,UK,2001,59,8,6,"Normal, 11 (adults)",,25,203.7,"Glucose, 2h",Standard,"Capillary, plasma",Enzymatic,UO5,10,food,86,,
1265,"Fruit Muesli, containing wheat germ, rolled oats, apple juice, pear, and orange juice, homemade, porridge with lumps consistency",INFANT FORMULA AND WEANING FOODS,Weaning Foods,Australia,2010,38,3,4,"Normal, 10 (adults)",,25,122,"Glucose, 2h",Standard,"Capillary, plasma",Enzymatic,UO5,10,food,86,,
1266,"Fruity Muesli, Farex™, ages 7 – 9 months, prepared with 272 mL water",INFANT FORMULA AND WEANING FOODS,Weaning Foods,Australia,2010,65,7,7,"Normal, 10 (adults)",,25,36,"Glucose, 2h",Standard,"Capillary, plasma",Enzymatic,UO5,10,food,86,,
1267,"Lentils and vegetable puree, containing red lentils, sweet potato, and carrot, homemade, mashed with lumps consistency",INFANT FORMULA AND WEANING FOODS,Weaning Foods,Australia,2010,36,4,4,"Normal, 10 (adults)",,25,201,"Glucose, 2h",Standard,"Capillary, plasma",Enzymatic,UO5,10,food,86,mashed,name
1268,"Lentils and vegetables puree, commercial, for ages 7 – months, Heinz™ Mum’s Recipe (Heinz Wattie's Ltd, Australia)",INFANT FORMULA AND WEANING FOODS,Weaning Foods,Australia,2010,52,4,5,"Normal, 10 (adults)",,25,284,"Glucose, 2h",Standard,"Capillary, plasma",Enzymatic,UO5,10,food,86,,
1269,"Farex™ baby rice (Heinz Wattie's Ltd., Malvern, Australia), prepared with 239 mL water",INFANT FORMULA AND WEANING FOODS,Weaning Foods,Australia,2010,74,7,7,"Normal, 10 (adults)",,25,30,"Glucose, 2h",Standard,"Capillary, plasma",Enzymatic,UO5,10,food,86,,
1270,"Farex™ baby rice, 7 g cereal with 80 g water (Heinz Wattie's Ltd., Malvern, Australia)",INFANT FORMULA AND WEANING FOODS,Weaning Foods,Australia,2001,95,13,10,"Normal, 11 (adults)",,25,29.7,"Glucose, 2h",Standard,"Capillary, plasma",Enzymatic,UO5,10,food,86,,
1271,"Organix™ organic wholegrain baby rice, prepared with 259 mL water",INFANT FORMULA AND WEANING FOODS,Weaning Foods,Australia,2010,74,8,7,"Normal, 10 (adults)",,25,30,"Glucose, 2h",Standard,"Capillary, plasma",Enzymatic,UO5,10,food,86,,
,"Rice cereal, mean of three foods",INFANT FORMULA AND WEANING FOODS,Weaning Foods,,81,,,,,,,,,,,,,10,mean,86,,
1272,"Rice pudding, Robinsons First Tastes from 4 months (Nutricia, Wells, UK)",INFANT FORMULA AND WEANING FOODS,Weaning Foods,UK,2001,59,6,6,"Normal, 11 (adults)",,25,170.4,"Glucose, 2h",Standard,"Capillary, plasma",Enzymatic,5 UO,10,food,86,,
1273,"Sweetcorn and rice, Heinz for Baby from 4 months (Heinz Wattie's Ltd, Australia)",INFANT FORMULA AND WEANING FOODS,Weaning Foods,Australia,2001,65,13,7,"Normal, 11 (adults)",,25,218.2,"Glucose, 2h",Standard,"Capillary, plasma",Enzymatic,5 UO,10,food,86,,
1274,"Sweet potato and pumpkin vegetable puree, homemade, puree consistency",INFANT FORMULA AND WEANING FOODS,Weaning Foods,Australia,2010,61,3,6,"Normal, 10 (adults)",,25,252,"Glucose, 2h",Standard,"Capillary, plasma",Enzymatic,5 UO,10,food,86,,
1275,"Pasta and vegetables puree, containing pasta, tomatoes, sweet potato, carrot and onion, homemade, pureed with soft pieces consistency",INFANT FORMULA AND WEANING FOODS,Weaning Foods,Australia,2010,54,7,5,"Normal, 10 (adults)",,25,209,"Glucose, 2h",Standard,"Capillary, plasma",Enzymatic,UO5,10,food,86,,
1276,"Vegetable Mash, Harvest Veggies with Pasta puree, commercial, for ages 7 – 9 months, Heinz™ Mum’s Recipe (Heinz Wattie's Ltd, Australia)",INFANT FORMULA AND WEANING FOODS,Weaning Foods,Australia,2010,46,4,5,"Normal, 10 (adults)",,25,275,"Glucose, 2h",Standard,"Capillary, plasma",Enzymatic,UO5,10,food,86,,
1277,"Vegetable Mash, Heinz™ Organic Golden commercial, containing pumpkin and sweet potato puree, for aged 4 – months",INFANT FORMULA AND WEANING FOODS,Weaning Foods,Australia,2010,43,5,4,"Normal, 10 (adults)",,25,240,"Glucose, 2h",Standard,"Capillary, plasma",Enzymatic,UO5,10,food,86,,
1278,"Baked Beans in Cheesy Tomato sauce (HJ Heinz, Australia)",LEGUMES,Baked Beans,Australia,2006,44,4,7,Normal,9,50,318.5,"Glucose, 2h",Standard,"Capillary, whole blood",HemoCue,UO10,15,food,87,canned,name
1279,"Baked Beans in Barbecue sauce (HJ Heinz, Australia)",LEGUMES,Baked Beans,Australia,2006,47,4,7,Normal,9,50,274.7,"Glucose, 2h",Standard,"Capillary, whole blood",HemoCue,UO10,15,food,87,canned,name
1280,"Baked Beans in Ham sauce (HJ Heinz, Australia)",LEGUMES,Baked Beans,Australia,2006,53,4,8,Normal,10,50,299.4,"Glucose, 2h",Standard,"Capillary, whole blood",HemoCue,UO10,15,food,87,canned,name
1281,"Baked Beans in Sweet Chilli sauce (HJ Heinz, Australia)",LEGUMES,Baked Beans,Australia,2006,46,3,7,Normal,10,50,292.4,"Glucose, 2h",Standard,"Capillary, whole blood",HemoCue,UO10,15,food,87,canned,name
1282,"Baked Beans in Tomato sauce (HJ Heinz, Australia)",LEGUMES,Baked Beans,Australia,2006,40,5,6,Normal,10,50,381.7,"Glucose, 2h",Standard,"Capillary, whole blood",HemoCue,UO10,15,food,87,canned,name
1283,"Baked Beans in Tomato sauce, canned, reheated in microwave for 1.5 min (HJ Heinz, Australia)",LEGUMES,Baked Beans,Australia,2003,57,7,9,Normal,10,50,322.6,"Glucose, 2h",Standard,"Capillary, whole blood",HemoCue,UO5,15,food,87,microwaved,name
,"Baked Beans, mean of six foods",LEGUMES,Baked Beans,,,48,,,,,,,,,,,,15,mean,87,canned,name
1284,"Chickpeas, canned, drained (Edgell, Simplot Australia, Australia)",LEGUMES,Chickpeas and chickpea products,Australia,2018,35,3,5,Normal,12,25,131.6,"Glucose, 2h",Standard,"Capillary, plasma",Enzymatic,UO5,15,food,87,canned,name
1285,"Chickpeas (Garbanzo beans, Bengal gram), canned, drained, Edgell's™ brand (Simplot Australia, Australia)",LEGUMES,Chickpeas and chickpea products,Australia,2003,38,3,6,Normal,10,25,168.9,"Glucose, 2h",Standard,"Capillary, whole blood",HemoCue,UO5,15,food,87,canned,name
1286,"Chickpeas, dried, roasted (‘chicknuts’)",LEGUMES,Chickpeas and chickpea products,Crete,2006,39,4,6,Normal,10,50,82.0,"Glucose, 2h",Standard,"Capillary, plasma",Enzymatic,UO5,15,food,87,roasted,name
1287,"Chickpea Hommus dip, Chris' Traditional brand (Capitol Chilled Foods Pty Ltd, ACT, Australia)",LEGUMES,Chickpeas and chickpea products,Australia,2007,22,5,3,Normal,11,25,140.4,"Glucose, 2h",Standard,"Capillary, plasma",Enzymatic,UO5,15,food,87,,
1288,"Hummus (Sabra Classic Hummus; Sabra Dipping Co., S. Chesterfield, VA)",LEGUMES,Chickpeas and chickpea products,USA,2016,15,3,2,Normal,10,25,259,"Bread, 2h",Standard,"Capillary, plasma",YSI,100,15,food,87,,
1289,"Dark Red Kidney beans, canned in brine, drained, Edgell's™ brand (Simplot Australia, Australia)",LEGUMES,Kidney Beans,Australia,2003,43,5,6,Normal,10,25,148.9,"Glucose, 2h",Standard,"Capillary, whole blood",HemoCue,UO5,15,food,87,canned,name
1290,"Red Kidney beans, canned, drained, Edgell's™ brand (Simplot Australia, Australia)",LEGUMES,Kidney Beans,Australia,2003,36,4,5,Normal,10,25,165.6,"Glucose, 2h",Standard,"Capillary, whole blood",HemoCue,UO5,15,food,87,canned,name
1291,"Lentil, Asterix, washed, brought to boil in water (1:2.5 seed:water ratio) at 500°C (~ 11 min), once boiling was achieved temperature reduced to 280°C and continued to boil until soft (Saskatchewan Pulse Growers , Canada)",LEGUMES,"Lentils, boiled",Canada,2017*,10,3,2,Normal,10,25,170.1,"Bread, 2h",Standard,"Capillary, whole blood",YSI,101,15,food,88,boiled,name
1292,"Lentil, Greenland, washed, brought to boil in water (1:2.5 seed:water ratio) at 500°C (~ 11 min), once boiling was achieved temperature reduced to 280°C and continued to boil until soft (Saskatchewan Pulse Growers , Canada)",LEGUMES,"Lentils, boiled",Canada,2017*,23,5,3,Normal,10,25,192.3,"Bread, 2h",Standard,"Capillary, whole blood",YSI,101,15,food,88,boiled,name
1293,"Lentil, Imigreen, washed, brought to boil in water (1:2.5 seed:water ratio) at 500°C (~ 11 min), once boiling was achieved temperature reduced to 280°C and continued to boil until soft (Saskatchewan Pulse Growers , Canada)",LEGUMES,"Lentils, boiled",Canada,2017*,14,3,2,Normal,10,25,158.2,"Bread, 2h",Standard,"Capillary, whole blood",YSI,101,15,food,88,boiled,name
1294,"Lentil, Impower, washed, brought to boil in water (1:2.5 seed:water ratio) at 500°C (~ 11 min), once boiling was achieved temperature reduced to 280°C and continued to boil until soft (Saskatchewan Pulse Growers , Canada)",LEGUMES,"Lentils, boiled",Canada,2017*,17,4,3,Normal,10,25,153.4,"Bread, 2h",Standard,"Capillary, whole blood",YSI,101,15,food,88,boiled,name
1295,"Lentil, Improve, washed, brought to boil in water (1:2.5 seed:water ratio) at 500°C (~ 11 min), once boiling was achieved temperature reduced to 280°C and continued to boil until soft (Saskatchewan Pulse Growers , Canada)",LEGUMES,"Lentils, boiled",Canada,2017*,15,5,2,Normal,10,25,206.6,"Bread, 2h",Standard,"Capillary, whole blood",YSI,101,15,food,88,boiled,name
1296,"Lentil, Redberry, washed, brought to boil in water (1:2.5 seed:water ratio) at 500°C (~ 11 min), once boiling was achieved temperature reduced to 280°C and continued to boil until soft (Saskatchewan Pulse Growers , Canada)",LEGUMES,"Lentils, boiled",Canada,2017*,13,2,2,Normal,10,25,200,"Bread, 2h",Standard,"Capillary, whole blood",YSI,101,15,food,88,boiled,name
1297,"Lentil, Redbow, washed, brought to boil in water (1:2.5 seed:water ratio) at 500°C (~ min), once boiling was achieved temperature reduced to 280°C and continued to boil until soft (Saskatchewan Pulse Growers , Canada)",LEGUMES,"Lentils, boiled",Canada,2017*,18,3,3,Normal,10,25,204.9,"Bread, 2h",Standard,"Capillary, whole blood",YSI,101,15,food,88,boiled,name
1298,"Lentil, Redcliff, washed, brought to boil in water (1:2.5 seed:water ratio) at 500°C (~ 11 min), once boiling was achieved temperature reduced to 280°C and continued to boil until soft (Saskatchewan Pulse Growers , Canada)",LEGUMES,"Lentils, boiled",Canada,2017*,18,3,3,Normal,10,25,188,"Bread, 2h",Standard,"Capillary, whole blood",YSI,101,15,food,88,boiled,name
,"Lentils, boiled, mean of eight foods",LEGUMES,"Lentils, boiled",,,16,,,,,,,,,,,,15,mean,88,boiled,name
1299,"Lentils, brown, canned, drained, Edgell's™ brand (Simplot Australia, Australia)",LEGUMES,"Lentils, boiled",Australia,2008,42,5,6,Normal,10,25,182.5,"Glucose, 2h",Standard,"Capillary, plasma",Enzymatic,UO5,15,food,88,canned,name
1300,"Mung bean, fried",LEGUMES,Mung beans,Australia,1998,53,8,8,Normal,10,50,,"Bread, 2h",Standard,"Capillary, plasma",Enzymatic,UO5,15,food,89,fried,name
1301,"Mung bean, germinated",LEGUMES,Mung beans,Australia,1998,25,4,4,Normal,10,50,,"Bread, 2h",Standard,"Capillary, plasma",Enzymatic,UO5,15,food,89,germinated,name
1302,"Mung bean, pressure cooked",LEGUMES,Mung beans,Australia,1998,42,5,6,Normal,10,50,,"Bread, 2h",Standard,"Capillary, plasma",Enzymatic,UO5,15,food,89,boiled,name
1303,"Broad beans, frozen, heated in microwave (Logan Farm Pty Ltd, Australia)",LEGUMES,"Legumes, other",Australia,2007,63,9,9,Normal,10,25,423.7,"Glucose, 2h",Standard,"Capillary, plasma",Enzymatic,UO5,15,food,89,microwaved,name
1304,"Butter beans, canned, drained, Edgell's™ brand (Simplot Australia, Cheltenham, Australia)",LEGUMES,"Legumes, other",Australia,2003,36,3,5,Normal,10,25,163.4,"Glucose, 2h",Standard,"Capillary, whole blood",HemoCue,UO5,15,food,89,canned,name
1305,"Cannellini beans, canned, drained, Edgell's™ brand (Simplot Australia, Cheltenham, Australia)",LEGUMES,"Legumes, other",Australia,2003,31,5,5,Normal,10,25,178.6,"Glucose, 2h",Standard,"Capillary, whole blood",HemoCue,UO5,15,food,89,canned,name
1306,"Four bean mix, canned, drained, Edgell's™ brand (Simplot Australia, Australia)",LEGUMES,"Legumes, other",Australia,2003,37,5,6,Normal,10,25,154.3,"Glucose, 2h",Standard,"Capillary, whole blood",HemoCue,UO5,15,food,89,canned,name
1307,"Freekeh, Lentils & Beans Superblend Fibre, dried, cooked in boiling water for 15 min (Ward McKenzies Pty Ltd, Australia)",LEGUMES,"Legumes, other",Australia,2016,29,3,4,Normal,10,25,50.7,"Glucose, 2h",Standard,"Capillary, plasma",Enzymatic,UO5,15,food,89,boiled,name
1308,"Lentils, Quinoa & Beans Superblend Protein, dried, cooked in boiling water for 15 min (Ward McKenzies Pty Ltd, Australia)",LEGUMES,"Legumes, other",Australia,2017,36,4,5,Normal,10,25,53.1,"Glucose, 2h",Standard,"Capillary, plasma",Enzymatic,UO5,15,food,89,boiled,name
1309,"Refried Pinto beans, Casa Fiesta™ brand (Capital Foods Pty Ltd, Australia), heated in microwave for 1.5 min",LEGUMES,"Legumes, other",Australia,2006,38,3,6,Normal,10,50,285.7,"Glucose, 2h",Standard,"Capillary, plasma",Enzymatic,UO5,15,food,89,microwaved,name
1310,"Chocolate weight management bar (Shaklee Corporation, Pleasanton, CA, USA)",MEAL REPLACEMENT & WEIGHT MANAGEMENT PRODUCTS,"Meal replacement bars, cookies and desserts",USA,2006,29,4,6,Normal,9,50,129.2,"Glucose, 2h",Standard,"Capillary, plasma",Enzymatic,UO5,20,food,89,,
1311,"Hazelnut & Apricot bar (Dietworks, South Yarra, Australia)",MEAL REPLACEMENT & WEIGHT MANAGEMENT PRODUCTS,"Meal replacement bars, cookies and desserts",Australia,1999,42,7,8,Normal,10,50,105.0,"Bread, 2h",Standard,"Capillary, plasma",Enzymatic,UO5,20,food,89,,
1312,"L.E.A.N Fibergy™ bar, Harvest Oat (Usana Inc., Salt Lake City, UT, USA)",MEAL REPLACEMENT & WEIGHT MANAGEMENT PRODUCTS,"Meal replacement bars, cookies and desserts",USA,2000,45,4,9,Normal,10,50,85.7,"Glucose, 2h",Standard,"Capillary, plasma",Enzymatic,UO5,20,food,89,,
1313,"L.E.A.N (Life long) Nutribar™, Peanut Crunch (Usana Inc., Salt Lake City, UT, USA)",MEAL REPLACEMENT & WEIGHT MANAGEMENT PRODUCTS,"Meal replacement bars, cookies and desserts",production USA,2000,30,4,6,number) Normal,10,,,"period Glucose, 2h",Standard,"Capillary, plasma",method 4 Enzymatic,UO5,20,food,90,,
1314,"L.E.A.N (Life long) Nutribar™, Chocolate Crunch (Usana Inc., Salt Lake City, UT, USA)",MEAL REPLACEMENT & WEIGHT MANAGEMENT PRODUCTS,"Meal replacement bars, cookies and desserts",USA,2000,32,4,6,Normal,10,50,107.9,"Glucose, 2h",Standard,"Capillary, plasma",Enzymatic,UO5,20,food,90,,
1315,"Lemon weight management bar (Shaklee Corporation, USA)",MEAL REPLACEMENT & WEIGHT MANAGEMENT PRODUCTS,"Meal replacement bars, cookies and desserts",USA,2006,23,4,5,Normal,10,50,129.2,"Glucose, 2h",Standard,"Capillary, plasma",Enzymatic,UO5,20,food,90,,
1316,"Optifast® VLCD™ Berry Crunch Flavor Bar (Nestlé Health Science, Australia)",MEAL REPLACEMENT & WEIGHT MANAGEMENT PRODUCTS,"Meal replacement bars, cookies and desserts",Australia,2013,25,2,5,Normal,10,50,144.1,"Glucose, 2h",Standard,"Capillary, plasma",Enzymatic,UO5,20,food,90,,
1317,"Optifast® VLCD™ Cappuccino Flavor Bar (Nestlé Health Science, Australia)",MEAL REPLACEMENT & WEIGHT MANAGEMENT PRODUCTS,"Meal replacement bars, cookies and desserts",Australia,2013,29,4,6,Normal,10,50,147.1,"Glucose, 2h",Standard,"Capillary, plasma",Enzymatic,UO5,20,food,90,,
1318,"Optifast® VLCD™ Cereal with Cranberry Bar (Nestlé Health Science, Australia)",MEAL REPLACEMENT & WEIGHT MANAGEMENT PRODUCTS,"Meal replacement bars, cookies and desserts",Australia,2018,30,3,6,Normal,10,25,88.3,"Glucose, 2h",Standard,"Capillary, plasma",Enzymatic,UO5,20,food,90,,
1319,"Optifast® VLCD™ Chocolate Bar (Nestlé Health Science, Australia)",MEAL REPLACEMENT & WEIGHT MANAGEMENT PRODUCTS,"Meal replacement bars, cookies and desserts",Australia,2013,20,2,4,Normal,10,25,124.4,"Glucose, 2h",Standard,"Capillary, plasma",Enzymatic,UO5,20,food,90,,
1320,"Optifast® VLCD™ Chocolate Dessert (Nestlé Health Science, Australia)",MEAL REPLACEMENT & WEIGHT MANAGEMENT PRODUCTS,"Meal replacement bars, cookies and desserts",Australia,2013,27,4,5,Normal,10,50,135.3,"Glucose, 2h",Standard,"Capillary, plasma",Enzymatic,UO5,20,food,90,,
1321,"Optifast® VLCD™ Lemon Crème Dessert (Nestlé Health Science, Australia)",MEAL REPLACEMENT & WEIGHT MANAGEMENT PRODUCTS,"Meal replacement bars, cookies and desserts",Australia,2013,27,4,5,Normal,10,50,135.3,"Glucose, 2h",Standard,"Capillary, plasma",Enzymatic,UO5,20,food,90,,
1322,"Peanut Butter weight management bar (Shaklee Corporation, USA)",MEAL REPLACEMENT & WEIGHT MANAGEMENT PRODUCTS,"Meal replacement bars, cookies and desserts",USA,2006,22,4,4,Normal,10,50,129.2,"Glucose, 2h",Standard,"Capillary, plasma",Enzymatic,UO5,20,food,90,,
1323,"Protein Meal Replacement Cookies (Bao Bei Er (Chengdu Tianyi Cuisine Nutritional Food, China)",MEAL REPLACEMENT & WEIGHT MANAGEMENT PRODUCTS,"Meal replacement bars, cookies and desserts",China,2019,43,4,9,Normal,12,25,68.2,"Glucose, 2h",Standard,"Capillary, plasma",Enzymatic,UO18,20,food,90,,
1324,"SlimFast® bar, chocolate caramel meal replacement bar (SlimFast Foods Ltd, Slough, Berks, UK)",MEAL REPLACEMENT & WEIGHT MANAGEMENT PRODUCTS,"Meal replacement bars, cookies and desserts",UK,2003,54,3,11,Normal,10,50,75.6,"Glucose, 2h",Standard,"Capillary, plasma",Enzymatic,UO5,20,food,90,,
1325,"SlimFast® bar, chocolate meal replacement bar (SlimFast Foods Ltd, UK)",MEAL REPLACEMENT & WEIGHT MANAGEMENT PRODUCTS,"Meal replacement bars, cookies and desserts",UK,2003,27,3,5,Normal,10,50,108.2,"Glucose, 2h",Standard,"Capillary, plasma",Enzymatic,UO5,20,food,90,,
1326,"SlimFast® bar, Chocolate Muesli snack bar (SlimFast Foods Ltd, UK)",MEAL REPLACEMENT & WEIGHT MANAGEMENT PRODUCTS,"Meal replacement bars, cookies and desserts",UK,2003,49,6,10,Normal,10,50,77.5,"Glucose, 2h",Standard,"Capillary, plasma",Enzymatic,UO5,20,food,90,,
1327,"Aussie Bodies Trim Protein Shake, Chocolate flavored (Aussie Bodies Pty Ltd, Australia)",MEAL REPLACEMENT & WEIGHT MANAGEMENT PRODUCTS,Meal replacement beverages,Australia,2006-2007,39,4,8,Normal,10,50,146.2,"Glucose, 2h",Standard,"Capillary, whole blood",HemoCue,UO10,20,food,90,,
1328,"Aussie Bodies Trim Protein Shake, French Vanilla flavored (Aussie Bodies Pty Ltd, Australia)",MEAL REPLACEMENT & WEIGHT MANAGEMENT PRODUCTS,Meal replacement beverages,Australia,2006-2007,41,3,8,Normal,10,50,142.9,"Glucose, 2h",Standard,"Capillary, whole blood",HemoCue,10 UO,20,food,90,,
1329,"Formula 1 Healthy Meal Nutritional Shake Mix: Doce de leite (Herbalife International of America, Inc.)",MEAL REPLACEMENT & WEIGHT MANAGEMENT PRODUCTS,Meal replacement beverages,Brazil,2020,22,3,4,Normal,10,25,98.4,"Glucose, 2h",Standard,"Capillary, plasma",YSI,UO7,20,food,90,,
1330,"Formula 1 Healthy Meal Nutritional Shake Mix: Caramel Apple (Herbalife International of America, Inc.)",MEAL REPLACEMENT & WEIGHT MANAGEMENT PRODUCTS,Meal replacement beverages,production USA,2018,15,2,3,number) Normal,10,,,"period Glucose, 2h",Standard,"Capillary, whole blood",method 4 YSI,UO7,20,food,91,,
1331,"Formula 1 Healthy Meal Nutritional Shake Mix: Pralines & Cream (Herbalife International of America, Inc.)",MEAL REPLACEMENT & WEIGHT MANAGEMENT PRODUCTS,Meal replacement beverages,USA,2018,15,2,3,Normal,10,25,62.5,"Glucose, 2h",Standard,"Capillary, whole blood",YSI,UO7,20,food,91,,
1332,"Formula 1 Healthy Meal Nutritional Shake Mix: Cookies and Cream (1 serv e ) + Protein Drink Mix: Vanilla (1/2 serv e ) + Prolessa Duo (1 serv e ) (Herbalife International of America, Inc.)",MEAL REPLACEMENT & WEIGHT MANAGEMENT PRODUCTS,Meal replacement beverages,USA,2019,29,4,6,Normal,10,25,104.2,"Glucose, 2h",Standard,"Capillary, plasma",YSI,UO7,20,food,91,,
1333,"Formula 1 Healthy Meal Nutritional Shake Mix: Cookies and Cream (1 serv e ) + Protein Drink Mix: Vanilla (1 serv e ) + Prolessa Duo (1 serv e ) (Herbalife International of America, Inc.)",MEAL REPLACEMENT & WEIGHT MANAGEMENT PRODUCTS,Meal replacement beverages,USA,2019,29,4,6,Normal,10,25,133.3,"Glucose, 2h",Standard,"Capillary, plasma",YSI,UO7,20,food,91,,
1334,"Formula 1 Healthy Meal Nutritional Shake Mix: French Vanilla (1 serv e ) + Protein Drink Mix: Vanilla (1/2 serv e ) + Prolessa Duo (1 serv e ) (Herbalife International of America, Inc.)",MEAL REPLACEMENT & WEIGHT MANAGEMENT PRODUCTS,Meal replacement beverages,USA,2019,32,4,6,Normal,10,25,132.5,"Glucose, 2h",Standard,"Capillary, plasma",Y SI,UO7,20,food,91,,
1335,"Formula 1 Healthy Meal Nutritional Shake Mix: French Vanilla (1 serv e ) + Protein Drink Mix: Vanilla (1 serv e ) + Prolessa Duo (1 serv e ) (Herbalife International of America, Inc.)",MEAL REPLACEMENT & WEIGHT MANAGEMENT PRODUCTS,Meal replacement beverages,USA,2019,29,3,6,Normal,10,25,139.6,"Glucose, 2h",Standard,"Capillary, plasma",YSI,UO7,20,food,91,,
1336,"Formula 1 Nutritional Shake Mix: Berry (Herbalife Australasia Pty Ltd, Australia), prepared with water",MEAL REPLACEMENT & WEIGHT MANAGEMENT PRODUCTS,Meal replacement beverages,Australia,2014,21,2,4,Normal,10,25,46.7,"Glucose, 2h",Standard,"Capillary, plasma",Enzymatic,UO5,20,food,91,,
1337,"Formula 1 Nutritional Shake Mix: Cookies n’ Cream (Herbalife Australasia Pty Ltd, Australia), prepared with water",MEAL REPLACEMENT & WEIGHT MANAGEMENT PRODUCTS,Meal replacement beverages,Australia,2014,15,2,3,Normal,10,25,46.7,"Glucose, 2h",Standard,"Capillary, plasma",Enzymatic,UO5,20,food,91,,
1338,"Formula 1 Nutritional Shake Mix: Dutch Chocolate (Herbalife Australasia Pty Ltd, Australia), prepared with water",MEAL REPLACEMENT & WEIGHT MANAGEMENT PRODUCTS,Meal replacement beverages,Australia,2014,19,2,4,Normal,10,25,50.0,"Glucose, 2h",Standard,"Capillary, plasma",Enzymatic,UO5,20,food,91,,
1339,"Formula 1 Nutritional Shake Mix: French Vanilla (Herbalife Australasia Pty Ltd, Australia), prepared with water",MEAL REPLACEMENT & WEIGHT MANAGEMENT PRODUCTS,Meal replacement beverages,Australia,2014,20,2,4,Normal,11,25,46.7,"Glucose, 2h",Standard,"Capillary, plasma",Enzymatic,UO5,20,food,91,,
1340,"Fruit & Vegetable cereal powder A (The Fast Diet A, Ebany Biomedical Technology, Beijing, China)",MEAL REPLACEMENT & WEIGHT MANAGEMENT PRODUCTS,Meal replacement beverages,China,2019,35,4,7,Normal,10,25,45.5,"Glucose, 2h",Standard,"Capillary, plasma",Enzymatic,UO7,20,food,91,,
1341,"Fruit & Vegetable cereal powder B (T he Fast Diet A, Ebany Biomedical Technology, Beijing, China)",MEAL REPLACEMENT & WEIGHT MANAGEMENT PRODUCTS,Meal replacement beverages,China,2019,47,3,9,Normal,10,25,45.5,"Glucose, 2h",Standard,"Capillary, plasma",Enzymatic,UO7,20,food,91,,
1342,"Herbalife24 Achieve Protein Bar: Dark Chocolate Brownie (Herbalife International of America, Inc.)",MEAL REPLACEMENT & WEIGHT MANAGEMENT PRODUCTS,Meal replacement beverages,USA,2017,49,8,10,Normal,10,25,141.7,"Glucose, 2h",Standard,"Capillary, whole blood",YSI,UO7,20,food,91,,
1343,"Herbalife24 Achieve Protein Bar: Chocolate Chip Cookie Dough (Herbalife International of America, Inc.)",MEAL REPLACEMENT & WEIGHT MANAGEMENT PRODUCTS,Meal replacement beverages,USA,2017,42,6,8,Normal,10,25,138.5,"Glucose, 2h",Standard,"Capillary, whole blood",YSI,UO7,20,food,91,,
1344,"Isowhey Complete Double Chocolate meal replacement beverage powder, prepared with water (FIT Bioceuticals Pty Ltd, Australia)",MEAL REPLACEMENT & WEIGHT MANAGEMENT PRODUCTS,Meal replacement beverages,Australia,2009,23,3,5,Normal,10,,136.2,"Glucose, 2h",Standard,"Capillary, plasma",Enzymatic,UO5,20,food,92,,
1345,"Isowhey Complete Strawberries & Cream meal replacement beverage powder, prepared with water (FIT Bioceuticals Pty Ltd, Australia)",MEAL REPLACEMENT & WEIGHT MANAGEMENT PRODUCTS,Meal replacement beverages,Australia,2009,30,4,6,Normal,10,25,101.2,"Glucose, 2h",Standard,"Capillary, plasma",Enzymatic,UO5,20,food,92,,
1346,"Isowhey Complete French Vanilla meal replacement beverage powder, prepared with water (FIT Bioceuticals Pty Ltd, Australia)",MEAL REPLACEMENT & WEIGHT MANAGEMENT PRODUCTS,Meal replacement beverages,Australia,2009,30,4,6,Normal,10,25,101.2,"Glucose, 2h",Standard,"Capillary, plasma",Enzymatic,UO5,20,food,92,,
1347,"Juice Plus+® Complete meal replacement powder, Dutch chocolate flavor",MEAL REPLACEMENT & WEIGHT MANAGEMENT PRODUCTS,Meal replacement beverages,Australia,2004,35,5,7,Normal,10,25,73.3,"Glucose, 2h",Standard,"Capillary, whole blood",HemoCue,UO5,20,food,92,,
1348,"Juice Plus+® Complete meal replacement powder, French vanilla flavor",MEAL REPLACEMENT & WEIGHT MANAGEMENT PRODUCTS,Meal replacement beverages,Australia,2004,32,4,6,Normal,10,25,59.0,"Glucose, 2h",Standard,"Capillary, whole blood",HemoCue,UO5,20,food,92,,
1349,"Meal Shake Solid Beverage, Lychee Rose (Mary Kay, China)",MEAL REPLACEMENT & WEIGHT MANAGEMENT PRODUCTS,Meal replacement beverages,China,2020,44,4,9,Normal,12,25,73.8,"Glucose, 2h",Standard,"Capillary, plasma",Enzymatic,UO18,20,food,92,,
1350,"Nongfu Spring Meal Replacement, low GI (Nongfu Spring Hangzhou, China)",MEAL REPLACEMENT & WEIGHT MANAGEMENT PRODUCTS,Meal replacement beverages,China,2020,27,4,5,Normal,12,25,358.7,"Glucose, 2h",Standard,"Capillary, plasma",Enzymatic,UO18,20,food,92,,
1351,"Nutrimeal™, drink powder, Dutch Chocolate (Usana, Salt Lake City, USA)",MEAL REPLACEMENT & WEIGHT MANAGEMENT PRODUCTS,Meal replacement beverages,USA,2000,26,3,5,Normal,10,25,545.9,"Glucose, 2h",Standard,"Capillary, plasma",Enzymatic,UO5,20,food,92,,
1352,"Nutrimeal™, meal replacement drink, all flavors, prepared with 600 mL water (Usana Australia Pty Ltd, Baulkham Hills, Australia)",MEAL REPLACEMENT & WEIGHT MANAGEMENT PRODUCTS,Meal replacement beverages,USA,2007,20,2,4,Normal,10,50,126.9,"Glucose, 2h",Standard,"Capillary, plasma",Enzymatic,UO5,20,food,92,,
1353,"Nutrimeal™ Free Vanilla vegan meal replacement beverage powder, prepared with 434.5 mL water (Usana Australia Pty Ltd, Baulkham Hills, Australia)",MEAL REPLACEMENT & WEIGHT MANAGEMENT PRODUCTS,Meal replacement beverages,USA,2013,49,4,10,Normal,10,25,73.1,"Glucose, 2h",Standard,"Capillary, plasma",Enzymatic,UO5,20,food,92,,
1354,"Optifast® VLCD™ Shake, Banana (Nestlé Health Science, Australia), prepared with water",MEAL REPLACEMENT & WEIGHT MANAGEMENT PRODUCTS,Meal replacement beverages,Australia,2012,24,3,5,Normal,10,50,120.2,"Glucose, 2h",Standard,"Capillary, plasma",Enzymatic,UO5,20,food,92,,
1355,"Optifast® VLCD™ Shake, Caramel (Nestlé Health Science, Australia), prepared with water",MEAL REPLACEMENT & WEIGHT MANAGEMENT PRODUCTS,Meal replacement beverages,Australia,2014,34,4,7,Normal,10,50,120.2,"Glucose, 2h",Standard,"Capillary, plasma",Enzymatic,UO5,20,food,92,,
1356,"Optifast® VLCD™ Shake, Chocolate (Nestlé Health Science, Australia), prepared with water",MEAL REPLACEMENT & WEIGHT MANAGEMENT PRODUCTS,Meal replacement beverages,Australia,2013,31,3,6,Normal,10,50,120.2,"Glucose, 2h",Standard,"Capillary, plasma",Enzymatic,UO5,20,food,92,,
1357,"Optifast® VLCD™ Shake, Coffee (Nestlé Health Science, Australia), prepared with water",MEAL REPLACEMENT & WEIGHT MANAGEMENT PRODUCTS,Meal replacement beverages,Australia,2013,31,3,6,Normal,10,50,120.2,"Glucose, 2h",Standard,"Capillary, plasma",Enzymatic,UO5,20,food,92,,
1358,"Optifast® VLCD™ Shake, Strawberry (Nestlé Health Science, Australia), prepared with water",MEAL REPLACEMENT & WEIGHT MANAGEMENT PRODUCTS,Meal replacement beverages,Australia,2013,27,3,5,Normal,10,50,120.2,"Glucose, 2h",Standard,"Capillary, plasma",Enzymatic,UO5,20,food,92,,
1359,"Optifast® VLCD™ Shake, Vanilla (Nestlé Health Science, Australia), prepared with water",MEAL REPLACEMENT & WEIGHT MANAGEMENT PRODUCTS,Meal replacement beverages,Australia,2013,27,3,5,Normal,10,50,120.2,"Glucose, 2h",Standard,"Capillary, plasma",Enzymatic,UO5,20,food,92,,
1360,"Provide™ nutritious beverage powder, prepared with water (Indevex AB, Sweden)",MEAL REPLACEMENT & WEIGHT MANAGEMENT PRODUCTS,Meal replacement beverages,production Sweden,2004,28,5,6,number) Normal,10,,,"period Glucose, 2h",Standard,"Capillary, plasma",method 4 Enzymatic,UO5,20,food,93,,
1361,"SICCON D2™ nutritious beverage powder, prepared with water (Indevex AB, Sweden)",MEAL REPLACEMENT & WEIGHT MANAGEMENT PRODUCTS,Meal replacement beverages,Sweden,2004,28,5,6,Normal,10,25,,"Glucose, 2h",Standard,"Capillary, plasma",Enzymatic,UO5,20,food,93,,
1362,"SlimFast® beverage, French Vanilla ready-to-drink shake (Slim Fast Foods Company, Englewood, NJ, USA)",MEAL REPLACEMENT & WEIGHT MANAGEMENT PRODUCTS,Meal replacement beverages,USA,2006,37,5,7,Normal,10,50,500.0,"Glucose, 2h",Standard,"Capillary, plasma",Enzymatic,UO5,20,food,93,,
1363,"SlimFast® beverage, Strawberry Supreme ready-to-drink shake (SlimFast Foods Ltd, UK)",MEAL REPLACEMENT & WEIGHT MANAGEMENT PRODUCTS,Meal replacement beverages,UK,2003,33,3,7,Normal,9,50,445.0,"Glucose, 2h",Standard,"Capillary, plasma",Enzymatic,UO5,20,food,93,,
1364,"Tony Ferguson's Meal Replacement Shake, all flavors, prepared with 356.2 mL water",MEAL REPLACEMENT & WEIGHT MANAGEMENT PRODUCTS,Meal replacement beverages,Australia,2006,22,2,4,Normal,10,50,92.6,"Glucose, 2h",Standard,"Capillary, plasma",Enzymatic,UO5,20,food,93,,
1365,"Optifast® VLCD™ Soup, Chicken (Nestlé Health Science, Australia), prepared with water",MEAL REPLACEMENT & WEIGHT MANAGEMENT PRODUCTS,Meal replacement soups,Australia,2013,31,3,6,Normal,9,50,141.2,"Glucose, 2h",Standard,"Capillary, plasma",Enzymatic,UO5,20,food,93,,
1366,"Optifast® VLCD™ Soup, Tomato (Nestlé Health Science, Australia), prepared with water",MEAL REPLACEMENT & WEIGHT MANAGEMENT PRODUCTS,Meal replacement soups,Australia,2014,25,3,5,Normal,10,50,122.9,"Glucose, 2h",Standard,"Capillary, plasma",Enzymatic,UO5,20,food,93,,
1367,"Optifast® VLCD™ Soup, Vegetable (Nestlé Health Science, Australia), prepared with water",MEAL REPLACEMENT & WEIGHT MANAGEMENT PRODUCTS,Meal replacement soups,Australia,2013,24,3,5,Normal,10,50,120.0,"Glucose, 2h",Standard,"Capillary, plasma",Enzymatic,UO5,20,food,93,,
1368,"SlimFast® , Garden vegetable soup with peppers and croutons (SlimFast Foods Ltd, UK), prepared with water",MEAL REPLACEMENT & WEIGHT MANAGEMENT PRODUCTS,Meal replacement soups,UK,2003,20,2,4,Normal,10,50,119.0,"Glucose, 2h",Standard,"Capillary, plasma",Enzymatic,UO5,20,food,93,,
1369,"Diasip ready-to-drink (Nutricia Advanced Medical Nutrition, Zoetermeer, Netherlands)",NUTRITIONAL SUPPORT PRODUCTS,,Netherlands,2016*,34,4,10,"Normal, Chinese",16,50,427,"Glucose, 2h",Standard,"Capillary, whole blood",HemoCue,102,0,food,93,,
1370,"Diasip, ready-to-drink (Nutricia Advanced Medical Nutrition, Zoetermeer, Netherlands)",NUTRITIONAL SUPPORT PRODUCTS,,Netherlands,2016*,33,6,10,"Normal, Indian",16,50,427,"Glucose, 2h",Standard,"Capillary, whole blood",HemoCue,102,0,food,93,,
1371,"Diasip, ready-to-drink (Nutricia Advanced Medical Nutrition, Zoetermeer, Netherlands)",NUTRITIONAL SUPPORT PRODUCTS,,Netherlands,2016*,28,4,8,"Normal, Malay",16,50,427,"Glucose, 2h",Standard,"Capillary, whole blood",HemoCue,102,0,food,93,,
,"Diasip, ready-to-drink, mean of 3 studies",NUTRITIONAL SUPPORT PRODUCTS,,,,32,,,,,,,,,,,,0,mean,93,,
1372,"Ensure™, vanilla (Abbott Australasia, Kurnell, NSW, Australia)",NUTRITIONAL SUPPORT PRODUCTS,,Australia,1998,50,8,15,Normal,10,50,344.8,"Bread, 2h",Standard,"Capillary, plasma",Enzymatic,103,0,food,93,,
1373,"Ensure™, vanilla (Abbott Australasia)",NUTRITIONAL SUPPORT PRODUCTS,,Australia,1999,48,3,14,Normal,10,50,,"Glucose, 2h",Standard,"Capillary, whole blood",HemoCue,5 UO,0,food,93,,
1374,"Ensure™ bar, chocolate fudge brownie (Abbott Australasia)",NUTRITIONAL SUPPORT PRODUCTS,,Australia,2000,43,3,13,Normal,10,50,97.4,"Glucose, 2h",Standard,"Capillary, plasma",Enzymatic,5 UO,0,food,93,,
1375,"Ensure™ Hospital, nutritional supplement powder, prepared with 304.2 mL water (Abbott Nutrition International)",NUTRITIONAL SUPPORT PRODUCTS,,production Australia,2005,51,5,15,number) Normal,9,,,"period Glucose, 2h",Standard,"Capillary, plasma",method 4 Enzymatic,UO5,0,food,94,,
1376,"Ensure Plus™, vanilla (Abbott Australasia)",NUTRITIONAL SUPPORT PRODUCTS,,Australia,2000,40,4,12,Normal,10,50,250,"Glucose, 2h",Standard,"Capillary, plasma",Enzymatic,UO5,0,food,94,,
1377,"Ensure Pudding™, old fashioned vanilla (Abbott Laboratories Inc, Ashland, USA)",NUTRITIONAL SUPPORT PRODUCTS,,USA,2000,36,4,11,Normal,10,50,216.5,"Glucose, 2h",Standard,"Capillary, plasma",Enzymatic,UO5,0,food,94,,
1378,"GluCare Gold beverage powder (Nutricare Nutrition, Vietnam), prepared with water",NUTRITIONAL SUPPORT PRODUCTS,,Vietnam,2018,48,3,14,Normal,10,50,77.4,"Glucose, 2h",Standard,"Capillary, plasma",Enzymatic,UO5,0,food,94,,
1379,"Glucerna Chocolate Graham nutritional supplement bar (Ross Nutrition, Canada)",NUTRITIONAL SUPPORT PRODUCTS,,Canada,2002,20,2,6,Normal,9,50,79.4,"Glucose, 2h",Standard,"Capillary, plasma",Enzymatic,UO5,0,food,94,,
1380,"Glucerna, diabetes-specific enteral formula (Abbott Laboratories Inc, USA)",NUTRITIONAL SUPPORT PRODUCTS,,USA,,15,3,5,Normal,9,50,,"Glucose, 2h",Standard,"Capillary, plasma",Enzymatic,UO5,0,food,94,,
1381,"Glucerna™, vanilla flavor (Abbott Nutrition International)",NUTRITIONAL SUPPORT PRODUCTS,,Australia,2005,19,4,6,Normal,10,25,319.4,"Glucose, 2h",Standard,"Capillary, plasma",Enzymatic,UO5,0,food,94,,
1382,"Glucerna™, vanilla flavor (Abbott Nutrition International)",NUTRITIONAL SUPPORT PRODUCTS,,Japan,2005,20,4,6,Normal,10,25,327.3,"Glucose, 2h",Standard,"Capillary, plasma",Enzymatic,UO5,0,food,94,,
1383,"Glucerna Nutritional Drink, Vanilla Flavor (Abbott Laboratories)",NUTRITIONAL SUPPORT PRODUCTS,,Canada,2018,23,4,7,Normal,10,25,257.6,"Glucose, 2h",Standard,"Capillary, whole blood",YSI,UO7,0,food,94,,
1384,"Glucerna™, vanilla (Abbott Laboratories Inc., USA)",NUTRITIONAL SUPPORT PRODUCTS,,USA,2005,31,2,9,Normal,10,25,,"Glucose, 2h",Standard,"Capillary, plasma",Enzymatic,UO5,0,food,94,,
,"Vanilla Glucerna™, mean of four studies",NUTRITIONAL SUPPORT PRODUCTS,,,,23,,,,,,,,,,,,0,mean,94,,
1385,"Glucerna Select, enteral nutritional supplement (Abbott Nutrition International)",NUTRITIONAL SUPPORT PRODUCTS,,Australia,2006,16,3,5,Normal,9,25,395.6,"Glucose, 2h",Standard,"Capillary, plasma",Enzymatic,UO5,0,food,94,,
1386,"Glucerna SR, diabetes-specific enteral formula (Abbott Laboratories Inc., USA)",NUTRITIONAL SUPPORT PRODUCTS,,USA,2002,23,5,7,Normal,9,25,502.2,"Glucose, 2h",Standard,"Capillary, plasma",Enzymatic,UO5,0,food,94,,
1387,"High protein, high fiber nutritional supplement (flavor 1) mixed in 670 mL water (Dr. Reddy's Laboratories, India)",NUTRITIONAL SUPPORT PRODUCTS,,India,2019*,27,5,8,Normal,15,25,134,"Glucose, 2h",Standard,"Capillary, whole blood",HemoCue,104,0,food,94,,
1388,"High protein, high fiber nutritional supplement (flavor 2) mixed in 765 mL water (Dr. Reddy's Laboratories, India)",NUTRITIONAL SUPPORT PRODUCTS,,India,2019*,37,4,11,Normal,15,25,153,"Glucose, 2h",Standard,"Capillary, whole blood",HemoCue,104,0,food,94,,
1389,"HINEX Diabetes Care Vanilla powder (Otsuka Pharmaceutical India Pvt. Ltd.), prepared with 457.8 mL water",NUTRITIONAL SUPPORT PRODUCTS,,India,2020,36,4,11,Normal,10,50,120.5,"Glucose, 2h",Standard,"Capillary, plasma",Enzymatic,UO5,0,food,94,,
1390,Inslow™ (Abbott Nutrition International-Japan),NUTRITIONAL SUPPORT PRODUCTS,,Japan,2005,25,3,8,Normal,9,25,246.1,"Glucose, 2h",Standard,"Capillary, plasma",Enzymatic,UO5,0,food,94,,
1391,"Isocal, ready-to-drink (Nestlé Nutrition, Tainan, Taiwan)",NUTRITIONAL SUPPORT PRODUCTS,,Taiwan,2016*,79,9,24,"Normal, Chinese",16,50,370,"Glucose, 2h",Standard,"Capillary, whole blood",HemoCue,102,0,food,94,,
1392,"Isocal, ready-to-drink (Nestlé Nutrition, Tainan, Taiwan)",NUTRITIONAL SUPPORT PRODUCTS,,production Taiwan,2016*,82,13,25,"number) Normal, Indian",16,,,"period Glucose, 2h",Standard,"Capillary, whole blood",method 4 HemoCue,102,0,food,95,,
1393,"Isocal, ready-to-drink (Nestlé Nutrition, Tainan, Taiwan)",NUTRITIONAL SUPPORT PRODUCTS,,Taiwan,2016*,85,9,26,"Normal, Malay",16,50,370,"Glucose, 2h",Standard,"Capillary, whole blood",HemoCue,102,0,food,95,,
,"Isocal, ready-to-drink, mean of three studies",NUTRITIONAL SUPPORT PRODUCTS,,,,82,,,,,,,,,,,,0,mean,95,,
1394,Jevity™ (Abbott Australasia),NUTRITIONAL SUPPORT PRODUCTS,,Australia,2000,48,3,14,Normal,10,50,364.2,"Glucose, 2h",Standard,"Capillary, plasma",Enzymatic,5 UO,0,food,95,,
1395,"Jevity™ HiCal, enteral nutritional supplement (Abbott Nutrition International)",NUTRITIONAL SUPPORT PRODUCTS,,Australia,2005,59,6,18,Normal,9,50,269.4,"Glucose, 2h",Standard,"Capillary, plasma",Enzymatic,UO5,0,food,95,,
1396,"Lactona Dia-βbeverage powder, tested prepared with 269.6 mL water (PT Mirota KSM, Indonesia)",NUTRITIONAL SUPPORT PRODUCTS,,Indonesia,2010,27,3,8,Normal,11,50,80.9,"Glucose, 2h",Standard,"Capillary, plasma",Enzymatic,UO5,0,food,95,,
1397,"Nutritional beverage powder (SU YOUTH (Ningbo Yu Fang Tang Biological Science and Technology, China)",NUTRITIONAL SUPPORT PRODUCTS,,China,2019,52,5,16,Normal,12,25,62.5,"Glucose, 2h",Standard,"Capillary, plasma",Enzymatic,UO1 8,0,food,95,,
1398,"Peptide 1.5 Plain nutrition formula (Kate Farms, Inc.)",NUTRITIONAL SUPPORT PRODUCTS,,USA,2019,26,4,8,Normal,10,25,207.4,"Glucose, 2h",Standard,"Capillary, plasma",YSI,7 UO,0,food,95,,
1399,"Promote with fiber™ nutritional supplement (Ross Nutrition, USA)",NUTRITIONAL SUPPORT PRODUCTS,,USA,2005,49,8,15,Normal,10,50,389.1,"Glucose, 2h",Standard,"Capillary, plasma",Enzymatic,5 UO,0,food,95,,
1400,"Prosure™, ready-to-drink supplement, vanilla flavor (Abbott Nutrition International)",NUTRITIONAL SUPPORT PRODUCTS,,USA,2005,54,5,16,Normal,10,50,317.3,"Glucose, 2h",Standard,"Capillary, plasma",Enzymatic,UO5,0,food,95,,
1401,"Prosure™, ready-to-drink supplement, vanilla flavor (Abbott Nutrition International)",NUTRITIONAL SUPPORT PRODUCTS,,Australia,2005,55,5,17,Normal,9,50,283.5,"Glucose, 2h",Standard,"Capillary, plasma",Enzymatic,UO5,0,food,95,,
1402,"Resource Diabetic™, French vanilla (Novartis Nutrition Corp., Young America, USA), prepared with water",NUTRITIONAL SUPPORT PRODUCTS,,USA,2000,34,3,10,Normal,10,25,29.1,"Glucose, 2h",Standard,"Capillary, plasma",Enzymatic,UO5,0,food,95,,
1403,"Resource Diabetic™, Swiss chocolate (Novartis, Auckland, New Zealand)",NUTRITIONAL SUPPORT PRODUCTS,,New Zealand,2000,16,4,5,Normal,11,50,,"Glucose, 2h",Standard,"Venous, plasma",Enzymatic,27,0,food,95,,
1404,"Resource™ fruit beverage, peach flavor (Novartis, New Zealand)",NUTRITIONAL SUPPORT PRODUCTS,,New Zealand,2000,40,8,12,Normal,11,50,,"Glucose, 2h",Standard,"Venous, plasma",Enzymatic,27,0,food,95,,
1405,"Resource™ thickened orange juice, honey consistency (Novartis, New Zealand)",NUTRITIONAL SUPPORT PRODUCTS,,New Zealand,2000,47,9,14,Normal,11,50,,"Glucose, 2h",Standard,"Venous, plasma",Enzymatic,27,0,food,95,,
1406,"Resource™ thickened orange juice, nectar consistency (Novartis, New Zealand)",NUTRITIONAL SUPPORT PRODUCTS,,New Zealand,2000,54,7,16,Normal,11,50,,"Glucose, 2h",Standard,"Venous, plasma",Enzymatic,27,0,food,95,,
1407,"SDC (SDS (SUSTRA™ 2434 slowly digestible carbohydrate; blend of tapioca flour and corn starch) (Ingredion Incorporated, Bridgewater, NJ), prepared with water",NUTRITIONAL SUPPORT PRODUCTS,,USA,2019*,27,2,8,Normal,14,50,473.2,"Glucose, 2h",Standard,"Capillary, whole blood",YSI,105,0,food,95,,
1408,"Sport beverage based on oligosaccharides (low molecular weight carbohydrate), orange flavor (CPT, Competitor Co. Ltd., Beijing, China)",NUTRITIONAL SUPPORT PRODUCTS,,China,2017*,118,14,35,Normal,10,50,,"Glucose, 2h",Standard,"Capillary, whole blood",YSI,22,0,food,95,,
1409,"Sport beverage based on hydrolyzed starch (high molecular weight carbohydrate), orange flavor (Vitargo, Swecarb AB, Kalmar, Sweden)",NUTRITIONAL SUPPORT PRODUCTS,,Sweden,2017*,106,13,32,Normal,10,,,"Glucose, 2h",Standard,"Capillary, whole blood",YSI,22,0,food,96,,
1410,"Standard 1.0 Chocolate nutrition formula (Kate Farms, Inc., USA)",NUTRITIONAL SUPPORT PRODUCTS,,USA,2019,31,3,9,Normal,10,25,249.7,"Glucose, 2h",Standard,"Capillary, plasma",YSI,UO7,0,food,96,,
1411,"Standard 1.0 Vanilla nutrition formula (Kate Farms, Inc., USA)",NUTRITIONAL SUPPORT PRODUCTS,,USA,2019,26,2,8,Normal,10,25,267.1,"Glucose, 2h",Standard,"Capillary, plasma",YSI,UO7,0,food,96,,
1412,"Standard 1.4 Plain nutrition formula (Kate Farms, Inc., USA)",NUTRITIONAL SUPPORT PRODUCTS,,USA,2019,51,5,15,Normal,10,25,182.3,"Glucose, 2h",Standard,"Capillary, plasma",YSI,UO7,0,food,96,,
1413,"Sustagen® Diabetic, Vanilla (Nestlé Health Science, Australia), prepared with water",NUTRITIONAL SUPPORT PRODUCTS,,Australia,2013,34,4,10,Normal,10,50,112.4,"Glucose, 2h",Standard,"Capillary, plasma",Enzymatic,UO5,0,food,96,,
1414,"Sustagen® Diabetic Ready To Drink, Vanilla (Nestlé Health Science, Australia)",NUTRITIONAL SUPPORT PRODUCTS,,Australia,2013,30,3,9,Normal,10,50,542.3,"Glucose, 2h",Standard,"Capillary, plasma",Enzymatic,UO5,0,food,96,,
1415,"Sustagen™, Dutch Chocolate (Mead Johnson, Bristol Myers Squibb, Rydalmere, Australia)",NUTRITIONAL SUPPORT PRODUCTS,,Australia,1999,31,4,9,Normal,10,50,303.0,"Bread, 2h",Standard,"Capillary, plasma",Enzymatic,UO5,0,food,96,,
1416,"Sustagen® Hospital with extra fiber, drink made from powdered mix (Mead Johnson, Australia), prepared with water",NUTRITIONAL SUPPORT PRODUCTS,,Australia,1999,33,4,10,Normal,10,50,101.0,"Bread, 2h",Standard,"Capillary, plasma",Enzymatic,UO5,0,food,96,,
1417,"Sustagen® Hospital Formula Active, Banana (Nestlé Health Science, Australia), prepared with water",NUTRITIONAL SUPPORT PRODUCTS,,Australia,2018,46,3,14,Normal,10,50,76.9,"Glucose, 2h",Standard,"Capillary, plasma",Enzymatic,UO5,0,food,96,,
1418,"Sustagen® Hospital Formula Active, Chocolate (Nestlé Health Science, Australia), prepared with water",NUTRITIONAL SUPPORT PRODUCTS,,Australia,2015,49,5,15,Normal,10,50,76.9,"Glucose, 2h",Standard,"Capillary, plasma",Enzymatic,UO5,0,food,96,,
1419,"Sustagen® Hospital Formula Active, Coffee (Nestlé Health Science, Australia), prepared with water",NUTRITIONAL SUPPORT PRODUCTS,,Australia,2015,48,3,14,Normal,10,50,76.9,"Glucose, 2h",Standard,"Capillary, plasma",Enzymatic,UO5,0,food,96,,
1420,"Sustagen® Hospital Formula Active, Neutral (Nestlé Health Science, Australia), prepared with water",NUTRITIONAL SUPPORT PRODUCTS,,Australia,2012,46,5,14,Normal,9,50,76.9,"Glucose, 2h",Standard,"Capillary, plasma",Enzymatic,UO5,0,food,96,,
1421,"Sustagen® Hospital Formula Active, Strawberry (Nestlé Health Science, Australia), prepared with water",NUTRITIONAL SUPPORT PRODUCTS,,Australia,2016,37,3,11,Normal,10,50,76.9,"Glucose, 2h",Standard,"Capillary, plasma",Enzymatic,UO5,0,food,96,,
1422,"Sustagen® Hospital Formula Active, Vanilla (Nestlé Health Science, Australia), prepared with water",NUTRITIONAL SUPPORT PRODUCTS,,Australia,2015,54,3,16,Normal,10,50,76.9,"Glucose, 2h",Standard,"Capillary, plasma",Enzymatic,UO5,0,food,96,,
1423,"Sustagen® Hospital Formula Active Plus Fibre, Chocolate (Nestlé Health Science, Australia), prepared with water",NUTRITIONAL SUPPORT PRODUCTS,,Australia,2015,42,5,13,Normal,10,50,81.2,"Glucose, 2h",Standard,"Capillary, plasma",Enzymatic,UO5,0,food,96,,
1424,"Sustagen® Hospital Formula Active Plus Fibre, Vanilla (Nestlé Health Science, Australia), prepared with water",NUTRITIONAL SUPPORT PRODUCTS,,Australia,2015,45,4,14,Normal,10,50,80.5,"Glucose, 2h",Standard,"Capillary, plasma",Enzymatic,UO5,0,food,96,,
1425,"Sustagen® Instant Pudding, vanilla, made from powdered mix (Mead Johnson, Australia), prepared with water",NUTRITIONAL SUPPORT PRODUCTS,,Australia,1999,27,3,8,Normal,10,50,84.7,"Bread, 2h",Standard,"Capillary, plasma",Enzymatic,UO5,0,food,96,instant,name
1426,"Sustagen® Optimum, Vanilla (Nestlé Health Science, Australia), prepared with water",NUTRITIONAL SUPPORT PRODUCTS,,production Australia,2014,45,5,14,number) Normal,10,,,"period Glucose, 2h",Standard,"Capillary, plasma",method 4 Enzymatic,UO5,0,food,97,,
1427,"Sustagen® Ready to Drink, Vanilla (Nestlé Health Science, Australia)",NUTRITIONAL SUPPORT PRODUCTS,,Australia,2012,39,4,12,Normal,10,50,330,"Glucose, 2h",Standard,"Capillary, plasma",Enzymatic,UO5,0,food,97,,
1428,Tapion™ nutritional supplement (Abbott Nutrition International-Japan),NUTRITIONAL SUPPORT PRODUCTS,,Japan,2005,27,5,8,Normal,9,25,240.9,"Glucose, 2h",Standard,"Capillary, plasma",Enzymatic,UO5,0,food,97,,
1429,"TwoCal HN™, high nitrogen nutritional supplement, vanilla flavor (Abbott Nutrition International)",NUTRITIONAL SUPPORT PRODUCTS,,Australia,2005,55,5,17,Normal,10,50,246.7,"Glucose, 2h",Standard,"Capillary, plasma",Enzymatic,UO5,0,food,97,,
1430,"ViPlus Diabetic Formula, Vanilla flavor, prepared with water (Viplus Dairy Pty Ltd, Australia)",NUTRITIONAL SUPPORT PRODUCTS,,Australia,2016,42,2,13,Normal,10,50,102.5,"Glucose, 2h",Standard,"Capillary, plasma",Enzymatic,UO5,0,food,97,,
1431,"Cashew nuts, salted (Coles Supermarkets, Australia)",NUTS,,Australia,2001,22,5,1,Normal,10,25,98.0,"Glucose, 2h",Standard,"Capillary, plasma",Enzymatic,UO5,5,food,97,,
1432,Mixed nuts and raisins,NUTS,,UK,2005,21,5,1,Normal,9,50,161.3,"Glucose, 2h",Standard,"Capillary, whole blood",Glucometer 9,26,5,food,97,,
1433,"Mixed nuts, roasted and salted",NUTS,,UK,2005,24,10,1,Normal,9,25,128.2,"Glucose, 2h",Standard,"Capillary, whole blood",Glucometer 9,26,5,food,97,roasted,name
1434,"Barley pasta (celebrity, whole grain fraction), cooked 5 min",PASTA AND NOODLES,Barley pasta,Canada,2012*,71,6,28,Normal,10,50,,"Bread, 2h",Standard,"Capillary, whole blood",YSI,61,40,food,97,boiled,name
1435,"Barley pasta (celebrity white pearled fraction), cooked 5 min",PASTA AND NOODLES,Barley pasta,Canada,2012*,58,4,23,Normal,10,50,,"Bread, 2h",Standard,"Capillary, whole blood",YSI,61,40,food,97,boiled,name
1436,"Barley pasta (AC Parkhill, whole grain fraction), cooked 5 min",PASTA AND NOODLES,Barley pasta,Canada,2012*,73,7,29,Normal,10,50,,"Bread, 2h",Standard,"Capillary, whole blood",YSI,61,40,food,97,boiled,name
1437,"Barley pasta (AC Parkhill, white pearled fraction), cooked 5 min",PASTA AND NOODLES,Barley pasta,Canada,2012*,64,4,26,Normal,10,50,,"Bread, 2h",Standard,"Capillary, whole blood",YSI,61,40,food,97,boiled,name
1438,"70%+ Black Highland Barley Noodles (COFCO Flour Industry, Puyang, China)",PASTA AND NOODLES,Barley pasta,China,2020,46,3,18,Normal,12,50,67.3,"Glucose, 2h",Standard,"Capillary, plasma",Enzymatic,UO18,40,food,97,,
,"Barley pasta, mean of five studies",PASTA AND NOODLES,Barley pasta,,,62,,,,,,,,,,,,40,mean,97,,
1439,"Fusi lli pasta twists (Tesco Stores Ltd, UK), boiled 10 min in salted water",PASTA AND NOODLES,Fusilli pasta,UK,2005,61,9,24,Normal,10,50,68.9,"Glucose, 2h",Standard,"Capillary, whole blood",9 Glucometer,49,40,food,98,boiled,name
1440,"Fusilli pasta twists, wholewheat, dry pasta, boiled 10 min in unsalted water",PASTA AND NOODLES,Fusilli pasta,UK,2005,55,8,22,Normal,10,50,80.0,"Glucose, 2h",Standard,"Capillary, whole blood",9 Glucometer,26,40,food,98,boiled,name
,"Fusilli pasta, mean of two foods",PASTA AND NOODLES,Fusilli pasta,,,58,,,,,,,,,,,,40,mean,98,,
1441,"Corn pasta, gluten-free (Orgran Natural Foods, Carrum Downs, VIC, Australia)",PASTA AND NOODLES,Gluten-free pasta,Australia,2007,68,7,27,Normal,9,50,67.9,"Glucose, 2h",Standard,"Capillary, plasma",Enzymatic,5 UO,40,food,98,,
1442,"Corn pasta, gluten-free (Orgran Natural Foods, Australia)",PASTA AND NOODLES,Gluten-free pasta,Australia,2000,78,10,31,Normal,10,50,63.8,"Glucose, 2h",Standard,"Capillary, plasma",Enzymatic,5 UO,40,food,98,,
1443,"Pasta, Penne, gluten free (Dr Schär AG/SPA, Italy)",PASTA AND NOODLES,Gluten-free pasta,Italy,2015*,48,6,19,Normal,10,50,64,"Glucose, 2h",Standard,"Capillary, whole blood",YSI,5,40,food,98,,
1444,"Rice and Hi-Maize (high-amylose) flour spaghetti, gluten-free (Freedom Foods, Australia)",PASTA AND NOODLES,Gluten-free pasta,Australia,2006,51,5,20,Normal,10,50,64.1,"Glucose, 2h",Standard,"Capillary, whole blood",HemoCue,10 UO,40,food,98,,
1445,"Rice and maize pasta, gluten-free, Ris'O'Mais (Orgran Foods, Australia)",PASTA AND NOODLES,Gluten-free pasta,Australia,2000,76,6,30,Normal,9,50,66.5,"Glucose, 2h",Standard,"Capillary, plasma",Enzymatic,5 UO,40,food,98,,
1446,"Rice pasta, gluten-free (Freedom Foods, Australia)",PASTA AND NOODLES,Gluten-free pasta,Australia,2006,51,6,20,Normal,10,50,,"Glucose, 2h",Standard,"Capillary, whole blood",HemoCue,10 UO,40,food,98,,
1447,"Split pea and soya pasta shells, gluten-free (Orgran Foods, Australia)",PASTA AND NOODLES,Gluten-free pasta,Australia,2000,29,6,12,Normal,9,50,131.6,"Glucose, 2h",Standard,"Capillary, plasma",Enzymatic,5 UO,40,food,98,,
1448,"Tagliatelle pasta, fresh, gluten free (Sine srl, Italy)",PASTA AND NOODLES,Gluten-free pasta,Italy,2015*,61,6,24,Normal,10,50,106,"Glucose, 2h",Standard,"Capillary, whole blood",YSI,5,40,food,98,,
1449,"Tortellini pasta, fresh, gluten free (Sine srl, Italy)",PASTA AND NOODLES,Gluten-free pasta,Italy,2015*,60,7,24,Normal,10,50,145,"Glucose, 2h",Standard,"Capillary, whole blood",YSI,5,40,food,98,,
,"Gluten-free pasta, mean of nine foods",PASTA AND NOODLES,Gluten-free pasta,,,58,,,,,,,,,,,,40,mean,98,,
1450,"Spaghetti, gluten-free, rice and split pea, canned in tomato sauce",PASTA AND NOODLES,Gluten-free pasta,Australia,2000,68,9,27,Normal,10,50,,"Glucose, 2h",Standard,"Capillary, plasma",Enzymatic,5 UO,40,food,98,canned,name
1451,"Instant 'two-minute' noodles, Maggi® (Nestlé, Auckland, New Zealand)",PASTA AND NOODLES,Instant noodles,New Zealand,2000,48,8,19,Normal,15,50,,"Glucose, 2h",Standard,"Venous, plasma",Enzymatic,27,40,food,98,instant,name
1452,"Instant 'two-minute' noodles, Maggi® , all flavors (Nestlé Australia), including noodle broth",PASTA AND NOODLES,Instant noodles,Australia,2005,52,7,21,Normal,9,50,357.1,"Glucose, 2h",Standard,"Capillary, plasma",Enzymatic,UO5,40,food,98,instant,name
1453,"Instant noodles, all flavors (Woolworths Select, Australia), including noodle broth",PASTA AND NOODLES,Instant noodles,Australia,2008,52,5,21,Normal,10,50,416.7,"Glucose, 2h",Standard,"Capillary, plasma",Enzymatic,5 UO,40,food,98,instant,name
,"Instant noodles, mean of three foods",PASTA AND NOODLES,Instant noodles,,,51,,,,,,,,,,,,40,mean,98,instant,name
1454,"Penne, durum wheat flour (Barilla, Italy)",PASTA AND NOODLES,Penne,Italy,2006,50,7,20,Normal,10,50,71,"Glucose, 2h",Standard,"Capillary, whole blood",YSI,3,40,food,99,,
1455,"Penne mezzane, durum wheat flour (De Cecco, Italy)",PASTA AND NOODLES,Penne,Italy,2008,47,4,19,Normal,9,50,68,"Glucose, 2h",Standard,"Capillary, whole blood",YSI,3,40,food,99,,
1456,"Penne pasta, white (SanRemo Penne, San Remo Macaroni Co. Pty Ltd, SA), tested by subjects with a low AMY1 copy number",PASTA AND NOODLES,Penne,Australia,2014,44,2,18,Normal,19,50,69.4,"Glucose, 2h",Standard,"Capillary, plasma",Enzymatic,40,40,food,99,,
1457,"Penne pasta, white (SanRemo Penne, San Remo Macaroni Co. Pty Ltd, SA), tested by subjects with a high AMY1 copy number",PASTA AND NOODLES,Penne,Australia,2014,50,2,20,Normal,19,50,69.4,"Glucose, 2h",Standard,"Capillary, plasma",Enzymatic,40,40,food,99,,
1458,"Pennette integrali, durum wheat wholemeal (Coop, Italy)",PASTA AND NOODLES,Penne,Italy,2008,48,9,19,Normal,10,50,74,"Glucose, 2h",Standard,"Capillary, whole blood",YSI,3,40,food,99,,
1459,"Pennette rigate, durum wheat flour (Barilla, Italy)",PASTA AND NOODLES,Penne,Italy,2008,53,5,21,Normal,10,50,69,"Glucose, 2h",Standard,"Capillary, whole blood",YSI,3,40,food,99,,
1460,"Pennette rigate integrali, durum wheat wholemeal (Barilla, Italy)",PASTA AND NOODLES,Penne,Italy,2008,73,3,29,"Normal, ≥",9,50,74,"Glucose, 2h",Standard,"Capillary, whole blood",YSI,UO14,40,food,99,,
1461,"Penne rigate, mini (Piccolini, Barilla, Italy)",PASTA AND NOODLES,Penne,Italy,2009,59,11,24,Normal,10,50,66,"Glucose, 2h",Standard,"Capillary, whole blood",YSI,3,40,food,99,,
1462,"Penne rigate, mini, durum wheat flour, zucchini and spinach pulps (penne rigate con zucchine e spinaci, Piccolini, Barilla, Italy)",PASTA AND NOODLES,Penne,Italy,2011,48,5,19,Normal,10,50,72,"Glucose, 2h",Standard,"Capillary, whole blood",YSI,3,40,food,99,,
,"Penne pasta, mean of nine foods",PASTA AND NOODLES,Penne,,,52,,,,,,,,,,,,40,mean,99,,
1463,"Rice noodles, dried, boiled (Thai World, Bangkok, Thailand)",PASTA AND NOODLES,Rice noodles/pasta,Thailand,2000,61,6,24,Normal,12,50,61.3,"Glucose, 2h",Standard,"Capillary, plasma",Enzymatic,74,40,food,99,boiled,name
1464,"Rice noodles, freshly made, boiled (Sydney, NSW, Australia)",PASTA AND NOODLES,Rice noodles/pasta,Australia,2000,40,4,16,Normal,12,50,110.0,"Glucose, 2h",Standard,"Capillary, plasma",Enzymatic,74,40,food,99,boiled,name
1465,"Spaghetti n°5 (Barilla, Italy)",PASTA AND NOODLES,"Spaghetti, white, boiled",Italy,2005,33,6,13,Normal,9,50,69,"Glucose, 2h",Standard,"Capillary, whole blood",YSI,3,40,food,99,boiled,subgroup
1466,"Spaghetti, white, boiled 15 min in salted water (Unico, Concord, ON, Canada)",PASTA AND NOODLES,"Spaghetti, white, boiled",Canada,1999,44,3,18,Normal,10,50,72.2,"Glucose, 2h",Standard,"Capillary, plasma",Enzymatic,UO5,40,food,99,boiled,name
1467,"Spaghetti, white (Unico, Canada)",PASTA AND NOODLES,"Spaghetti, white, boiled",Canada,2001,45,9,18,Normal,21,50,,"Glucose, 2h",Standard,"Venous, NS",Enzymatic,42,40,food,99,boiled,subgroup
1468,"Spaghetti, white (Nishin Shokuhin, Japan)",PASTA AND NOODLES,"Spaghetti, white, boiled",production Japan,2003,46,9,18,number) Normal,10,,,"period 17 Rice , 2h",Standard,"Capillary, whole blood",method 4 9 Glucometer,45,40,food,100,boiled,subgroup
1469,"Spaghetti, white (Unico, Canada)",PASTA AND NOODLES,"Spaghetti, white, boiled",Canada,2001,48,3,19,Normal,47,50,,"Glucose, 2h",Standard,"Capillary, NS",YSI or Enzymatic,42,40,food,100,boiled,subgroup
1470,"Spaghetti, Svevo 2017 durum wheat line",PASTA AND NOODLES,"Spaghetti, white, boiled",Italy,2019,48,4,19,Normal,10,50,67.5,"Glucose, 2h",Standard,"Capillary, plasma",Enzymatic,106,40,food,100,boiled,subgroup
1471,"Spaghetti, white (Vetta, Greens Foods, Glendenning, Australia), boiled for 12 min",PASTA AND NOODLES,"Spaghetti, white, boiled",Australia,1996,49,7,20,Normal,12,50,67.0,"Bread, 2h",Standard,"Capillary, plasma",Enzymatic,UO5,40,food,100,boiled,name
1472,"Spaghetti n°12 (De Cecco, Italy)",PASTA AND NOODLES,"Spaghetti, white, boiled",Italy,2005,50,9,20,Normal,10,50,88,"Glucose, 2h",Standard,"Capillary, whole blood",YSI,3,40,food,100,boiled,subgroup
1473,"Spaghetti classici (Voiello, Italy)",PASTA AND NOODLES,"Spaghetti, white, boiled",Italy,2010,51,9,20,Normal,9,50,71,"Glucose, 2h",Standard,"Capillary, whole blood",YSI,3,40,food,100,boiled,subgroup
1474,"Spaghetti, Svevo 2016 durum wheat line",PASTA AND NOODLES,"Spaghetti, white, boiled",Italy,2017,52,3,21,Normal,10,50,77.9,"Glucose, 2h",Standard,"Capillary, plasma",Enzymatic,106,40,food,100,boiled,subgroup
1475,"Spaghetti pasta, dried (Budget, Safeway Traders Ltd, New Zealand)",PASTA AND NOODLES,"Spaghetti, white, boiled",New Zealand,2011*,56,4,22,Normal,30,50,,"Glucose, 2h",Standard,"Capillary, whole blood",HemoCue,69,40,food,100,dried,name
,"White spaghetti, boiled, mean of 11 foods",PASTA AND NOODLES,"Spaghetti, white, boiled",,,47,,,,,,,,,,,,40,mean,100,boiled,name
1476,"Spaghetti, Svevo durum wheat line SSIIa (silencing of starch synthases enzymes leading to an 28% increase in amylose and 2.8-fold increase in resistant starch)",PASTA AND NOODLES,"Spaghetti, white, boiled",Italy,2017,49,3,20,Normal,10,50,87.7,"Glucose, 2h",Standard,"Capillary, plasma",Enzymatic,106,40,food,100,boiled,subgroup
1477,"Spaghetti, Svevo durum wheat line SBEIIa (silencing of starch branching enzymes leading to an 74% increase in amylose and 3.5-fold increase in resistant starch)",PASTA AND NOODLES,"Spaghetti, white, boiled",Italy,2019,38,3,15,Normal,10,50,76.6,"Glucose, 2h",Standard,"Capillary, plasma",Enzymatic,106,40,food,100,boiled,subgroup
1478,"President's Choice® Blue Menu™ Whole Wheat spaghetti (Loblaw Brands Limited, Canada)",PASTA AND NOODLES,"Spaghetti, wholemeal, boiled",Canada,2004-2007,45,5,18,Normal,10,50,,"Bread, 2h",Standard,"Capillary, whole blood",YSI,UO7,40,food,100,boiled,subgroup
1479,"Spaghetti integrali (wholemeal durum wheat flour ) (Barilla, Italy)",PASTA AND NOODLES,"Spaghetti, wholemeal, boiled",Italy,2006,35,3,14,Normal,9,50,73,"Glucose, 2h",Standard,"Capillary, whole blood",YSI,3,40,food,100,boiled,subgroup
1480,"Spaghetti integrali (wholemeal durum wheat flour ) (De Cecco, Italy)",PASTA AND NOODLES,"Spaghetti, wholemeal, boiled",Italy,2005,55,10,22,Normal,10,50,93,"Glucose, 2h",Standard,"Capillary, whole blood",YSI,3,40,food,100,boiled,subgroup
1481,"Spaghetti Integrali (wholemeal durum wheat flour ) (Misura, Italy)",PASTA AND NOODLES,"Spaghetti, wholemeal, boiled",Italy,2005,53,10,21,Normal,10,50,83,"Glucose, 2h",Standard,"Capillary, whole blood",YSI,3,40,food,100,boiled,subgroup
1482,"Wholemeal spaghetti, boiled for 8 min",PASTA AND NOODLES,"Spaghetti, wholemeal, boiled",Australia,2012,62,4,25,Normal,9,50,80.0,"Glucose, 2h",Standard,"Capillary, plasma",Enzymatic,UO5,40,food,100,boiled,name
,"Wholemeal spaghetti, boiled, mean of five foods",PASTA AND NOODLES,"Spaghetti, wholemeal, boiled",,,50,,,,,,,,,,,,40,mean,100,boiled,name
1483,Buckwheat noodles,PASTA AND NOODLES,"Pasta, other",China,2005,59,1,24,Normal,9,50,,"Glucose, 2h",Standard,"Venous, NS",NS,12,40,food,101,,
1484,"Farfalle, mini, durum wheat flour, carrot and pumpkin pulps (Farfalle con carote e zucca, Piccolini, Barilla, Italy)",PASTA AND NOODLES,"Pasta, other",Italy,2011,44,5,18,Normal,9,50,71,"Glucose, 2h",Standard,"Capillary, whole blood",YSI,3,40,food,101,,
1485,"Fettuccine, egg (Mother Earth Fine Foods, Rowville, Australia)",PASTA AND NOODLES,"Pasta, other",Australia,2000,47,6,19,Normal,14,50,,"Glucose, 2h",Standard,"Venous, plasma",Enzymatic,27,40,food,101,,
1486,"Lower Carb Pasta (Herman Brot Pty Ltd, Australia), boiled in water for 7 min",PASTA AND NOODLES,"Pasta, other",Australia,2015,22,3,9,Normal,10,25,160.3,"Glucose, 2h",Standard,"Capillary, plasma",Enzymatic,UO5,40,food,101,boiled,name
1487,"Hokkien noodles (Fantastic Fresh, Australia)",PASTA AND NOODLES,"Pasta, other",Australia,2015,58,3,23,Normal,10,50,135.8,"Glucose, 2h",Standard,"Capillary, plasma",Enzymatic,UO5,40,food,101,,
1488,"Lasagne, egg, dry pasta, boiled in unsalted water for 10 min",PASTA AND NOODLES,"Pasta, other",UK,2005,53,9,21,Normal,10,50,75.5,"Glucose, 2h",Standard,"Capillary, whole blood",Glucometer 9,26,40,food,101,boiled,name
1489,"LGI & HDF Noodles, low GI and high fiber (SCIQ Biotech Pty Ltd, Australia)",PASTA AND NOODLES,"Pasta, other",Australia,2020,39,4,16,Normal,10,50,109.6,"Glucose, 2h",Standard,"Capillary, plasma",Enzymatic,UO5,40,food,101,,
1490,"Linguine, fresh (Hollywood Foods More than Pasta, Canada)",PASTA AND NOODLES,"Pasta, other",Canada,2011,31,4,12,Normal,10,50,,"Glucose, 2h",Standard,"Capillary, whole blood",YSI,UO5,40,food,101,,
1491,"Low GI Noodles (Holista Biotech Corp., USA)",PASTA AND NOODLES,"Pasta, other",USA,2017,38,4,15,Normal,10,25,37.3,"Bread, 2h",Standard,"Capillary, whole blood",YSI,UO7,40,food,101,,
1492,"Macaroni short pasta (ANCO professional, Soubry N.V., Roeselare, Belgium)",PASTA AND NOODLES,"Pasta, other",Belgium,2019*,63,3,25,Normal,13,50,176.4,"Glucose, 2h",Standard,"Capillary, plasma",YSI,80,40,food,101,,
1493,"Mung bean noodles (Longkou beanthread), dried, boiled (Yantai cereals, China)",PASTA AND NOODLES,"Pasta, other",China,2000,39,9,16,Normal,11,50,60.4,"Glucose, 2h",Standard,"Capillary, plasma",Enzymatic,74,40,food,101,boiled,name
1494,"Noodles, Jianxi rice vermicelli, boiled 8 min",PASTA AND NOODLES,"Pasta, other",China,2010*,56,7,22,Normal,10,50,63.3,"Glucose, 2h",Standard,"Capillary, whole blood",HemoCue,28,40,food,101,boiled,name
1495,"Noodles, potato",PASTA AND NOODLES,"Pasta, other",China,2005,14,1,6,Normal,9,50,,"Glucose, 2h",Standard,"Venous, NS",NS,12,40,food,101,,
1496,"Noodles, Sau tao Beijing noodles, wheat flour and tapioca starch, boiled 3 min",PASTA AND NOODLES,"Pasta, other",China,2010*,61,5,24,Normal,10,50,69.2,"Glucose, 2h",Standard,"Capillary, whole blood",HemoCue,28,40,food,101,boiled,name
1497,"Noodles, Taiwan vermicelli, rice and maize starch, boiled 2 min",PASTA AND NOODLES,"Pasta, other",China,2010*,68,12,27,Normal,10,50,54.4,"Glucose, 2h",Standard,"Capillary, whole blood",HemoCue,28,40,food,101,boiled,name
1498,"Pasta, NS",PASTA AND NOODLES,"Pasta, other",Canada,2010*,67,8,27,Normal,10,50,73,"Bread, 2h",Standard,"Capillary, whole blood",YSI,81,40,food,101,,
1499,"Pipe rigate, mini, durum wheat flour, tomato and carrot pulps (Pipe rigate con pomodori e carote, Piccolini, Barilla, Italy)",PASTA AND NOODLES,"Pasta, other",Italy,2011,47,7,19,Normal,10,50,73,"Glucose, 2h",Standard,"Capillary, whole blood",YSI,3,40,food,101,,
1500,"Proti pasta, protein-enriched, boiled in water Vital Nature Inc, San Antonio, TX, USA)",PASTA AND NOODLES,"Pasta, other",USA,2003,28,1,11,Normal,10,50,144.9,"Glucose, 2h",Standard,"Capillary, plasma",Enzymatic,UO5,40,food,101,boiled,name
1501,"Ravioli, durum wheat flour, stuffed with calf meat, fresh (Raviolini con Carne di Vitello, Pastificio Rana SpA, Italy)",PASTA AND NOODLES,"Pasta, other",production Italy,2011,58,7,23,number) Normal,10,,,"period Glucose, 2h",Standard,"Capillary, whole blood",method 4 YSI,3,40,food,102,,
1502,"Rotini (Banza, LLC, USA)",PASTA AND NOODLES,"Pasta, other",USA,2018,44,9,18,Normal,10,25,47.6,"Glucose, 2h",Standard,"Capillary, whole blood",YSI,UO7,40,food,102,,
1503,Semolina pasta,PASTA AND NOODLES,"Pasta, other",Canada,,78,8,31,Normal,10,50,,"Bread, 2h",Standard,"Capillary, whole blood",YSI,61,40,food,102,,
1504,"Spaghetti, soy, boiled 4 min (Revival Soy®, Physicians Pharmaceuticals, Inc, USA)",PASTA AND NOODLES,"Pasta, other",USA,2004,47,7,19,Normal,10,25,42.4,"Glucose, 2h",Standard,"Capillary, whole blood",HemoCue,21,40,food,102,boiled,name
1505,"Tagliatelle all'uovo (durum wheat flour, eggs, dry ) (Barilla, Italy)",PASTA AND NOODLES,"Pasta, other",Italy,2005,55,4,22,Normal,9,50,76,"Glucose, 2h",Standard,"Capillary, whole blood",YSI,3,40,food,102,,
1506,"Tagliatelle all'uovo (durum wheat flour, eggs ) (fresh pasta) (Pastificio Lo Scoiattolo, Italy)",PASTA AND NOODLES,"Pasta, other",Italy,2011,51,7,20,Normal,10,50,70,"Glucose, 2h",Standard,"Capillary, whole blood",YSI,3,40,food,102,,
1507,"Udon noodles, plain, reheated 5 min (Fantastic, Windsor Gardens, SA, Australia)",PASTA AND NOODLES,"Pasta, other",Australia,2001,62,8,25,Normal,10,25,185.9,"Glucose, 2h",Standard,"Capillary, plasma",Enzymatic,UO5,40,food,102,,
1508,"Vegie Pumpkin & Spinach Linguine, Latina™ Fresh, made from durum semolina, 25% pumpkin puree and 5% spinach puree, boiled in water for 2 min",PASTA AND NOODLES,"Pasta, other",Australia,2018,67,5,27,Normal,10,50,172.4,"Glucose, 2h",Standard,"Capillary, plasma",Enzymatic,UO5,40,food,102,boiled,name
1509,"Wheat noodle, dried",PASTA AND NOODLES,"Pasta, other",China,2005,46,2,18,Normal,10,50,,"Glucose, 2h",Standard,"Venous, NS",NS,12,40,food,102,dried,name
1510,"Wheat noodle, dried, boiled for 5 min, drained (Sanlian Food, Shandong, China)",PASTA AND NOODLES,"Pasta, other",China,2016,62,8,25,Normal,10,25,32.9,"Glucose, 2h",Standard,"Capillary, whole blood",Enzymatic,UO18,40,food,102,boiled,name
1511,"Apple Fruit Bar, fat-free, President's Choice® Blue Menu™ (Loblaw Brands Limited, Canada)",SNACK FOODS AND CONFECTIONERY,Fruit bars & snacks,Canada,2007,90,13,23,Normal,10,50,66.7,"Bread, 2h",Standard,"Capillary, whole blood",YSI,UO7,25,food,102,,
1512,"Apple Cinnamon bar, Fruit & Yogurt Apple Cinnamon Chewy Bars (Soy), President's Choice® Blue Menu™ (Loblaw Brands Limited, Canada)",SNACK FOODS AND CONFECTIONERY,Fruit bars & snacks,Canada,2007,34,3,9,Normal,10,50,95.2,"Bread, 2h",Standard,"Capillary, whole blood",YSI,UO7,25,food,102,,
1513,Apricot and Almond bar,SNACK FOODS AND CONFECTIONERY,Fruit bars & snacks,UK,2006,34,6,9,Normal,10,50,97.3,"Glucose, 2h",Standard,"Capillary, whole blood",9 Glucometer,30,25,food,102,,
1514,Apricot dried fruit snack,SNACK FOODS AND CONFECTIONERY,Fruit bars & snacks,Australia,2001,42,3,11,Normal,10,50,59.1,"Glucose, 2h",Standard,"Capillary, plasma",Enzymatic,5 UO,25,food,102,,
1515,"Apricot & apple fruit strips, gluten-free (Freedom Foods, Australia)",SNACK FOODS AND CONFECTIONERY,Fruit bars & snacks,Australia,2006,29,6,7,Normal,10,50,62.9,"Glucose, 2h",Standard,"Capillary, whole blood",HemoCue,UO10,25,food,102,,
1516,"Apricot filled fruit bar, pureed dried apricot filling in wholemeal pastry (Mother Earth, New Zealand)",SNACK FOODS AND CONFECTIONERY,Fruit bars & snacks,production New Zealand,2000,50,8,13,number) Normal,15,,,"period Glucose, 2h",Standard,"Venous, plasma",method 4 Enzymatic,27,25,food,103,,
1517,"Apricot & Yoghurt Healtheries Simple Bar, wheat and gluten- free (Aussie Bodies Pty. Ltd., Australia)",SNACK FOODS AND CONFECTIONERY,Fruit bars & snacks,Australia,2007,40,5,10,Normal,16,50,101.8,"Glucose, 2h",Standard,"Capillary, whole blood",HemoCue,UO10,25,food,103,,
1518,"Banana chips, dried banana pieces",SNACK FOODS AND CONFECTIONERY,Fruit bars & snacks,Australia,2009,44,5,11,Normal,10,50,75.8,"Glucose, 2h",Standard,"Capillary, plasma",Enzymatic,UO5,25,food,103,dried,name
1519,"Banana Fruit Fingers, Heinz Kidz™ (HJ Heinz, Australia)",SNACK FOODS AND CONFECTIONERY,Fruit bars & snacks,Australia,2000,61,11,15,Normal,10,50,76.9,"Glucose, 2h",Standard,"Capillary, plasma",Enzymatic,UO5,25,food,103,,
1520,"Banana, processed fruit fingers, Heinz Kidz™ (H J Heinz, Malvern, Australia)",SNACK FOODS AND CONFECTIONERY,Fruit bars & snacks,Australia,2000,61,11,15,Normal,10,50,76.9,"Glucose, 2h",Standard,"Capillary, plasma",Enzymatic,UO5,25,food,103,,
1521,"Berry & Yoghurt Healtheries Simple Bar, wheat and gluten free (Aussie Bodies Pty. Ltd., Australia)",SNACK FOODS AND CONFECTIONERY,Fruit bars & snacks,Australia,2007,51,4,13,Normal,15,50,95.8,"Glucose, 2h",Standard,"Capillary, whole blood",HemoCue,UO10,25,food,103,,
1522,"Berry bar, Berrylicious Trim Bar (Aussie Bodies Pty. Ltd., Australia)",SNACK FOODS AND CONFECTIONERY,Fruit bars & snacks,Australia,2007,46,4,12,Normal,10,50,146.2,"Glucose, 2h",Standard,"Capillary, whole blood",HemoCue,UO10,25,food,103,,
1523,"Blackberry Sour Buzz dried fruit leather, Sunripe School Straps (Windsor Farm Foods, Australia)",SNACK FOODS AND CONFECTIONERY,Fruit bars & snacks,Australia,2002,35,5,9,Normal,10,50,67.0,"Glucose, 2h",Standard,"Capillary, plasma",Enzymatic,UO5,25,food,103,,
1524,Citrus Lemon Protein Bar (Herbalife of Japan K.K.),SNACK FOODS AND CONFECTIONERY,Fruit bars & snacks,Japan,2018,31,4,8,Normal,10,50,109.4,"Glucose, 2h",Standard,"Capillary, plasma",Enzymatic,UO5,25,food,103,,
1525,"Cranberry, Blueberry bar, Fruit & Yogurt Cranberry Blueberry Bars (Soy), President's Choice® Blue Menu™ (Loblaw Brands Limited, Canada)",SNACK FOODS AND CONFECTIONERY,Fruit bars & snacks,Canada,2007,33,2,8,Normal,10,50,95.2,"Bread, 2h",Standard,"Capillary, whole blood",YSI,UO7,25,food,103,,
1526,"Fig Fruit bar, President's Choice® Blue Menu™ (Loblaw Brands Limited, Canada)",SNACK FOODS AND CONFECTIONERY,Fruit bars & snacks,Canada,2007,70,8,18,Normal,10,50,66.7,"Bread, 2h",Standard,"Capillary, whole blood",YSI,UO7,25,food,103,,
1527,"Fruit and nut mix (Finest, UK)",SNACK FOODS AND CONFECTIONERY,Fruit bars & snacks,UK,2005,15,3,4,Normal,10,50,106.2,"Glucose, 2h",Standard,"Capillary, whole blood",Glucometer 9,26,25,food,103,,
1528,"Fruit snack processed, Roll-Ups® (Uncle Toby's, Australia)",SNACK FOODS AND CONFECTIONERY,Fruit bars & snacks,Australia,1998,99,12,25,Normal,10,50,60.8,"Bread, 2h",Standard,"Capillary, plasma",Enzymatic,UO5,25,food,103,,
1529,"Ginger, candied, sucrose-free (Buderim Ginger, Australia)",SNACK FOODS AND CONFECTIONERY,Fruit bars & snacks,Australia,2006,10,4,3,Normal,10,50,64.9,"Glucose, 2h",Standard,"Capillary, whole blood",HemoCue,UO5,25,food,103,,
1530,"Peach & pear fruit strips, gluten-free (Freedom Foods, Australia)",SNACK FOODS AND CONFECTIONERY,Fruit bars & snacks,Australia,2006,29,6,7,Normal,10,50,62.9,"Glucose, 2h",Standard,"Capillary, whole blood",HemoCue,UO10,25,food,103,,
1531,"Raspberry Fruit bar, fat-free, President's Choice® Blue Menu™ (Loblaw Brands Limited, Canada)",SNACK FOODS AND CONFECTIONERY,Fruit bars & snacks,Canada,2007,74,11,19,Normal,10,50,64.5,"Bread, 2h",Standard,"Capillary, whole blood",YSI,UO7,25,food,103,,
1532,"Strawberry processed fruit bar, Real Fruit (Uncle Toby's, Australia)",SNACK FOODS AND CONFECTIONERY,Fruit bars & snacks,Australia,1998,90,12,23,Normal,10,50,60.5,"Glucose, 2h",Standard,"Capillary, plasma",Enzymatic,UO5,25,food,103,,
1533,"Strawberry Fruit Bar, Kettle Valley (SunOpta, Inc., Brampton, ON, Canada)",SNACK FOODS AND CONFECTIONERY,Fruit bars & snacks,production Canada,2009*,32,2,8,number) Normal,40,,,"period Glucose, 2h",Standard,"Capillary, whole blood",method 4 YSI,38,25,food,104,,
1534,"Strawberry Fruit Bar, Kettle Valley (SunOpta, Inc., Brampton, ON, Canada)",SNACK FOODS AND CONFECTIONERY,Fruit bars & snacks,Canada,2009*,34,2,9,Normal,37,50,69,"Glucose, 2h",Standard,"Capillary, whole blood",YSI,38,25,food,104,,
1535,"Strawberry Fruit Bar, Kettle Valley (SunOpta, Inc., Brampton, ON, Canada)",SNACK FOODS AND CONFECTIONERY,Fruit bars & snacks,Canada,2009*,35,2,9,"Normal, Caucasian",40,50,69,"Glucose, 2h",Standard,"Capillary, whole blood",YSI,38,25,food,104,,
1536,"Strawberry Fruit Bar, Kettle Valley (SunOpta, Inc., Brampton, ON, Canada)",SNACK FOODS AND CONFECTIONERY,Fruit bars & snacks,Canada,2009*,31,2,8,"Normal, Non- Caucasian",37,50,69,"Glucose, 2h",Standard,"Capillary, whole blood",YSI,38,25,food,104,,
1537,"Strawberry Fruit Bar, Kettle Valley (SunOpta, Inc., Brampton, ON, Canada)",SNACK FOODS AND CONFECTIONERY,Fruit bars & snacks,Canada,2009*,35,2,9,"Normal, ≤ 40 y",39,50,69,"Glucose, 2h",Standard,"Capillary, whole blood",YSI,38,25,food,104,,
1538,"Strawberry Fruit Bar, Kettle Valley (SunOpta, Inc., Brampton, ON, Canada)",SNACK FOODS AND CONFECTIONERY,Fruit bars & snacks,Canada,2009*,31,2,8,"Normal, >40 y",38,50,69,"Glucose, 2h",Standard,"Capillary, whole blood",YSI,38,25,food,104,,
1539,"Strawberry Fruit Bar, Kettle Valley (SunOpta, Inc., Brampton, ON, Canada)",SNACK FOODS AND CONFECTIONERY,Fruit bars & snacks,Canada,2009*,36,2,9,"Normal, lean",37,50,69,"Glucose, 2h",Standard,"Capillary, whole blood",YSI,38,25,food,104,,
1540,"Strawberry Fruit Bar, Kettle Valley (SunOpta, Inc., Brampton, ON, Canada)",SNACK FOODS AND CONFECTIONERY,Fruit bars & snacks,Canada,2009*,30,2,8,"Normal, overweight",40,50,69,"Glucose, 2h",Standard,"Capillary, whole blood",YSI,38,25,food,104,,
,"Strawberry Fruit Bar, Kettle Valley mean of eight studies",SNACK FOODS AND CONFECTIONERY,Fruit bars & snacks,,,33,,,,,,,,,,,,25,mean,104,,
1541,"Strawberry fruit leather (Stretch Island Fruit Company™, WA, USA)",SNACK FOODS AND CONFECTIONERY,Fruit bars & snacks,USA,2006,29,4,7,Normal,12,50,63.6,"Glucose, 2h",Standard,"Capillary, plasma",Enzymatic,UO5,25,food,104,,
1542,"Sweet strawberry fruit leather (Stretch Island Fruit Company™, WA, USA), tested with water",SNACK FOODS AND CONFECTIONERY,Fruit bars & snacks,USA,2009*,25,5,6,Normal,10,50,64,"Bread, 2h",Standard,"Capillary, whole blood",YSI,107,25,food,104,,
1543,"Sweet strawberry fruit leather (Stretch Island Fruit Company™, WA, USA), tested with coffee or tea",SNACK FOODS AND CONFECTIONERY,Fruit bars & snacks,USA,2009*,22,3,6,Normal,10,50,64,"Bread, 2h",Standard,"Capillary, whole blood",YSI,107,25,food,104,,
1544,"Sweet strawberry fruit leather (Stretch Island Fruit Co, Allyn, WA , USA)",SNACK FOODS AND CONFECTIONERY,Fruit bars & snacks,USA,2008*,33,7,8,Normal,290,50,63.6,"Glucose, 2h",Standard,Various,Various,108,25,food,104,,
,"Sweet strawberry fruit leather, mean of three studies",SNACK FOODS AND CONFECTIONERY,Fruit bars & snacks,,,27,,,,,,,,,,,,25,mean,104,,
1545,"Strawberry & wildberry dried fruit leather, Sunripe School Straps (Windsor Farm Foods, Australia)",SNACK FOODS AND CONFECTIONERY,Fruit bars & snacks,Australia,2002,40,5,10,Normal,10,50,67.0,"Glucose, 2h",Standard,"Capillary, plasma",Enzymatic,UO5,25,food,104,,
1546,Tropical dried fruit snack,SNACK FOODS AND CONFECTIONERY,Fruit bars & snacks,Australia,2001,41,3,10,Normal,10,50,59.0,"Glucose, 2h",Standard,"Capillary, plasma",Enzymatic,UO5,25,food,104,,
1547,"Tropical fruit and nut mix (Finest, UK)",SNACK FOODS AND CONFECTIONERY,Fruit bars & snacks,UK,2005,49,7,12,Normal,9,50,89.8,"Glucose, 2h",Standard,"Capillary, whole blood",Glucometer 9,26,25,food,104,,
1548,Wild berry dried fruit snack,SNACK FOODS AND CONFECTIONERY,Fruit bars & snacks,production Australia,2001,35,4,9,number) Normal,10,,,"period Glucose, 2h",Standard,"Capillary, plasma",method 4 Enzymatic,UO5,25,food,105,,
1549,"Chick Pea chips (Freedom Foods, Australia)",SNACK FOODS AND CONFECTIONERY,Savory snack foods,Australia,2006,44,7,11,Normal,9,50,135.5,"Glucose, 2h",Standard,"Capillary, whole blood",HemoCue,UO10,25,food,105,,
1550,"Combos Snacks Cheddar Cheese Crackers (M&M/Mars, USA)",SNACK FOODS AND CONFECTIONERY,Cheese-flavored snacks,USA,2003,54,6,14,Normal,10,50,79.0,"Glucose, 2h",Standard,"Capillary, plasma",Enzymatic,UO5,25,food,105,,
1551,"Combos Snacks Cheddar Cheese Pretzels (M&M/Mars, USA)",SNACK FOODS AND CONFECTIONERY,Cheese-flavored snacks,USA,2003,52,6,13,Normal,10,50,70.5,"Glucose, 2h",Standard,"Capillary, plasma",Enzymatic,UO5,25,food,105,,
1552,"Cheese Puffs, made from rice and corn puffs, aged white cheddar extruded snack, Pirate's Booty brand (Robert's American Gourmet, Sea Cliff, NY, USA)",SNACK FOODS AND CONFECTIONERY,Cheese-flavored snacks,USA,2006,70,5,18,Normal,12,50,82.4,"Glucose, 2h",Standard,"Capillary, whole blood",HemoCue,UO5,25,food,105,extruded,name
1553,"Cheese Puffs, Pirates Booty brand (Robert’s American Gourmet, Sea Cliff, NY, USA)",SNACK FOODS AND CONFECTIONERY,Cheese-flavored snacks,USA,2008*,74,11,19,Normal,290,50,82.4,"Glucose, 2h",Standard,Various,Various,108,25,food,105,,
1554,"Cheese Puffs, Pirates Booty brand (Robert’s American Gourmet, Sea Cliff, NY, USA), tested with water",SNACK FOODS AND CONFECTIONERY,Cheese-flavored snacks,USA,2009*,53,6,13,Normal,10,50,84,"Bread, 2h",Standard,"Capillary, whole blood",YSI,107,25,food,105,,
1555,"Cheese Puffs, Pirates Booty brand (Robert’s American Gourmet, Sea Cliff, NY, USA), tested with coffee or tea",SNACK FOODS AND CONFECTIONERY,Cheese-flavored snacks,USA,2009*,53,6,13,Normal,10,50,84,"Bread, 2h",Standard,"Capillary, whole blood",YSI,107,25,food,105,,
,"Cheese Puffs, mean of four studies",SNACK FOODS AND CONFECTIONERY,Cheese-flavored snacks,,,63,,,,,,,,,,,,25,mean,105,,
1556,"Rice and corn cheese flavored extruded snack, Twisties™ (Smith's Snackfood Co., Australia)",SNACK FOODS AND CONFECTIONERY,Cheese-flavored snacks,Australia,1999,74,5,19,Normal,10,50,87.6,"Glucose, 2h",Standard,"Capillary, plasma",Enzymatic,UO5,25,food,105,extruded,name
1557,"Brown rice chips with wild rice, gluten-free, SunRice™",SNACK FOODS AND CONFECTIONERY,"Chips or Crisps, made from cereal grains",Australia,2018,70,6,18,Normal,10,50,75.9,"Glucose, 2h",Standard,"Capillary, plasma",Enzymatic,UO5,25,food,105,,
1558,"Corn chips, plain, salted (Doritos™ original, Smith's Snack Food Co., Australia)",SNACK FOODS AND CONFECTIONERY,"Chips or Crisps, made from cereal grains",Australia,1998,42,4,11,Normal,10,50,,"Bread, 2h",Standard,"Capillary, plasma",Enzymatic,UO5,25,food,105,,
1559,"Grain Waves Original flavored wholegrain chips, Smith’s™",SNACK FOODS AND CONFECTIONERY,"Chips or Crisps, made from cereal grains",Australia,2010,51,5,13,Normal,10,50,79.0,"Glucose, 2h",Standard,"Capillary, plasma",Enzymatic,UO5,25,food,105,,
1560,Finger millet extruded snack,SNACK FOODS AND CONFECTIONERY,"Chips or Crisps, made from cereal grains",India,2018*,65,7,16,Normal,12,25,39.6,"Glucose, 2h",Standard,"Capillary, whole blood",HemoCue,109,25,food,105,extruded,name
1561,"Flaxseed Tortilla chips, Sea Salt, President's Choice® Blue Menu™ (Loblaw Brands Limited, Canada)",SNACK FOODS AND CONFECTIONERY,"Chips or Crisps, made from cereal grains",Canada,2007,45,6,11,Normal,10,50,125.0,"Bread, 2h",Standard,"Capillary, whole blood",YSI,UO7,25,food,105,,
1562,"Flaxseed Tortilla chips, Spicy, President's Choice® Blue Menu™ (Loblaw Brands Limited, Canada)",SNACK FOODS AND CONFECTIONERY,"Chips or Crisps, made from cereal grains",Canada,2007,34,5,9,Normal,10,50,125.0,"Bread, 2h",Standard,"Capillary, whole blood",YSI,UO7,25,food,105,,
1563,"Japanese Tamari Rice & Corn Crisps, President's Choice® Blue Menu™ (Loblaw Brands Limited, Canada)",SNACK FOODS AND CONFECTIONERY,"Chips or Crisps, made from cereal grains",production Canada,2004-2007,91,6,23,number) Normal,10,,,"period Bread, 2h",Standard,"Capillary, whole blood",method 4 YSI,UO7,25,food,106,,
1564,"Japanese Wasabi & Honey Rice & Corn Crisps, President's Choice® Blue Menu™ (Loblaw Brands Limited, Canada)",SNACK FOODS AND CONFECTIONERY,"Chips or Crisps, made from cereal grains",Canada,2004-2007,82,7,21,Normal,10,50,,"Bread, 2h",Standard,"Capillary, whole blood",YSI,UO7,25,food,106,,
1565,"Prawn crackers, BBQ Rib flavor, Infuzions™, made from tapioca and wheat (Majans Pty Ltd, QLD, Australia)",SNACK FOODS AND CONFECTIONERY,"Chips or Crisps, made from cereal grains",Australia,20 1 7,74,5,19,Normal,10,25,36.4,"Glucose , 2h",Standard,"Capillary, plasma",Enzymatic,UO5,25,food,106,,
1566,"Pretzels, oven-baked, traditional wheat flavor, 97% fat free (Parker's, Smith's Snack Food Co., Australia)",SNACK FOODS AND CONFECTIONERY,"Chips or Crisps, made from cereal grains",Australia,2005,84,6,21,Normal,10,50,62.5,"Glucose, 2h",Standard,"Capillary, plasma",Enzymatic,UO5,25,food,106,baked,name
1567,"Thai Curry Rice & Corn Crisps, President's Choice® Blue Menu™ (Loblaw Brands Limited, Canada)",SNACK FOODS AND CONFECTIONERY,"Chips or Crisps, made from cereal grains",Canada,2004-2007,84,6,21,Normal,10,50,,"Bread, 2h",Standard,"Capillary, whole blood",YSI,UO7,25,food,106,,
1568,"Poppin Microwave Popcorn, butter flavor Green's Foods, Australia)",SNACK FOODS AND CONFECTIONERY,Popcorn,Australia,2013,51,6,13,Normal,10,25,46.5,"Glucose, 2h",Standard,"Capillary, plasma",Enzymatic,UO5,25,food,106,microwaved,name
1569,"Microwave Popping Corn, natural flavor, President's Choice® Blue Menu™ (Loblaw Brands Limited, Canada)",SNACK FOODS AND CONFECTIONERY,Popcorn,Canada,2004-2007,58,8,15,Normal,10,50,,"Bread, 2h",Standard,"Capillary, whole blood",YSI,UO7,25,food,106,microwaved,name
1570,"Poppin Microwave Popcorn, butter flavor Green's Foods, Australia)",SNACK FOODS AND CONFECTIONERY,Popcorn,Australia,2007,62,8,16,Normal,9,25,49.6,"Glucose, 2h",Standard,"Capillary, whole blood",HemoCue,UO5,25,food,106,microwaved,name
1571,"Poppin Lite Microwave Popcorn, butter flavor, 50% reduced fat (Green's Foods, Australia)",SNACK FOODS AND CONFECTIONERY,Popcorn,Australia,2007,67,8,17,Normal,9,25,44.7,"Glucose, 2h",Standard,"Capillary, whole blood",HemoCue,UO5,25,food,106,microwaved,name
1572,"Microwave Popping Corn, butter flavor, President's Choice® Blue Menu™ (Loblaw Brands Limited, Canada)",SNACK FOODS AND CONFECTIONERY,Popcorn,Canada,2004-2007,72,8,18,Normal,10,50,,"Bread, 2h",Standard,"Capillary, whole blood",YSI,UO7,25,food,106,microwaved,name
,"Popcorn, mean of five studies",SNACK FOODS AND CONFECTIONERY,Popcorn,,,62,,,,,,,,,,,,25,mean,106,,
1573,"Potato chips, crinkle cut, Smith’s™ Original",SNACK FOODS AND CONFECTIONERY,Potato crisps,Australia,2012,48,5,12,Normal,10,50,113.4,"Glucose, 2h",Standard,"Capillary, plasma",Enzymatic,5 UO,25,food,106,,
1574,"Potato chips, Pringles™ Original",SNACK FOODS AND CONFECTIONERY,Potato crisps,Australia,2012,57,5,14,Normal,10,50,96.2,"Glucose, 2h",Standard,"Capillary, plasma",Enzymatic,5 UO,25,food,106,,
1575,Potato crisps,SNACK FOODS AND CONFECTIONERY,Potato crisps,China,2005,60,2,15,Normal,10,50,,"Glucose, 2h",Standard,"Venous, NS",NS,12,25,food,106,,
1576,"Baked potato chips (Baked Lays, Original Potato Crisps)",SNACK FOODS AND CONFECTIONERY,Potato crisps,Canada,2009,72,6,18,Normal,10,50,66,"Bread, 2h",Standard,"Capillary, whole blood",YSI,110,25,food,106,baked,name
1577,"Baked potato chips (Baked Lays, Original Potato Crisps)",SNACK FOODS AND CONFECTIONERY,Potato crisps,Canada,2009,71,8,18,Normal,10,50,66,"Bread, 2h",Standard,"Capillary, whole blood",YSI,110,25,food,106,baked,name
,"Potato crisps, mean of five studies",SNACK FOODS AND CONFECTIONERY,Potato crisps,,,56,,,,,,,,,,,,25,mean,106,,
1578,"Sweet potato crisps, Red Rock Deli™ (The Red Rock Deli Chip Company, VIC, Australia)",SNACK FOODS AND CONFECTIONERY,Potato crisps,Australia,2016,41,4,10,Normal,10,25,60.7,"Glucose, 2h",Standard,"Capillary, plasma",Enzymatic,UO5,25,food,106,,
1579,"Soy based snack product, SoyCarat Cheese flavor (Otsuka Pharmaceutical Co, Ltd, Japan)",SNACK FOODS AND CONFECTIONERY,Soy snacks,Japan,2014,44,4,11,Normal,10,50,125.5,"Glucose, 2h",Standard,"Capillary, plasma",Enzymatic,UO5,25,food,107,,
1580,"Soy based snack product, SoyCarat Olive Oil & Garlic flavor (Otsuka Pharmaceutical Co, Ltd, Japan)",SNACK FOODS AND CONFECTIONERY,Soy snacks,Japan,2014,41,4,10,Normal,10,50,109.4,"Glucose, 2h",Standard,"Capillary, plasma",Enzymatic,UO5,25,food,107,,
1581,"Soy based snack product, SoyCarat Nori & Natto flavor (Otsuka Pharmaceutical Co, Ltd, Japan)",SNACK FOODS AND CONFECTIONERY,Soy snacks,Japan,2014,37,5,9,Normal,10,50,107.6,"Glucose, 2h",Standard,"Capillary, plasma",Enzymatic,UO5,25,food,107,,
1582,"Sunshine™ soy protein chips, lightly salted (Revival Soy®, Physicians Pharmaceuticals, Inc., USA)",SNACK FOODS AND CONFECTIONERY,Soy snacks,USA,2004,87,8,22,Normal,10,25,48.1,"Glucose, 2h",Standard,"Capillary, whole blood",HemoCue,21,25,food,107,,
1583,Puffed rice squares,SNACK FOODS AND CONFECTIONERY,Other savory snacks,Czech Republic,2005,77,5,19,Normal,20,50,60.3,"Glucose, 2h","0,15,30,45, 60,75,90, 105,120","Capillary, whole blood",Glucometer 9,84,25,food,107,popped,name
1584,Wasabi peas,SNACK FOODS AND CONFECTIONERY,Other savory snacks,Australia,2018,41,4,10,Normal,10,25,44.0,"Glucose, 2h",Standard,"Capillary, plasma",Enzymatic,5 UO,25,food,107,,
1585,"Almond Chocolate (Meiji Co. Ltd, Japan)",SNACK FOODS AND CONFECTIONERY,Sweet snack foods,Japan,2019,24,2,6,Normal,10,50,115.7,"Glucose, 2h",Standard,"Capillary, plasma",Enzymatic,5 UO,25,food,107,,
1586,"Chocolate crinkles, containing wheat flour and coconut flour",SNACK FOODS AND CONFECTIONERY,Sweet snack foods,Philippines,2002,44,4,11,Normal,10,50,,"Bread, 2h",Standard,"Capillary, serum",Enzymatic,2,25,food,107,,
1587,"® Chocolate, dark, Dove (M&M/Mars, USA)",SNACK FOODS AND CONFECTIONERY,Sweet snack foods,USA,2005,23,3,6,Normal,10,50,95.0,"Glucose, 2h",Standard,"Capillary, plasma",Enzymatic,5 UO,25,food,107,,
1588,"Chocolate, dark, 74% Cocoa (Alpes d'Or, Hangzhou Qiaokemei, China)",SNACK FOODS AND CONFECTIONERY,Sweet snack foods,China,2019,44,6,11,Normal,12,25,83.3,"Glucose, 2h",Standard,"Capillary, plasma",Enzymatic,UO18,25,food,107,,
1589,"Chocolate Kouka Cacao 86% (Meiji Co. Ltd, Japan)",SNACK FOODS AND CONFECTIONERY,Sweet snack foods,Japan,2018,18,2,5,Normal,10,50,103.3,"Glucose, 2h",Standard,"Capillary, plasma",Enzymatic,UO5,25,food,107,,
1590,"Chocolate Kouka Cacao 72% (Meiji Co. Ltd, Japan)",SNACK FOODS AND CONFECTIONERY,Sweet snack foods,Japan,2018,29,4,7,Normal,10,50,71.4,"Glucose, 2h",Standard,"Capillary, plasma",Enzymatic,UO5,25,food,107,,
,"Chocolate dark, mean of four foods",SNACK FOODS AND CONFECTIONERY,Sweet snack foods,,,29,,,,,,,,,,,,25,mean,107,,
1591,"Chocolate, dark with raisins, peanuts and jam",SNACK FOODS AND CONFECTIONERY,Sweet snack foods,Czech Republic,2005,44,5,11,Normal,20,50,91.9,"Glucose, 2h","0,15,30,45, 60,75,90, 105,120","Capillary, whole blood",Glucometer 9,84,25,food,107,,
1592,"Chocolate, milk, Meiji brand (Meiji Co. Ltd, Japan)",SNACK FOODS AND CONFECTIONERY,Sweet snack foods,Japan,2018,39,3,10,Normal,10,50,47.9,"Glucose, 2h",Standard,"Capillary, plasma",Enzymatic,5 UO,25,food,107,,
1593,"Chocolate, milk, Dove® (Mars Confectionery, Ballarat, Australia)",SNACK FOODS AND CONFECTIONERY,Sweet snack foods,Australia,1997,45,8,11,"Normal, 10-",12,50,,"Bread, 2h",Standard,"Capillary, plasma",Enzymatic,25,25,food,107,,
1594,"Chocolate, milk (Milka, Mondelez, Italy)",SNACK FOODS AND CONFECTIONERY,Sweet snack foods,production Italy,2012,54,5,14,number) Normal,10,,,"period Glucose, 2h",Standard,"Capillary, whole blood",method 4 YSI,3,25,food,108,,
1595,"Chocolate, milk (Nestlé, Sydney, NSW, Australia)",SNACK FOODS AND CONFECTIONERY,Sweet snack foods,Australia,2000,42,8,11,Normal,10,50,,"Glucose, 2h",Standard,"Capillary, plasma",Enzymatic,UO5,25,food,108,,
,"Chocolate, milk, plain, mean of four studies",SNACK FOODS AND CONFECTIONERY,Sweet snack foods,,,45,,,,,,,,,,,,25,mean,108,,
1596,"Milk chocolate egg (Ovetto cioccolato, Dolci Preziosi, Italy)",SNACK FOODS AND CONFECTIONERY,Sweet snack foods,Italy,2012,48,9,12,Normal,10,25,43,"Glucose, 2h",Standard,"Capillary, whole blood",YSI,3,25,food,108,,
1597,"Chocolate, NS",SNACK FOODS AND CONFECTIONERY,Sweet snack foods,China,2005,49,3,12,Normal,10,50,,"Glucose, 2h",Standard,"Venous, NS",NS,12,25,food,108,,
1598,"Chocolate, white, Lindt™ Lindor",SNACK FOODS AND CONFECTIONERY,Sweet snack foods,Switzerland,2012,34,4,9,Normal,10,25,58.0,"Glucose, 2h",Standard,"Capillary, plasma",Enzymatic,UO5,25,food,108,,
1599,"Chocolate, white, Milky Bar® (Nestlé, Australia)",SNACK FOODS AND CONFECTIONERY,Sweet snack foods,Australia,2012,41,6,10,Normal,10,50,90.6,"Glucose, 2h",Standard,"Capillary, plasma",Enzymatic,UO5,25,food,108,,
1600,"Chocolate, white, Milky Bar® (Nestlé, Australia)",SNACK FOODS AND CONFECTIONERY,Sweet snack foods,Australia,2000,44,6,11,Normal,10,50,85.9,"Glucose, 2h",Standard,"Capillary, plasma",Enzymatic,UO5,25,food,108,,
1601,"White chocolate bar (Galak, Nestlè, Italy)",SNACK FOODS AND CONFECTIONERY,Sweet snack foods,Italy,2012,44,5,11,Normal,10,25,41,"Glucose, 2h",Standard,"Capillary, whole blood",YSI,3,25,food,108,,
,"Chocolate, white, mean of four studies",SNACK FOODS AND CONFECTIONERY,Sweet snack foods,,,41,,,,,,,,,,,,25,mean,108,,
1602,"Chocolate candy, sugar free, Dove® (M&M/Mars, USA)",SNACK FOODS AND CONFECTIONERY,Sweet snack foods,USA,2005,23,3,6,Normal,10,25,83.3,"Glucose, 2h",Standard,"Capillary, plasma",Enzymatic,UO5,25,food,108,,
1603,"Cocoavia™ high flavanol chocolate covered almonds (M&M/Mars, USA)",SNACK FOODS AND CONFECTIONERY,Sweet snack foods,USA,2005,21,3,5,Normal,10,25,144.4,"Glucose, 2h",Standard,"Capillary, plasma",Enzymatic,UO5,25,food,108,,
1604,"Chocolate coated wafer, with whole hazelnut and chocolate cream filling, Duplo nocciolato (Ferrero, Italy)",SNACK FOODS AND CONFECTIONERY,Sweet snack foods,Italy,2012,59,6,15,Normal,10,25,54,"Glucose, 2h",Standard,"Capillary, whole blood",YSI,3,25,food,108,,
1605,"Chocolate coated chocolate soaked cookie, Galbo Chocolate (Meiji Co. Ltd, Japan)",SNACK FOODS AND CONFECTIONERY,Sweet snack foods,Japan,2019,37,4,9,Normal,10,50,97.7,"Glucose, 2h",Standard,"Capillary, plasma",Enzymatic,UO5,25,food,108,,
1606,"Jelly, made from commercial jelly crystals, Raspberry Razzle flavor (Aeroplane Jelly Company, West Ryde, Australia), prepared with water",SNACK FOODS AND CONFECTIONERY,Sweet snack foods,Australia,2005,53,6,13,Normal,10,50,342.5,"Glucose, 2h",Standard,"Capillary, plasma",Enzymatic,UO5,25,food,108,,
1607,"Jelly beans, assorted colors (Savings, Grocery Holdings, Tooronga, Australia)",SNACK FOODS AND CONFECTIONERY,Sweet snack foods,Australia,1998,76,6,19,Normal,12,50,,"Bread, 2h",Standard,"Capillary, plasma",Enzymatic,UO5,25,food,108,,
1608,"Kinder Joy/ Merendero (Hazelnut and vanilla cream, with wafer balls coated with chocolate and hazelnut crumbs) (Kinder, Ferrero, Italy)",SNACK FOODS AND CONFECTIONERY,Sweet snack foods,Italy,2012,42,5,11,Normal,10,25,43,"Glucose, 2h",Standard,"Capillary, whole blood",YSI,3,25,food,108,,
1609,"Kinder Softy nocciola (Praline with hazelnut cream ) (Kinder, Ferrero, Italy)",SNACK FOODS AND CONFECTIONERY,Sweet snack foods,Italy,2012,43,7,11,Normal,10,25,51,"Glucose, 2h",Standard,"Capillary, whole blood",YSI,3,25,food,108,,
1610,Licorice pieces,SNACK FOODS AND CONFECTIONERY,Sweet snack foods,production Australia,2012,69,8,17,number) Normal,10,,,"period Glucose, 2h",Standard,"Capillary, plasma",method 4 Enzymatic,UO5,25,food,109,,
1611,"Licorice, soft (Coles Supermarkets, Australia)",SNACK FOODS AND CONFECTIONERY,Sweet snack foods,Australia,2003,78,11,20,Normal,10,50,70.9,"Glucose, 2h",Standard,"Capillary, whole blood",HemoCue,UO5,25,food,109,,
1612,"Macadamia Chocolate (Meiji Co. Ltd, Japan)",SNACK FOODS AND CONFECTIONERY,Sweet snack foods,Japan,30,24,2,6,Normal,10,50,113.6,"Glucose, 2h",Standard,"Capillary, plasma",Enzymatic,UO5,25,food,109,,
1613,"M&M's® , peanut (Mars Confectionery, Australia)",SNACK FOODS AND CONFECTIONERY,Sweet snack foods,Australia,1997,33,3,8,"Normal, 10-",12,50,,"Bread, 2h",Standard,"Capillary, plasma",Enzymatic,25,25,food,109,,
1614,"Mars Bar® (Mars Confectionery, Australia)",SNACK FOODS AND CONFECTIONERY,Sweet snack foods,Australia,1997,62,8,16,"Normal, 10-",12,50,,"Bread, 2h",Standard,"Capillary, plasma",Enzymatic,25,25,food,109,,
1615,"Marshmallows (Candy Lane, Australia)",SNACK FOODS AND CONFECTIONERY,Sweet snack foods,Australia,2003,62,6,16,Normal,10,50,62.3,"Glucose, 2h",Standard,"Capillary, plasma",Enzymatic,UO5,25,food,109,,
1616,"Marshmallows (Woolworths Homebrand, Australia)",SNACK FOODS AND CONFECTIONERY,Sweet snack foods,Australia,2012,67,4,17,Normal,10,50,59.1,"Glucose, 2h",Standard,"Capillary, plasma",Enzymatic,UO5,25,food,109,,
1617,"Nutella® , chocolate hazelnut spread (Ferrero Australia, Milson's Point, NSW, Australia)",SNACK FOODS AND CONFECTIONERY,Sweet snack foods,Australia,1997,33,4,8,"Normal, 10-",12,50,,"Bread, 2h",Standard,"Capillary, plasma",Enzymatic,25,25,food,109,,
1618,"Nutella® , chocolate hazelnut spread (Ferrero Australia, Australia)",SNACK FOODS AND CONFECTIONERY,Sweet snack foods,Australia,2003,30,4,8,Normal,10,50,,"Glucose, 2h",Standard,"Capillary, whole blood",HemoCue,UO5,25,food,109,,
1619,"Nutella® , chocolate hazelnut spread (Ferrero Australia, Australia)",SNACK FOODS AND CONFECTIONERY,Sweet snack foods,Australia,2007,25,4,6,Normal,10,50,91.4,"Glucose, 2h",Standard,"Capillary, whole blood",HemoCue,UO5,25,food,109,,
1620,"Nutella® (Ferrero, Italy)",SNACK FOODS AND CONFECTIONERY,Sweet snack foods,Italy,2012,45,4,11,Normal,10,25,44,"Glucose, 2h",Standard,"Capillary, whole blood",YSI,3,25,food,109,,
,"Nutella®, mean of four studies",SNACK FOODS AND CONFECTIONERY,Sweet snack foods,,,33,,,,,,,,,,,,25,mean,109,,
1621,"Nutella & Go (Hazelnut chocolate spread with breadsticks) (Ferrero, Italy)",SNACK FOODS AND CONFECTIONERY,Sweet snack foods,Italy,2012,57,9,14,Normal,10,25,41,"Glucose, 2h",Standard,"Capillary, whole blood",YSI,3,25,food,109,,
1622,"Nutella B-ready (Wafer bar, hazelnut cream-filled ) (Ferrero, Italy)",SNACK FOODS AND CONFECTIONERY,Sweet snack foods,Italy,2012,55,7,14,Normal,10,25,43,"Glucose, 2h",Standard,"Capillary, whole blood",YSI,3,25,food,109,,
1623,"Pocket Coffee (Praline, with coffee cream ) (Ferrero, Italy)",SNACK FOODS AND CONFECTIONERY,Sweet snack foods,Italy,2014,58,9,15,Normal,10,25,43,"Glucose, 2h",Standard,"Capillary, whole blood",YSI,3,25,food,109,,
1624,"Pop Tarts™, double choc (Kellogg's, Australia)",SNACK FOODS AND CONFECTIONERY,Sweet snack foods,Australia,2000,70,2,18,Normal,10,50,74.4,"Glucose, 2h",Standard,"Capillary, whole blood",HemoCue,UO5,25,food,109,,
1625,"Raffaello (Ferrero, Italy)",SNACK FOODS AND CONFECTIONERY,Sweet snack foods,Italy,2014,52,7,13,Normal,10,25,66,"Glucose, 2h",Standard,"Capillary, whole blood",YSI,3,25,food,109,,
1626,"Rocher (Ferrero, Italy)",SNACK FOODS AND CONFECTIONERY,Sweet snack foods,Italy,2014,53,6,13,Normal,10,25,56,"Glucose, 2h",Standard,"Capillary, whole blood",YSI,3,25,food,109,,
1627,"Rondnoir (Ferrero, Italy)",SNACK FOODS AND CONFECTIONERY,Sweet snack foods,production Italy,2014,53,7,13,number) Normal,10,,,"period Glucose, 2h",Standard,"Capillary, whole blood",method 4 YSI,3,25,food,110,,
1628,"Rum balls, containing dark chocolate and coconut",SNACK FOODS AND CONFECTIONERY,Sweet snack foods,Australia,2009,50,6,13,Normal,10,50,89.3,"Glucose, 2h",Standard,"Capillary, plasma",Enzymatic,UO5,25,food,110,,
1629,"Skittles® (Mars Confectionery, Australia)",SNACK FOODS AND CONFECTIONERY,Sweet snack foods,Australia,1997,70,5,18,"Normal, 10-",12,50,,"Bread, 2h",Standard,"Capillary, plasma",Enzymatic,25,25,food,110,,
1630,"Slush, lemon (Granigel la granita classica siciliana, Dolfin, Italy)",SNACK FOODS AND CONFECTIONERY,Sweet snack foods,Italy,2009,66,8,17,Normal,10,25,149,"Glucose, 2h",Standard,"Capillary, whole blood",YSI,3,25,food,110,,
1631,"Sorbet, caffè/cappuccino (GranSoleil Gran dessert Caffè/Cappuccino, Ferrero, Italy)",SNACK FOODS AND CONFECTIONERY,Sweet snack foods,Italy,2009,62,5,16,Normal,9,25,91,"Glucose, 2h",Standard,"Capillary, whole blood",YSI,3,25,food,110,,
1632,"Sorbet, lemon (GranSoleil Gran dessert Limone, Ferrero, Italy)",SNACK FOODS AND CONFECTIONERY,Sweet snack foods,Italy,2009,58,7,15,Normal,9,25,86,"Glucose, 2h",Standard,"Capillary, whole blood",YSI,3,25,food,110,,
1633,"Sorbet, lemon (Sorbetto al limone, Carte d’or, Algida, Italy)",SNACK FOODS AND CONFECTIONERY,Sweet snack foods,Italy,2009,72,6,18,Normal,9,25,96,"Glucose, 2h",Standard,"Capillary, whole blood",YSI,3,25,food,110,,
1634,"Sorbet, vanilla (GranSoleil Gran dessert Vaniglia, Ferrero, Italy)",SNACK FOODS AND CONFECTIONERY,Sweet snack foods,Italy,2009,57,8,14,Normal,9,25,107,"Glucose, 2h",Standard,"Capillary, whole blood",YSI,3,25,food,110,,
1635,"Sour Straws, strawberry flavor, gummy/chewy confectionery",SNACK FOODS AND CONFECTIONERY,Sweet snack foods,Australia,2017,76,7,19,Normal,10,25,31.3,"Glucose, 2h",Standard,"Capillary, plasma",Enzymatic,UO5,25,food,110,,
1636,"Yummiees lollies (Allseps Pty. Ltd., Australia)",SNACK FOODS AND CONFECTIONERY,Sweet snack foods,Australia,2006,43,3,11,Normal,14,50,71.1,"Glucose, 2h",Standard,"Capillary, whole blood",HemoCue,UO10,25,food,110,,
1637,"Cold-pressed bar, made with 22.1 g maltodextrin (Globe Plus 10 DE maltodextrin) and 21.8 g corn syrup (Globe Plus 63 DE Maltodextrin)",SNACK FOODS AND CONFECTIONERY,Snack bars,USA,2017*,93,8,23,Normal,14,50,70,"Glucose, 2h",Standard,"Capillary, whole blood",YSI,111,25,food,110,,
1638,"Cold-pressed bar, made with 24.9 g SDS (SUSTRA™ 2434 slowly digestible carbohydrate) (Ingredion Incorporated, Bridgewater, NJ) and 18.9 g corn syrup (Globe Plus 63 DE Maltodextrin)",SNACK FOODS AND CONFECTIONERY,Snack bars,USA,2017*,50,5,13,Normal,14,50,72,"Glucose, 2h",Standard,"Capillary, whole blood",YSI,111,25,food,110,,
1639,"Chewy Chocolate Chip & Marshmallow Granola bar, President's Choice® Blue Menu™ (Loblaw Brands Limited, Canada)",SNACK FOODS AND CONFECTIONERY,Snack bars,Canada,2007,78,6,20,Normal,10,50,65.0,"Bread, 2h",Standard,"Capillary, whole blood",YSI,UO7,25,food,110,,
1640,"Chewy Cranberry Apple Granola Bar, President's Choice® Blue Menu™(Loblaw Brands Limited, Canada)",SNACK FOODS AND CONFECTIONERY,Snack bars,Canada,2007,58,5,15,Normal,10,50,65.0,"Bread, 2h",Standard,"Capillary, whole blood",YSI,UO7,25,food,110,,
1641,"Chocolate Healtheries Simple bar, wheat and gluten free (Aussie Bodies Pty. Ltd., Australia)",SNACK FOODS AND CONFECTIONERY,Snack bars,Australia,2007,35,3,9,Normal,15,50,91.7,"Glucose, 2h",Standard,"Capillary, whole blood",HemoCue,UO10,25,food,110,,
1642,"Cocoavia™ high flavanol chocolate almond Snack bar (M&M/Mars, USA)",SNACK FOODS AND CONFECTIONERY,Snack bars,production USA,2005,63,7,16,number) Normal,10,,,"period Glucose, 2h",Standard,"Capillary, plasma",method 4 Enzymatic,UO5,25,food,111,,
1643,"Cocoavia™ Crispy Chocolate bar (M&M/Mars, USA)",SNACK FOODS AND CONFECTIONERY,Snack bars,USA,2005,33,5,8,Normal,10,50,100.0,"Glucose, 2h",Standard,"Capillary, plasma",Enzymatic,UO5,25,food,111,,
1644,"ExtendBar™ Apple Cinnamon Delight bar (ExtendBar, USA)",SNACK FOODS AND CONFECTIONERY,Snack bars,USA,2004,33,7,8,Normal,10,25,83.3,"Glucose, 2h",Standard,"Capillary, plasma",Enzymatic,UO5,25,food,111,,
1645,"ExtendBar™ Chocolate Delight bar (ExtendBar, USA)",SNACK FOODS AND CONFECTIONERY,Snack bars,USA,2004,41,6,10,Normal,10,25,62.5,"Glucose, 2h",Standard,"Capillary, plasma",Enzymatic,UO5,25,food,111,,
1646,"ExtendBar™ Peanut Delight bar (ExtendBar, USA)",SNACK FOODS AND CONFECTIONERY,Snack bars,USA,2004,32,5,8,Normal,10,25,62.5,"Glucose, 2h",Standard,"Capillary, plasma",Enzymatic,UO5,25,food,111,,
1647,"Fruit and Nuts Superfoods bar (SoLo GI Nutrition, Inc, Canada)",SNACK FOODS AND CONFECTIONERY,Snack bars,Canada,2018,40,6,10,Normal,10,25,71.4,"Glucose, 2h",Standard,"Capillary, whole blood",YSI,UO7,25,food,111,,
1648,"Granola bar, containing wheat flour and coconut flour",SNACK FOODS AND CONFECTIONERY,Snack bars,Philippines,2002,46,3,12,Normal,10,50,,"Bread, 2h",Standard,"Capillary, serum",Enzymatic,2,25,food,111,,
1649,"Griffin's Fruitli bar, apricot (Griffins, Auckland, New Zealand)",SNACK FOODS AND CONFECTIONERY,Snack bars,New Zealand,2010*,54,5,14,Normal,20,50,85,"Glucose, 2h",Standard,"Capillary, whole blood",HemoCue,112,25,food,111,,
1650,"Kinder Bueno white (Wafer bar, milk and hazelnut spread- filled, coated white chocolate) (Kinder, Ferrero, Italy)",SNACK FOODS AND CONFECTIONERY,Snack bars,Italy,2012,47,5,12,Normal,10,25,48,"Glucose, 2h",Standard,"Capillary, whole blood",YSI,3,25,food,111,,
1651,"Kinder Choco fresh (Chocolate bar, milk cream-filled, fresh) (Kinder, Ferrero, Italy)",SNACK FOODS AND CONFECTIONERY,Snack bars,Italy,2012,55,5,14,Normal,10,25,62,"Glucose, 2h",Standard,"Capillary, whole blood",YSI,3,25,food,111,,
1652,"Kinder Happy Hippo (Wafer bar, milk and hazelnut spread- filled, partially coated with white chocolate) (Kinder, Ferrero)",SNACK FOODS AND CONFECTIONERY,Snack bars,Italy,2014,47,4,12,Normal,10,25,50,"Glucose, 2h",Standard,"Capillary, whole blood",YSI,3,25,food,111,,
1653,"Kinder Maxi king (Milk cream bar, sponge cake-filled, coated with chocolate and hazelnut crumbs, fresh) (Kinder, Ferrero, Italy)",SNACK FOODS AND CONFECTIONERY,Snack bars,Italy,2012,58,7,15,Normal,10,25,65,"Glucose, 2h",Standard,"Capillary, whole blood",YSI,3,25,food,111,,
1654,"Kinder Pinguì cacao (Milk cream bar, sponge cake-filled, coated with chocolate, fresh ) (Kinder, Ferrero, Italy)",SNACK FOODS AND CONFECTIONERY,Snack bars,Italy,2012,51,5,13,Normal,10,25,64,"Glucose, 2h",Standard,"Capillary, whole blood",YSI,3,25,food,111,,
1655,"Kinder Pinguì cocco (Milk cream bar, sponge cake-filled, coated with chocolate and coconut, fresh) (Kinder, Ferrero, Italy)",SNACK FOODS AND CONFECTIONERY,Snack bars,Italy,2012,53,6,13,Normal,10,25,65,"Glucose, 2h",Standard,"Capillary, whole blood",YSI,3,25,food,111,,
1656,"KitKat (Nestlè, Italy)",SNACK FOODS AND CONFECTIONERY,Snack bars,Italy,2012,50,7,13,Normal,10,25,40,"Glucose, 2h",Standard,"Capillary, whole blood",YSI,3,25,food,111,,
1657,"Kudos Milk Chocolate Granola bar with M&M's Milk Chocolate Mini Baking Bits (M&M/Mars, USA)",SNACK FOODS AND CONFECTIONERY,Snack bars,USA,2003,52,4,13,Normal,10,50,69.0,"Glucose, 2h",Standard,"Capillary, plasma",Enzymatic,UO5,25,food,111,baked,name
1658,"Kudos Whole-Grain bars, chocolate chip (M&M/Mars, Hackettstown, USA)",SNACK FOODS AND CONFECTIONERY,Snack bars,USA,1997,62,8,16,"Normal, 10-",12,50,74.7,"Bread, 2h",Standard,"Capillary, plasma",Enzymatic,25,25,food,111,,
1659,"Kudos Milk Chocolate Granola bars, Peanut Butter flavor (M&M/Mars, USA)",SNACK FOODS AND CONFECTIONERY,Snack bars,production USA,2003,45,6,11,number) Normal,10,,,"period Glucose, 2h",Standard,"Capillary, plasma",method 4 Enzymatic,UO5,25,food,112,,
1660,"Milky Way® bar (M&M/Mars, USA)",SNACK FOODS AND CONFECTIONERY,Snack bars,USA,1997,62,8,16,"Normal, 10-",12,50,,"Bread, 2h",Standard,"Capillary, plasma",Enzymatic,UO5,25,food,112,,
1661,"Milky Way® Lite bar (M&M/Mars, USA)",SNACK FOODS AND CONFECTIONERY,Snack bars,USA,1997,45,5,11,"Normal, 10-",12,50,,"Bread, 2h",Standard,"Capillary, plasma",Enzymatic,UO5,25,food,112,,
1662,"Munch Peanut Butter bar (M&M/Mars, USA)",SNACK FOODS AND CONFECTIONERY,Snack bars,USA,2004,27,5,7,Normal,10,50,134.4,"Glucose, 2h",Standard,"Capillary, plasma",Enzymatic,UO5,25,food,112,,
1663,"Nuts and Seeds Superfoods bar (SoLo GI Nutrition, Inc, Canada)",SNACK FOODS AND CONFECTIONERY,Snack bars,Canada,2018,33,6,8,Normal,10,25,90.9,"Glucose, 2h",Standard,"Capillary, whole blood",YSI,UO7,25,food,112,,
1664,"Nutbutter bar (SoLo GI Nutrition, Inc, Canada, Canada)",SNACK FOODS AND CONFECTIONERY,Snack bars,Canada,2018,22,1,6,Normal,10,25,89.6,"Glucose, 2h",Standard,"Capillary, whole blood",YSI,UO7,25,food,112,,
1665,"Omega bar, containing linseeds, sunflower kernels and nuts, gluten-free (Freedom Foods, Australia)",SNACK FOODS AND CONFECTIONERY,Snack bars,Australia,2007,21,2,5,Normal,9,50,118.8,"Glucose, 2h",Standard,"Capillary, whole blood",HemoCue,UO10,25,food,112,,
1666,"Peak Fuel Summit bar, Peanut Brownie (Peak Fuel, Hamner Springs, New Zealand)",SNACK FOODS AND CONFECTIONERY,Snack bars,New Zealand,2010*,60,5,15,Normal,20,50,114,"Glucose, 2h",Standard,"Capillary, whole blood",HemoCue,112,25,food,112,,
1667,"Peanut Butter Chocolate Pal™ bar (Revival Soy® , Physicians Pharmaceuticals, Inc., USA)",SNACK FOODS AND CONFECTIONERY,Snack bars,USA,2004,52,4,13,Normal,10,25,48.4,"Glucose, 2h",Standard,"Capillary, whole blood",HemoCue,21,25,food,112,,
1668,"60% Whole Wheat Fig Fruit bar, President's Choice® Blue Menu™ (Loblaw Brands Limited, Canada)",SNACK FOODS AND CONFECTIONERY,Snack bars,Canada,2007,72,6,18,Normal,10,50,69.0,"Bread, 2h",Standard,"Capillary, whole blood",YSI,UO7,25,food,112,,
1669,"Snack bar, Apple Cinnamon (Con Agra Inc., Omaha, NE, USA)",SNACK FOODS AND CONFECTIONERY,Snack bars,USA,1999,40,8,10,Normal,10,50,85.2,"Bread, 2h",Standard,"Capillary, plasma",Enzymatic,UO5,25,food,112,,
1670,"Snack bar, Peanut Butter and Choc-Chip (Con Agra Inc., USA)",SNACK FOODS AND CONFECTIONERY,Snack bars,USA,1999,37,6,9,Normal,10,50,91.6,"Bread, 2h",Standard,"Capillary, plasma",Enzymatic,UO5,25,food,112,,
1671,"Soy Joy Fruit & Soy Bar® , Apple (Otsuka Pharmaceutical Co Ltd, Tokyo, Japan)",SNACK FOODS AND CONFECTIONERY,Snack bars,Japan,2007,19,2,5,Normal,10,50,130.4,"Glucose, 2h",Standard,"Capillary, plasma",Enzymatic,UO5,25,food,112,,
1672,"Soy Joy Fruit & Soy Bar® , Apricot (Otsuka Pharmaceutical Co Ltd, Tokyo, Japan)",SNACK FOODS AND CONFECTIONERY,Snack bars,Japan,2007,27,4,7,Normal,10,50,127.1,"Glucose, 2h",Standard,"Capillary, plasma",Enzymatic,UO5,25,food,112,,
1673,"Soy Joy Fruit & Soy Bar® , Chocolate Orange (Otsuka Pharmaceutical Co Ltd, Tokyo, Japan)",SNACK FOODS AND CONFECTIONERY,Snack bars,Japan,2007,41,7,10,Normal,10,50,127.1,"Glucose, 2h",Standard,"Capillary, plasma",Enzymatic,UO5,25,food,112,,
1674,"Soy Joy Fruit & Soy Bar® , Mango Coconut (Otsuka Pharmaceutical Co Ltd, Tokyo, Japan)",SNACK FOODS AND CONFECTIONERY,Snack bars,Japan,2007,28,2,7,Normal,10,50,131.6,"Glucose, 2h",Standard,"Capillary, plasma",Enzymatic,UO5,25,food,112,,
1675,"Soy Joy Fruit & Soy Bar® , Plum + Fe (Otsuka Pharmaceutical Co Ltd, Tokyo, Japan)",SNACK FOODS AND CONFECTIONERY,Snack bars,Japan,2007,25,3,6,Normal,10,50,122.0,"Glucose, 2h",Standard,"Capillary, plasma",Enzymatic,UO5,25,food,112,,
1676,"Soy Joy Fruit & Soy Bar® , Plum + Folic acid (Otsuka Pharmaceutical Co Ltd, Tokyo, Japan)",SNACK FOODS AND CONFECTIONERY,Snack bars,production Japan,2007,27,2,7,number) Normal,10,,,"period Glucose, 2h",Standard,"Capillary, plasma",method 4 Enzymatic,UO5,25,food,113,,
1677,"Soy Joy Fruit & Soy Bar® , Raisin Almond (Otsuka Pharmaceutical Co Ltd, Tokyo, Japan)",SNACK FOODS AND CONFECTIONERY,Snack bars,Japan,2007,28,4,7,Normal,10,50,128.2,"Glucose, 2h",Standard,"Capillary, plasma",Enzymatic,UO5,25,food,113,,
1678,"Soy Joy Fruit & Soy Bar® , Sanzashi (Otsuka Pharmaceutical Co Ltd, Tokyo, Japan)",SNACK FOODS AND CONFECTIONERY,Snack bars,Japan,2007,29,5,7,Normal,10,50,109.5,"Glucose, 2h",Standard,"Capillary, plasma",Enzymatic,UO5,25,food,113,,
1679,"Soy Joy Fruit & Soy Bar® , Strawberry (Otsuka Pharmaceutical Co Ltd, Tokyo, Japan)",SNACK FOODS AND CONFECTIONERY,Snack bars,Japan,2007,33,2,8,Normal,9,50,120.0,"Glucose, 2h",Standard,"Capillary, plasma",Enzymatic,UO5,25,food,113,,
1680,"Trim bar, Chocorama (Aussie Bodies Pty. Ltd., Australia)",SNACK FOODS AND CONFECTIONERY,Snack bars,Australia,2007,31,3,8,Normal,10,50,181.2,"Glucose, 2h",Standard,"Capillary, whole blood",HemoCue,UO10,25,food,113,,
1681,"Trim bar, Mocha flavor (Aussie Bodies Pty. Ltd., Australia)",SNACK FOODS AND CONFECTIONERY,Snack bars,Australia,2007,25,3,6,Normal,10,50,215.5,"Glucose, 2h",Standard,"Capillary, whole blood",HemoCue,UO10,25,food,113,,
1682,"Tronky Nocciola (Wafer bar, hazelnut cream-filled with hazelnut crumbs ) (Ferrero, Italy)",SNACK FOODS AND CONFECTIONERY,Snack bars,Italy,2012,61,7,15,Normal,10,25,48,"Glucose, 2h",Standard,"Capillary, whole blood",YSI,3,25,food,113,,
1683,"Twix® Cookie Bar, caramel (M&M/Mars, USA)",SNACK FOODS AND CONFECTIONERY,Snack bars,USA,1997,44,6,11,"Normal, 10-",12,50,,"Bread, 2h",Standard,"Capillary, plasma",Enzymatic,25,25,food,113,,
1684,"Chocolate Cherry Almond bar (Beachbody, LLC, USA)",SNACK FOODS AND CONFECTIONERY,Sports (Energy) bars,USA,2019,22,2,6,Normal,10,25,86.5,"Glucose, 2h",Standard,"Capillary, plasma",YSI,7 UO,25,food,113,,
1685,"Clif bar, Chocolate Brownie Energy bar (Clif Bar Inc., Berkeley, USA)",SNACK FOODS AND CONFECTIONERY,Sports (Energy) bars,USA,2006,57,6,14,Normal,10,50,85.0,"Glucose, 2h",Standard,"Capillary, plasma",Enzymatic,UO5,25,food,113,,
1686,"Energy bar, containing with soy protein isolate, peanut butter and corn syrup",SNACK FOODS AND CONFECTIONERY,Sports (Energy) bars,Australia,2014*,45,6,11,Normal,10,50,97,"Glucose, 2h",Standard,"Capillary, plasma",Enzymatic,17,25,food,113,,
1687,Energy bar with 2.0 g Filtered Molasses Concentrate added per 100 g (4.01 g FMC/100 gcarbohydrate),SNACK FOODS AND CONFECTIONERY,Sports (Energy) bars,Australia,2014*,40,4,10,Normal,10,50,100,"Glucose, 2h",Standard,"Capillary, plasma",Enzymatic,17,25,food,113,,
1688,"Peanut Butter Chocolate bar (Beachbody, LLC)",SNACK FOODS AND CONFECTIONERY,Sports (Energy) bars,USA,2019,32,4,8,Normal,10,25,94.0,"Glucose, 2h",Standard,"Capillary, plasma",YSI,UO7,25,food,113,,
1689,"Performance Chocolate Energy bar (Power Bar, USA)",SNACK FOODS AND CONFECTIONERY,Sports (Energy) bars,USA,2006,53,6,13,Normal,9,50,77.4,"Glucose, 2h",Standard,"Capillary, plasma",Enzymatic,UO5,25,food,113,,
1690,"Power Bar® , chocolate (Powerfood Inc., Berkeley, USA)",SNACK FOODS AND CONFECTIONERY,Sports (Energy) bars,USA,1997,58,5,15,Normal,10,50,,"Bread, 2h",Standard,"Capillary, plasma",Enzymatic,25,25,food,113,,
1691,"SmartZone Chocolate flavor, Nutrition bar (Hershey's Food Corporation, Hershey, PA, USA)",SNACK FOODS AND CONFECTIONERY,Sports (Energy) bars,USA,2004,16,3,4,Normal,10,50,138.9,"Glucose, 2h",Standard,"Capillary, plasma",Enzymatic,UO5,25,food,113,,
1692,"SmartZone Crunchy Blueberry flavor, Nutrition bar (Hershey's Food Corporation, Hershey, PA, USA)",SNACK FOODS AND CONFECTIONERY,Sports (Energy) bars,USA,2005,15,3,4,Normal,10,50,125.0,"Glucose, 2h",Standard,"Capillary, plasma",Enzymatic,UO5,25,food,113,,
1693,"SmartZone Crunchy Chocolate Brownie flavor, Nutrition bar (Hershey's Food Corporation, Hershey, PA, USA)",SNACK FOODS AND CONFECTIONERY,Sports (Energy) bars,production USA,2005,23,5,6,number) Normal,10,,,"period Glucose, 2h",Standard,"Capillary, plasma",method 4 Enzymatic,UO5,25,food,114,,
1694,"SmartZone Crunchy Chocolate Caramel flavor, Nutrition bar (Hershey's Food Corporation, Hershey, PA, USA)",SNACK FOODS AND CONFECTIONERY,Sports (Energy) bars,USA,2005,16,4,4,Normal,10,50,119.0,"Glucose, 2h",Standard,"Capillary, plasma",Enzymatic,UO5,25,food,114,,
1695,"SmartZone Crunchy Chocolate Peanut Butter flavor, Nutri tion bar (Hershey's Food Corporation, Hershey, PA, USA)",SNACK FOODS AND CONFECTIONERY,Sports (Energy) bars,USA,2005,14,3,4,Normal,10,50,138.9,"Glucose, 2h",Standard,"Capillary, plasma",Enzymatic,UO5,25,food,114,,
1696,"SmartZone Crunchy Key Lime flavor, Nutrition bar (Hershey's Food Corporation, Hershey, PA, USA)",SNACK FOODS AND CONFECTIONERY,Sports (Energy) bars,USA,2005,14,3,4,Normal,10,50,125.0,"Glucose, 2h",Standard,"Capillary, plasma",Enzymatic,UO5,25,food,114,,
1697,"SmartZone Peanut Butter flavor, Nutrition bar (Hershey's Food Corporation, Hershey, PA, USA)",SNACK FOODS AND CONFECTIONERY,Sports (Energy) bars,USA,2005,18,2,5,Normal,10,50,138.9,"Glucose, 2h",Standard,"Capillary, plasma",Enzymatic,UO5,25,food,114,,
1698,"Snickers® Marathon Energy bar , Chewy Chocolate Peanut flavor (M&M/Mars, U SA)",SNACK FOODS AND CONFECTIONERY,Sports (Energy) bars,USA,2005,36,5,9,Normal,10,50,97.4,"Glucose, 2h",Standard,"Capillary, plasma",Enzymatic,UO5,25,food,114,,
1699,"Snickers® Marathon Energy bar , Cookies & Crème flavor (M&M/Mars, USA)",SNACK FOODS AND CONFECTIONERY,Sports (Energy) bars,USA,2005,50,4,13,Normal,10,50,91.7,"Glucose, 2h",Standard,"Capillary, plasma",Enzymatic,UO5,25,food,114,,
1700,"Snickers® Marathon Energy bar , Multi Grain Crunch flavor (M&M/Mars, USA)",SNACK FOODS AND CONFECTIONERY,Sports (Energy) bars,USA,2005,50,4,13,Normal,10,50,92.6,"Glucose, 2h",Standard,"Capillary, plasma",Enzymatic,UO5,25,food,114,,
1701,"Snickers® Marathon Energy bar , Peanut Butter flavor (M&M/Mars, USA)",SNACK FOODS AND CONFECTIONERY,Sports (Energy) bars,USA,2005,34,5,9,Normal,10,50,105.8,"Glucose, 2h",Standard,"Capillary, plasma",Enzymatic,UO5,25,food,114,,
1702,"Snickers® Marathon Low Carb Lifestyle Energy bar, Chocolate Fudge Brownie flavor (M&M/Mars, USA)",SNACK FOODS AND CONFECTIONERY,Sports (Energy) bars,USA,2003,20,4,5,Normal,10,50,,"Glucose, 2h",Standard,"Capillary, plasma",Enzymatic,UO5,25,food,114,,
1703,"Snickers® Marathon Low Carb Lifestyle Energy bar, Peanut Butter flavor (M&M/Mars, USA)",SNACK FOODS AND CONFECTIONERY,Sports (Energy) bars,USA,2003,21,4,5,Normal,10,50,,"Glucose, 2h",Standard,"Capillary, plasma",Enzymatic,UO5,25,food,114,,
1704,"Snickers® Marathon Nutrition bar, Dark Chocolate Crunch flavor (M&M/Mars, USA)",SNACK FOODS AND CONFECTIONERY,Sports (Energy) bars,USA,2003,49,6,12,Normal,10,50,,"Glucose, 2h",Standard,"Capillary, plasma",Enzymatic,UO5,25,food,114,,
1705,"Snickers® Marathon Nutrition bar, Honey & Roasted Almond flavor (M&M/Mars, USA)",SNACK FOODS AND CONFECTIONERY,Sports (Energy) bars,USA,2003,41,3,10,Normal,10,50,,"Glucose, 2h",Standard,"Capillary, plasma",Enzymatic,UO5,25,food,114,roasted,name
1706,"Snickers® Marathon Protein Performance bar, Caramel Nut Rush flavor (M&M/Mars, USA)",SNACK FOODS AND CONFECTIONERY,Sports (Energy) bars,USA,2003,26,3,7,Normal,10,50,,"Glucose, 2h",Standard,"Capillary, plasma",Enzymatic,UO5,25,food,114,,
1707,"Snickers® Marathon Protein Performance bar, Chocolate Nut Burst flavor (M&M/Mars, USA)",SNACK FOODS AND CONFECTIONERY,Sports (Energy) bars,USA,2003,32,4,8,Normal,10,50,,"Glucose, 2h",Standard,"Capillary, plasma",Enzymatic,UO5,25,food,114,,
1708,"SoLo GI Berry Bliss Nutrition bar (New Era Nutrition Inc, Alberta, Canada)",SNACK FOODS AND CONFECTIONERY,Sports (Energy) bars,Canada,2004-2007,29,5,7,Normal,10,50,113.6,"Bread, 2h",Standard,"Capillary, whole blood",YSI,UO7,25,food,114,,
1709,"SoLo GI Chocolate Charger Nutrition bar (New Era Nutrition Inc, Alberta, Canada)",SNACK FOODS AND CONFECTIONERY,Sports (Energy) bars,Canada,2004-2007,28,2,7,Normal,10,50,113.6,"Bread, 2h",Standard,"Capillary, whole blood",YSI,7 UO,25,food,114,,
1710,"SoLo GI Lemon Lift Nutrition bar (New Era Nutrition Inc, Alberta, Canada)",SNACK FOODS AND CONFECTIONERY,Sports (Energy) bars,Canada,2004-2007,29,5,7,Normal,10,50,113.6,"Bread, 2h",Standard,"Capillary, whole blood",YSI,7 UO,25,food,114,,
1711,"SoLo GI Mint Mania Nutrition bar (New Era Nutrition Inc, Alberta, Canada)",SNACK FOODS AND CONFECTIONERY,Sports (Energy) bars,production Canada,2004-2007,23,3,6,number) Normal,10,,,"period Bread, 2h",Standard,"Capillary, whole blood",method 4 YSI,7 UO,25,food,115,,
1712,"SoLo GI Peanut Power Nutrition bar (New Era Nutrition Inc, Alberta, Canada)",SNACK FOODS AND CONFECTIONERY,Sports (Energy) bars,Canada,2004-2007,27,4,7,Normal,10,50,125,"Bread, 2h",Standard,"Capillary, whole blood",YSI,7 UO,25,food,115,,
1713,"SoLo GI Berry Bliss Snack bar (New Era Nutrition Inc, Alberta, Canada)",SNACK FOODS AND CONFECTIONERY,Sports (Energy) bars,Canada,2004-2007,29,5,7,Normal,10,50,113.6,"Bread, 2h",Standard,"Capillary, whole blood",YSI,7 UO,25,food,115,,
1714,"SoLo GI Chocolate Charger Snack bar (New Era Nutrition Inc, Alberta, Canada)",SNACK FOODS AND CONFECTIONERY,Sports (Energy) bars,Canada,2004-2007,28,2,7,Normal,10,50,125.0,"Bread, 2h",Standard,"Capillary, whole blood",YSI,7 UO,25,food,115,,
1715,"SoLo GI Lemon Lift Snack bar (New Era Nutrition Inc, Alberta, Canada)",SNACK FOODS AND CONFECTIONERY,Sports (Energy) bars,Canada,2004-2007,29,5,7,Normal,10,50,113.6,"Bread, 2h",Standard,"Capillary, whole blood",YSI,7 UO,25,food,115,,
1716,"SoLo GI Mint Mania Snack bar (New Era Nutrition Inc, Alberta, Canada)",SNACK FOODS AND CONFECTIONERY,Sports (Energy) bars,Canada,2004-2007,23,3,6,Normal,10,50,125.0,"Bread, 2h",Standard,"Capillary, whole blood",YSI,7 UO,25,food,115,,
1717,"SoLo GI Peanut Power Snack bar (New Era Nutrition Inc, Alberta, Canada)",SNACK FOODS AND CONFECTIONERY,Sports (Energy) bars,Canada,2004-2007,27,4,7,Normal,10,50,125.0,"Bread, 2h",Standard,"Capillary, whole blood",YSI,7 UO,25,food,115,,
1718,"VO Max Chocolate Energy bar (M&M/Mars, USA)",SNACK FOODS AND CONFECTIONERY,Sports (Energy) bars,USA,1997,49,8,12,"Normal, 10-",12,50,,"Bread, 2h",Standard,"Capillary, plasma",Enzymatic,25,25,food,115,,
1719,"Barley Vegetable Instant soup, low-fat, President's Choice® Blue Menu™ (Loblaw Brands Limited, Canada)",SOUPS,,Canada,2004-2007,41,3,8,Normal,10,50,,"Bread, 2h",Standard,"Capillary, whole blood",YSI,UO7,20,food,115,instant,name
1720,"Black Bean Instant soup, low-fat, spicy, President's Choice® Blue Menu™ (Loblaw Brands Limited, Canada)",SOUPS,,Canada,2004-2007,57,5,11,Normal,10,50,,"Bread, 2h",Standard,"Capillary, whole blood",YSI,UO7,20,food,115,instant,name
1721,"Black Bean with Vegetables soup, spicy, President's Choice® Blue Menu™ (Loblaw Brands Limited, Canada)",SOUPS,,Canada,2007,46,5,9,Normal,10,50,463.0,"Bread, 2h",Standard,"Capillary, whole blood",YSI,UO7,20,food,115,,
1722,"Carrot soup, President's Choice® Blue Menu™ Soupreme (Loblaw Brands Limited, Canada)",SOUPS,,Canada,2007,35,4,7,Normal,10,50,961.5,"Bread, 2h",Standard,"Capillary, whole blood",YSI,UO7,20,food,115,,
1723,"Chicken & Vegetable with wholegrain pasta, Country Ladle® (Campbell's Soups, Homebush, NSW, Australia)",SOUPS,,Australia,2008,43,3,9,Normal,9,25,558.0,"Glucose, 2h",Standard,"Capillary, plasma",Enzymatic,UO5,20,food,115,,
1724,"Chunky Roast Chicken and Vegetable soup (Campbell's Soups, Homebush, NSW, Australia)",SOUPS,,Australia,2016,52,3,10,Normal,9,50,724.6,"Glucose, 2h",Standard,"Capillary, plasma",Enzymatic,5 UO,20,food,115,roasted,name
1725,"Lentil Instant soup, low-fat, Indian, President's Choice® Blue Menu™ (Loblaw Brands Limited, Canada)",SOUPS,,Canada,2004-2007,62,7,12,Normal,10,50,100.0,"Bread, 2h",Standard,"Capillary, whole blood",YSI,UO7,20,food,115,instant,name
1726,"Lentil, ready-to-serve, President's Choice® Blue Menu™ (Loblaw Brands Limited, Canada)",SOUPS,,Canada,2004-2007,57,9,11,Normal,10,50,657.9,"Bread, 2h",Standard,"Capillary, whole blood",YSI,UO7,20,food,115,,
1727,"Minestrone, condensed, prepared with water (Campbell's Soup Company, Camden, NJ, USA)",SOUPS,,USA,2002,48,6,10,Normal,10,50,450,"Glucose, 2h",Standard,"Capillary, whole blood",HemoCue,UO5,20,food,115,,
1728,"Minestrone, Traditional, Country Ladle® (Campbell's Soups, Australia)",SOUPS,,production Australia,2001,39,3,8,number) Normal,10,,,"period Glucose, 2h",Standard,"Capillary, whole blood",method 4 HemoCue,UO5,20,food,116,,
1729,"Minestrone & Pasta Instant soup, low-fat, President's Choice® Blue Menu™ (Loblaw Brands Limited, Canada)",SOUPS,,Canada,2004-2007,54,3,11,Normal,10,50,,"Bread, 2h",Standard,"Capillary, whole blood",YSI,UO7,20,food,116,instant,name
,Minestrone mean of three foods,SOUPS,,,,47,,,,,,,,,,,,20,mean,116,,
1730,"Mushroom Barley, ready-to-serve, President's Choice® Blue Menu™ (Loblaw Brands Limited, Canada)",SOUPS,,Canada,2004-2007,45,10,9,Normal,10,50,,"Bread, 2h",Standard,"Capillary, whole blood",YSI,UO7,20,food,116,,
1731,"Pasta & Fagioli soup, ready-to-serve, President's Choice® Blue Menu™ (Loblaw Brands Limited, Canada)",SOUPS,,Canada,2004-2007,52,8,10,Normal,10,50,,"Bread, 2h",Standard,"Capillary, whole blood",YSI,UO7,20,food,116,,
1732,"Potato & Bacon soup, chunky (Campbell's Soups, Homebush, NSW, Australia)",SOUPS,,Australia,2016,41,4,8,Normal,10,50,625.0,"Glucose, 2h",Standard,"Capillary, plasma",Enzymatic,5 UO,20,food,116,,
1733,"Pumpkin Soup, creamy, Heinz® Very Special™, with pumpkin, cream, potatoes (Heinz Wattie's Ltd, Australia)",SOUPS,,Australia,2004,76,7,15,Normal,10,50,694.4,"Glucose, 2h",Standard,"Capillary, plasma",Enzymatic,UO5,20,food,116,,
1734,"Thai Instant soup, low-fat, President's Choice® Blue Menu™ (Loblaw Brands Limited, Canada)",SOUPS,,Canada,2004-2007,56,4,11,Normal,10,50,,"Bread, 2h",Standard,"Capillary, whole blood",YSI,UO7,20,food,116,instant,name
1735,"Tomato soup, condensed, prepared with water (Campbell's Soup Company, Camden, NJ, USA)",SOUPS,,USA,2002,52,4,10,Normal,10,50,326.8,"Glucose, 2h",Standard,"Capillary, whole blood",HemoCue,UO5,20,food,116,,
1736,"Tomato & Herb, President's Choice® Blue Menu™ Soupreme (Loblaw Brands Limited, Canada)",SOUPS,,Canada,2007,47,5,9,Normal,10,50,892.9,"Bread, 2h",Standard,"Capillary, whole blood",YSI,UO7,20,food,116,,
1737,"Vegetable Couscous Instant soup, low-fat, President's Choice® Blue Menu™ (Loblaw Brands Limited, Canada)",SOUPS,,Canada,2004-2007,57,4,11,Normal,10,50,,"Bread, 2h",Standard,"Capillary, whole blood",YSI,UO7,20,food,116,instant,name
1738,"Vegetarian Chili Instant soup, low-fat, President's Choice® Blue Menu™ (Loblaw Brands Limited, Canada)",SOUPS,,Canada,2004-2007,36,4,7,Normal,10,50,,"Bread, 2h",Standard,"Capillary, whole blood",YSI,UO7,20,food,116,instant,name
1739,"Winter Squash, President's Choice® Blue Menu™ Soupreme (Loblaw Brands Limited, Canada)",SOUPS,,Canada,2007,41,4,8,Normal,10,50,961.5,"Bread, 2h",Standard,"Capillary, whole blood",YSI,UO7,20,food,116,,
1740,"Organic Agave Cactus Nectar, light, 90% fructose (Western Commerce Corp., City of Industry, CA, USA)",SUGARS AND SYRUPS,"Agave cactus nectar, high-fructose",USA,2001,11,1,1,Normal,9,25,,"Bread, 2h",Standard,"Capillary, plasma",Enzymatic,5 UO,5,food,116,,
1741,"Organic Agave Cactus Nectar, light, 97% fructose (Western Commerce Corp., USA)",SUGARS AND SYRUPS,"Agave cactus nectar, high-fructose",USA,2001,10,1,1,Normal,9,25,,"Bread, 2h",Standard,"Capillary, plasma",Enzymatic,5 UO,5,food,116,,
1742,"Premium Agave nectar (Sweet Cactus Farms, USA)",SUGARS AND SYRUPS,"Agave cactus nectar, high-fructose",USA,2005,19,4,1,Normal,9,50,62.7,"Glucose, 2h",Standard,"Capillary, plasma",Enzymatic,5 UO,5,food,116,,
,"Agave nectar, mean of three foods",SUGARS AND SYRUPS,"Agave cactus nectar, high-fructose",,,13,,,,,,,,,,,,5,mean,116,,
1743,Fruc tose,SUGARS AND SYRUPS,Fructose,China,2005,23,1,1,Normal,10,50,,"Glucose, 2h",Standard,"Venous, NS",NS,12,5,food,117,,
1744,"Fructose from corn (Despar, Italy)",SUGARS AND SYRUPS,Fructose,Italy,2013,25,4,1,Normal,10,25,25,"Glucose, 2h",Standard,"Capillary, whole blood",YSI,3,5,food,117,,
,"Fructose, mean of two studies",SUGARS AND SYRUPS,Fructose,,,24,,,,,,,,,,,,5,mean,117,,
1745,High fructose corn syrup,SUGARS AND SYRUPS,Fructose,Australia,2014*,56,5,3,Normal,10,50,65,"Glucose, 2h",Standard,"Capillary, plasma",Enzymatic,17,5,food,117,,
1746,High fructose corn syrup with 3.3 g Filtered Molasses Concentrate added per 100 g (4.16 g FMC/100 g carbohydrate),SUGARS AND SYRUPS,Fructose,Australia,2014*,50,3,3,Normal,10,50,62,"Glucose, 2h",Standard,"Capillary, plasma",Enzymatic,17,5,food,117,,
1747,Glucose syrup,SUGARS AND SYRUPS,Glucose,Australia,2014*,107,7,5,Normal,10,50,61,"Glucose, 2h",Standard,"Capillary, plasma",Enzymatic,17,5,food,117,,
1748,Yellow box honey (46% fructose),SUGARS AND SYRUPS,Honey,Australia,2001,35,4,2,Normal,10,25,67.3,"Glucose, 2h",Standard,"Capillary, plasma",Enzymatic,UO5,5,food,117,,
1749,Stringy Bark honey (52% fructose),SUGARS AND SYRUPS,Honey,Australia,2001,44,4,2,Normal,9,25,67.3,"Glucose, 2h",Standard,"Capillary, plasma",Enzymatic,UO5,5,food,117,,
1750,Red Gum honey (35% fructose),SUGARS AND SYRUPS,Honey,Australia,2001,46,3,2,Normal,9,25,66.0,"Glucose, 2h",Standard,"Capillary, plasma",Enzymatic,UO5,5,food,117,,
1751,Iron Bark honey (34% fructose),SUGARS AND SYRUPS,Honey,Australia,2001,48,3,2,Normal,10,25,83.5,"Glucose, 2h",Standard,"Capillary, plasma",Enzymatic,UO5,5,food,117,,
1752,"Capilano Premium Honey, blend of eucalypt & floral honeys (Capilano Honey Limited, QLD, Australia)",SUGARS AND SYRUPS,Honey,Australia,2006,51,3,3,Normal,11,50,60.2,"Glucose, 2h",Standard,"Capillary, plasma",Enzymatic,UO5,5,food,117,,
1753,Yapunya honey (42 % fructose),SUGARS AND SYRUPS,Honey,Australia,2001,52,5,3,Normal,9,25,73.9,"Glucose, 2h",Standard,"Capillary, plasma",Enzymatic,UO5,5,food,117,,
1754,HDI Clover Honey with Bee Pollen (PT. Harmoni Dinamik),SUGARS AND SYRUPS,Honey,New Zealand,2020,53,5,3,Normal,10,50,60.2,"Glucose, 2h",Standard,"Capillary, plasma",Enzymatic,UO5,5,food,117,,
1755,"Leabrook Farms Yellow box honey (Spring Gully Foods Pty Ltd, SA, Australia)",SUGARS AND SYRUPS,Honey,Australia,2006,60,4,3,Normal,11,50,58.6,"Glucose, 2h",Standard,"Capillary, plasma",Enzymatic,UO5,5,food,117,,
1756,"Commercial Blend honey (38% fructose) (WA blend, Capilano Honey Ltd., Australia)",SUGARS AND SYRUPS,Honey,Australia,2001,62,3,3,Normal,9,25,71.2,"Glucose, 2h",Standard,"Capillary, plasma",Enzymatic,UO5,5,food,117,,
1757,Salvation Jane honey (32% fructose),SUGARS AND SYRUPS,Honey,Australia,2001,64,5,3,Normal,10,25,81.2,"Glucose, 2h",Standard,"Capillary, plasma",Enzymatic,UO5,5,food,117,,
1758,"Manuka honey, MGO 440+ (Manuka Health New Zealand Ltd)",SUGARS AND SYRUPS,Honey,production New Zealand,2011,65,7,3,number) Normal,10,,,"period Glucose, 2h",Standard,"Capillary, whole blood",method 4 HemoCue,113,5,food,118,,
1759,"Clover honey, ratio of fructose: glucose, 1.09 (Vazza Farms, Hermiston, OR, USA)",SUGARS AND SYRUPS,Honey,USA,2006,69,8,3,Normal,12,50,58.3,"Glucose, 2h",Standard,"Capillary, plasma",Enzymatic,114,5,food,118,,
1760,"Commercial Blend honey (28% fructose) (NSW blend, Capilano Honey Ltd., Australia)",SUGARS AND SYRUPS,Honey,Australia,2001,72,6,4,Normal,9,25,99.2,"Glucose, 2h",Standard,"Capillary, plasma",Enzymatic,UO5,5,food,118,,
1761,"Buckwheat honey, ratio of fructose:glucose, 1.12 Vazza Farms, USA)",SUGARS AND SYRUPS,Honey,USA,2006,73,6,4,Normal,11,50,58.4,"Glucose, 2h",Standard,"Capillary, plasma",Enzymatic,114,5,food,118,,
1762,"Cotton honey, ratio of fructose:glucose, 1.03 (Gene Brandi Apiaries, Los Banos, CA, USA)",SUGARS AND SYRUPS,Honey,USA,2006,74,7,4,Normal,11,50,57.0,"Glucose, 2h",Standard,"Capillary, plasma",Enzymatic,114,5,food,118,,
1763,"Honey, NS",SUGARS AND SYRUPS,Honey,China,2005,74,4,4,Normal,10,50,,"Glucose, 2h",Standard,"Venous, NS",NS,12,5,food,118,,
1764,"Tupelo honey, ratio of fructose:glucose, 1.54 (Tropical Blossom Honey Co, Edgewater, FL, USA)",SUGARS AND SYRUPS,Honey,USA,2006,74,8,4,Normal,12,50,59.2,"Glucose, 2h",Standard,"Capillary, plasma",Enzymatic,114,5,food,118,,
,"Honey, mean of 17 types of honey",SUGARS AND SYRUPS,Honey,,,60,,,,,,,,,,,,5,mean,118,,
1765,Lactose,SUGARS AND SYRUPS,Lactose,China,2005,46,1,2,Normal,10,50,,"Glucose, 2h",Standard,"Venous, NS",NS,12,5,food,118,,
1766,Maltose,SUGARS AND SYRUPS,Maltose,China,2005,75,6,4,Normal,10,50,,"Glucose, 2h",Standard,"Venous, NS",NS,12,5,food,118,,
1767,Maltose,SUGARS AND SYRUPS,Maltose,China,2005,105,2,5,Normal,10,50,,"Glucose, 2h",Standard,"Venous, NS",NS,12,5,food,118,,
,"Maltose, mean of two studies",SUGARS AND SYRUPS,Maltose,,,90,,,,,,,,,,,,5,mean,118,,
1768,Sucrose,SUGARS AND SYRUPS,Sucrose,Australia,2007,59,4,3,Normal,11,50,50,"Glucose, 2h",Standard,"Capillary, plasma",Enzymatic,UO5,5,food,118,,
1769,"Sucrose, cane sugar",SUGARS AND SYRUPS,Sucrose,Australia,2016,60,4,3,Normal,10,50,50,"Glucose, 2h",Standard,"Capillary, plasma",Enzymatic,UO5,5,food,118,,
1770,Sucrose,SUGARS AND SYRUPS,Sucrose,Australia,2007,61,4,3,Normal,11,50,50,"Glucose, 2h",Standard,"Capillary, plasma",Enzymatic,UO5,5,food,118,,
1771,Sucrose,SUGARS AND SYRUPS,Sucrose,Germany,2004,64,4,3,Normal,11,50,50,"Glucose, 2h",Standard,"Capillary, plasma",Enzymatic,UO5,5,food,118,,
1772,Sucrose,SUGARS AND SYRUPS,Sucrose,Germany,2002,66,3,3,Normal,10,50,50,"Glucose, 2h",Standard,"Capillary, plasma",Enzymatic,UO5,5,food,118,,
1773,"Sugar, cane (Panela)",SUGARS AND SYRUPS,Sucrose,Italy,2005,69,10,3,Normal,9,25,25,"Glucose, 2h",Standard,"Capillary, whole blood",YSI,3,5,food,118,,
1774,Sucrose,SUGARS AND SYRUPS,Sucrose,production China,test 1 2005,84,4,4,number) Normal,10,,,"period Glucose, 2h",Standard,"collection Venous, NS",method 4 NS,12,5,food,119,,
,"Sucrose, mean of seven studies",SUGARS AND SYRUPS,Sucrose,,,66,,,,,,,,,,,,5,mean,119,,
1775,"Sucrose (LoGiCane) (Horizon Science, Australia)",SUGARS AND SYRUPS,Sucrose,Australia,2014*,60,3,3,"Normal, European",31,50,,"Glucose, 2h",Standard,"Capillary, whole blood",HemoCue,55,5,food,119,,
1776,"Sucrose (LoGiCane) (Horizon Science, Australia)",SUGARS AND SYRUPS,Sucrose,Australia,2014*,62,4,3,"Normal, Chinese",32,50,,"Glucose, 2h",Standard,"Capillary, whole blood",HemoCue,55,5,food,119,,
1777,"Sugar, refined (Sadam-Eridania, Italy)",SUGARS AND SYRUPS,Sucrose,Italy,2013,91,10,5,Normal,10,25,25,"Glucose, 2h",Standard,"Capillary, whole blood",YSI,3,5,food,119,,
1778,"Arabinose Sugar (95% sucrose + 5% L-arabinose) (Healtang Biotech Co., Ltd, China)",SUGARS AND SYRUPS,Other sugars & syrups,China,2020,52,4,3,Normal,10,25,26.4,"Glucose, 2h",Standard,"Capillary, plasma",Enzymatic,UO18,5,food,119,,
1779,"Coconut sugar, organic, Loving Earth™ brand",SUGARS AND SYRUPS,Other sugars & syrups,Indonesia,2014,54,6,3,Normal,9,50,50.0,"Glucose, 2h",Standard,"Capillary, plasma",Enzymatic,UO5,5,food,119,,
1780,"Dates Syrup, Gurun Emas (Omni Mal Agencies Sdn. Bhd, Malaysia)",SUGARS AND SYRUPS,Other sugars & syrups,Malaysia,2018,54,4,3,Normal,10,50,67.4,"Glucose, 2h",Standard,"Capillary, plasma",Enzymatic,UO5,5,food,119,,
1781,"Fruit Up sweetener syrup (Rudolf Wild Gmbh & Co, Germany)",SUGARS AND SYRUPS,Other sugars & syrups,Germany,2008,39,4,2,Normal,10,50,70.4,"Glucose, 2h",Standard,"Capillary, plasma",Enzymatic,UO5,5,food,119,,
1782,Golden Syrup,SUGARS AND SYRUPS,Other sugars & syrups,Australia,2003,63,6,3,Normal,9,50,59.9,"Glucose, 2h",Standard,"Capillary, plasma",Enzymatic,UO5,5,food,119,,
1783,Karo Dark Corn Syrup,SUGARS AND SYRUPS,Other sugars & syrups,USA,2013,90,6,5,Normal,10,50,66.1,"Glucose, 2h",Standard,"Capillary, plasma",Enzymatic,UO5,5,food,119,,
1784,"Maple flavored syrup (Cottee's Foods, Australia)",SUGARS AND SYRUPS,Other sugars & syrups,Australia,2003,68,5,3,Normal,9,50,55.7,"Glucose, 2h",Standard,"Capillary, plasma",Enzymatic,UO5,5,food,119,,
1785,"Maple syrup, pure Canadian (Queen Foods, Australia)",SUGARS AND SYRUPS,Other sugars & syrups,Canada,2003,54,6,3,Normal,10,50,68.2,"Glucose, 2h",Standard,"Capillary, plasma",Enzymatic,UO5,5,food,119,,
1786,"Rice malt syrup (Pure Harvest Organic, Australia)",SUGARS AND SYRUPS,Other sugars & syrups,Australia,2013,98,6,5,Normal,10,50,62.5,"Glucose, 2h",Standard,"Capillary, plasma",Enzymatic,UO5,5,food,119,,
1787,"Sugar, from organic fruits (Dolcedì, zucchero da frutta biologica, Rigoni di Asiago, Italy)",SUGARS AND SYRUPS,Other sugars & syrups,Italy,2009,23,5,1,Normal,10,50,72,"Glucose, 2h",Standard,"Capillary, whole blood",YSI,3,5,food,119,,
1788,"Snow Pear Red Ginseng Brown Sugar, contains 2.2% Phytolin® (Queen's Joy, Wuzuo Technology, Tianjin, China)",SUGARS AND SYRUPS,Other sugars & syrups,China,2020,45,3,2,Normal,12,25,27.3,"Glucose, 2h",Standard,"Capillary, plasma",Enzymatic,UO18,5,food,119,,
1789,"Xylose Sugar (90% sucrose + 10% D-Xylose) (Healtang Biotech Co., Ltd, China)",SUGARS AND SYRUPS,Other sugars & syrups,China,2020,52,3,3,Normal,10,25,27.8,"Glucose, 2h",Standard,"Capillary, plasma",Enzymatic,UO18,5,food,119,,
1790,"Green banana, peeled, boiled 10 min",VEGETABLES,Green banana/plantain (Musa sapientum),Jamaica,2005,37,5,7,Normal,10,50,225.2,"Glucose, 2h",Standard,"Capillary, plasma",Enzymatic,88,20,food,120,boiled,name
1791,"Green banana, peeled, fried in vegetable oil",VEGETABLES,Green banana/plantain (Musa sapientum),Jamaica,2005,35,3,7,Normal,10,50,195.3,"Glucose, 2h",Standard,"Capillary, plasma",Enzymatic,88,20,food,120,fried,name
1792,"Green plantain (Musa paradisiaca ), peeled, boiled 10 min",VEGETABLES,Green banana/plantain (Musa sapientum),Jamaica,2005,39,4,8,Normal,10,50,259.2,"Glucose, 2h",Standard,"Capillary, plasma",Enzymatic,88,20,food,120,boiled,name
1793,"Green plantain (Musa paradisiaca ), peeled, fried in vegetable oil",VEGETABLES,Green banana/plantain (Musa sapientum),Jamaica,2005,40,3,8,Normal,10,50,175.9,"Glucose, 2h",Standard,"Capillary, plasma",Enzymatic,88,20,food,120,fried,name
1794,"Plantain (Musa spp. Ameletiha) chips (made from green plantain), sliced 0.8-1.2 mm thick, deep-fried",VEGETABLES,Green banana/plantain (Musa sapientum),Cô te d’Ivoire,2017*,45,0.3,9,Normal,28,50,93.8,"Glucose, 2h",Standard,"Capillary, whole blood",Glucometer 9,115,20,food,120,fried,name
,"Green banana, mean of five foods",VEGETABLES,Green banana/plantain (Musa sapientum),,,39,,,,,,,,,,,,20,mean,120,,
1795,"Ripe plantain (Musa paradisiaca ), peeled, boiled 10 min",VEGETABLES,Ripe banana/plantain (Musa sapientum),Jamaica,2005,66,2,13,Normal,10,50,308.6,"Glucose, 2h",Standard,"Capillary, plasma",Enzymatic,88,20,food,120,boiled,name
1796,"Ripe plantain (Musa paradisiaca ), peeled, fried in vegetable oil",VEGETABLES,Ripe banana/plantain (Musa sapientum),Jamaica,2005,90,6,18,Normal,10,50,211.6,"Glucose, 2h",Standard,"Capillary, plasma",Enzymatic,88,20,food,120,fried,name
1797,"Peas, plain and frozen (Talleys Group Ltd, New Zealand)",VEGETABLES,Green peas,New Zealand,2011*,29,2,3,Normal,30,25,,"Glucose, 2h",Standard,"Capillary, whole blood",HemoCue,6 9,20,food,120,,
1798,"Peas, frozen, heated in the microwave (McCain Foods Aust. Pty Ltd, Australia)",VEGETABLES,Green peas,Australia,2020,42,4,4,Normal,10,25,238.1,"Glucose, 2h",Standard,"Capillary, plasma",Enzymatic,5 UO,20,food,120,microwaved,name
,"Peas, mean of two studies",VEGETABLES,Green peas,,,36,,,,,,,,,,,,20,mean,120,,
1799,"Butternut pumpkin, boiled",VEGETABLES,Pumpkin,Australia,2006,51,6,5,Normal,10,25,352.1,"Glucose, 2h",Standard,"Capillary, plasma",Enzymatic,5 UO,20,food,120,boiled,name
1800,"Pumpkin (Cucurbita moschata ), peeled, cubed, boiled 30 min",VEGETABLES,Pumpkin,Jamaica,2005,66,4,7,Normal,10,50,223.8,"Glucose, 2h",Standard,"Capillary, plasma",Enzymatic,88,20,food,120,boiled,name
1801,"Sweet corn, cooked in microwave for 1.5 min",VEGETABLES,Sweet corn,Australia,2015,51,4,10,Normal,10,25,185.2,"Glucose, 2h",Standard,"Capillary, plasma",Enzymatic,5 UO,20,food,120,microwaved,name
1802,Sweet corn,VEGETABLES,Sweet corn,China,2005,55,2,11,Normal,10,50,,"Glucose, 2h",Standard,"Venous, NS",NS,12,20,food,120,,
,"Sweet corn, mean of two foods",VEGETABLES,Sweet corn,,,53,,,,,,,,,,,,20,mean,120,,
1803,"Eddoe (Colocasia esculenta var. antiquorum ), peeled, boiled 30 min, refrigerated, reheated for 1 min",VEGETABLES,Root veg etables,Canada,2003,61,10,12,Normal,10,50,221,"Bread, 2h",Standard,"Capillary, plasma",Enzymatic,116,20,food,121,boiled,name
1804,"Carrots, unpeeled, boiled",VEGETABLES,Root veg etables,Australia,2020,32,4,3,Normal,10,25,409.8,"Glucose, 2h",Standard,"Capillary, plasma",Enzymatic,UO5,20,food,121,boiled,name
1805,"Carrots, diced, frozen (Talleys Group Ltd)",VEGETABLES,Root veg etables,New Zealand,2011*,31,2,3,Normal,30,25,,"Glucose, 2h",Standard,"Capillary, whole blood",HemoCue,69,20,food,121,,
,"Carrots, mean of two foods",VEGETABLES,Root veg etables,,,32,,,,,,,,,,,,20,mean,121,,
1806,"Parsnips, peeled, boiled",VEGETABLES,Root veg etables,Australia,2007,52,5,5,Normal,10,25,250,"Glucose, 2h",Standard,"Capillary, plasma",Enzymatic,UO5,20,food,121,boiled,name
1807,"Tannia (Xanthosoma sagittifolium ), peeled, boiled 30 min, refrigerated, reheated for 1 min",VEGETABLES,Root veg etables,Canada,2003,60,5,12,Normal,10,50,135,"Bread, 2h",Standard,"Capillary, plasma",Enzymatic,116,20,food,121,boiled,name
1808,"Irish potato (Solanum tuberosum ), peeled, baked 45 min",VEGETABLES,Baked potato,Jamaica,2005,83,6,17,Normal,10,50,249.6,"Glucose, 2h",Standard,"Capillary, plasma",Enzymatic,88,20,food,121,baked,name
1809,"Pontiac potato , peeled and baked",VEGETABLES,Baked potato,Australia,1998,93,11,19,Normal,10,50,414,"Bread, 2h",Standard,"Capillary, plasma",Enzymatic,117,20,food,121,baked,name
1810,"Bintje potato, peeled, cut into 5 cm by 5 cm slices, at a thickness of 0.5 cm, boiled for 8-9 min",VEGETABLES,Boiled potato,Australia,2012,94,8,19,Normal,10,25,189,"Glucose, 2h",Standard,"Capillary, plasma",Enzymatic,118,20,food,121,boiled,name
1811,"Carisma potato, peeled, cut into 5 cm by 5 cm slices, at a thickness of 0.5 cm, boiled for 8-9 min",VEGETABLES,Boiled potato,Australia,2011,53,7,11,Normal,10,25,238,"Glucose, 2h",Standard,"Capillary, plasma",Enzymatic,118,20,food,121,boiled,name
1812,"Carisma potato, baby, peeled, cut into slices 1 cm thick, boiled for 8 min",VEGETABLES,Boiled potato,Australia,2016,57,5,11,Normal,10,25,277.8,"Glucose, 2h",Standard,"Capillary, plasma",Enzymatic,UO5,20,food,121,boiled,name
1813,"Charlotte potato , peeled, quartered, boiled 15 min",VEGETABLES,Boiled potato,UK,2005,66,5,13,Normal,10,50,,"Glucose, 2h",Standard,"Capillary, whole blood",Glucometer 9,119,20,food,121,boiled,name
1814,"Charlotte potato , unpeeled, cut into slices 1 cm thick, boiled for 8 min",VEGETABLES,Boiled potato,Australia,2009,68,6,14,Normal,11,50,359.7,"Glucose, 2h",Standard,"Capillary, plasma",Enzymatic,UO5,20,food,121,boiled,name
1815,"Desiree potato , peeled, boiled 35 min",VEGETABLES,Boiled potato,Australia,1998,101,15,20,Normal,10,50,446,"Bread, 2h",Standard,"Capillary, plasma",Enzymatic,117,20,food,121,boiled,name
1816,"Desiree potato, peeled, cut into 5 cm by 5 cm slices, at a thickness of 0.5 cm, boiled for 8-9 min",VEGETABLES,Boiled potato,Australia,2011,74,8,15,Normal,10,25,197,"Glucose, 2h",Standard,"Capillary, plasma",Enzymatic,118,20,food,121,boiled,name
1817,"Desiree potato, peeled, cut into 5 cm by 5 cm slices, at a thickness of 0.5 cm, boiled for 8-9 min",VEGETABLES,Boiled potato,Australia,2016,79,6,16,Normal,10,25,196.9,"Glucose, 2h",Standard,"Capillary, plasma",Enzymatic,UO5,20,food,121,boiled,name
1818,"Estima potato , peeled, quartered, boiled 15 min",VEGETABLES,Boiled potato,production UK,2005,66,5,13,number) Normal,10,,,"period Glucose, 2h",Standard,"Capillary, whole blood",method 4 Glucometer 9,119,20,food,122,boiled,name
1819,"King Edward potato, peeled, quartered, boiled 15 min in unsalted water",VEGETABLES,Boiled potato,UK,2005,75,10,15,Normal,10,50,,"Glucose, 2h",Standard,"Capillary, whole blood",Glucometer 9,119,20,food,122,boiled,name
1820,"Maiflower potato, peeled, cut into 5 cm by 5 cm slices, at a thickness of 0.5 cm, boiled for 8-9 min",VEGETABLES,Boiled potato,Australia,2012,103,8,21,Normal,10,25,189,"Glucose, 2h",Standard,"Capillary, plasma",Enzymatic,118,20,food,122,boiled,name
1821,"Marfona potato, peeled, quartered, boiled 15 min in unsalted water",VEGETABLES,Boiled potato,UK,2005,56,3,11,Normal,10,50,,"Glucose, 2h",Standard,"Capillary, whole blood",Glucometer 9,119,20,food,122,boiled,name
1822,"Maris Piper potato, peeled, quartered, boiled 15 min in unsalted water",VEGETABLES,Boiled potato,UK,2005,85,4,17,Normal,10,50,,"Glucose, 2h",Standard,"Capillary, whole blood",Glucometer 9,119,20,food,122,boiled,name
1823,"Nicola potato, peeled, quartered, boiled 15 min",VEGETABLES,Boiled potato,UK,2005,59,7,12,Normal,10,50,,"Glucose, 2h",Standard,"Capillary, whole blood",Glucometer 9,119,20,food,122,boiled,name
1824,"Nicola potato, unpeeled, boiled whole for 15 min",VEGETABLES,Boiled potato,Australia,2006,58,3,12,Normal,10,50,471.7,"Glucose, 2h",Standard,"Capillary, plasma",Enzymatic,UO5,20,food,122,boiled,name
1825,"Nicola potato, peeled, cut into 5 cm by 5 cm slices, at a thickness of 0.5 cm, boiled for 8-9 min",VEGETABLES,Boiled potato,Australia,2012,69,5,14,Normal,10,25,195,"Glucose, 2h",Standard,"Capillary, plasma",Enzymatic,118,20,food,122,boiled,name
1826,"Pontiac potato , peeled, boiled 35 min",VEGETABLES,Boiled potato,Australia,1998,88,9,18,Normal,10,50,414,"Bread, 2h",Standard,"Capillary, plasma",Enzymatic,117,20,food,122,boiled,name
1827,"Russet Burbank potato, peeled, cut into 5 cm by 5 cm slices, at a thickness of 0 . 5 cm, boiled for 8-9 min",VEGETABLES,Boiled potato,Australia,2012,82,3,16,Normal,10,25,154,"Glucose, 2h",Standard,"Capillary, plasma",Enzymatic,118,20,food,122,boiled,name
1828,"Sebago potato , peeled, boiled for 35 min",VEGETABLES,Boiled potato,Australia,1998,87,7,17,Normal,10,50,454,"Bread, 2h",Standard,"Capillary, plasma",Enzymatic,117,20,food,122,boiled,name
1829,"Virginia Rose potato, peeled, cut into 5 cm by 5 cm slices, at a thickness of 0 . 5 cm, boiled for 8-9 min",VEGETABLES,Boiled potato,Australia,2012,93,10,19,Normal,10,25,255,"Glucose, 2h",Standard,"Capillary, plasma",Enzymatic,118,20,food,122,boiled,name
1830,"Potato, novel clone, selection 1 (CV92056-4, grown to maturity in Alberta, harvested Oct. 2008), unpeeled, cut into 2.5-3 cm cubes, boiled in salted water for 15 min",VEGETABLES,Boiled potato,Canada,2009,60,5,12,Normal,9,50,345,"Bread, 2h",Standard,"Capillary, whole blood",YSI,110,20,food,122,boiled,name
1831,"Potato, novel clone, selection 1 (CV92056-4, grown to maturity in Alberta; harvested Oct. 2008), boiled for 15 min, reheated in microwave for 2-3 min",VEGETABLES,Boiled potato,Canada,2009,75,5,15,Normal,10,50,345,"Bread, 2h",Standard,"Capillary, whole blood",YSI,110,20,food,122,microwaved,name
1832,"Potato, novel clone, selection 1 (CV92056-4, grown in Ontario; harvested Oct. 2009), unpeeled, cut into 2.5-3 cm cubes, boiled in salted water for 15 min",VEGETABLES,Boiled potato,Canada,2009-2010,82,7,16,Normal,9,50,345,"Bread, 2h",Standard,"Capillary, whole blood",YSI,110,20,food,122,boiled,name
1833,"Potato, novel clone, selection 2 (CV1102-1, grown in Alberta; harvested prior to maturity Oct. 2009), unpeeled, cut into 2.5- 3 cm cubes, boiled in salted water for 15 min",VEGETABLES,Boiled potato,Canada,2009-2010,38,6,8,Normal,10,50,360,"Bread, 2h",Standard,"Capillary, whole blood",YSI,110,20,food,122,boiled,name
1834,"Potato, novel clone, selection 3 (F03031, grown in New Brunswick), unpeeled, cut into 2.5-3 cm cubes, boiled in salted water for 15 min",VEGETABLES,Boiled potato,Canada,2009,79,9,16,Normal,10,,321,"Bread, 2h",Standard,"Capillary, whole blood",YSI,110,20,food,123,boiled,name
1835,"Potato, novel clone, selection 3 (F03031, grown in New Brunswick), boiled 5 min, reheated in microwave 2-3 min",VEGETABLES,Boiled potato,Canada,2009,79,4,16,Normal,10,50,321,"Bread, 2h",Standard,"Capillary, whole blood",YSI,110,20,food,123,microwaved,name
1836,"Potato, novel clone, selection 3 (F03031, grown to maturity in Ontario), boiled 15 min, reheated in microwave 2-3 min",VEGETABLES,Boiled potato,Canada,2009-2010,73,6,15,Normal,10,50,321,"Bread, 2h",Standard,"Capillary, whole blood",YSI,110,20,food,123,microwaved,name
1837,"Potato, novel clone, selection 4 (F03028, grown in New Brunswick), unpeeled, cut into 2.5-3 cm cubes, boiled in salted water for 15 min",VEGETABLES,Boiled potato,Canada,2009,72,8,14,Normal,10,50,394,"Bread, 2h",Standard,"Capillary, whole blood",YSI,110,20,food,123,boiled,name
1838,"Potato, novel clone, selection 4 (F03028, grown in New Brunswick), boiled 15 min, reheated in microwave 2-3 min",VEGETABLES,Boiled potato,Canada,2009,58,5,12,Normal,10,50,394,"Bread, 2h",Standard,"Capillary, whole blood",YSI,110,20,food,123,microwaved,name
,"Boiled potato, mean of 29 studies",VEGETABLES,Boiled potato,,,73,,,,,,,,,,,,20,mean,123,boiled,name
1839,"Irish potato (Solanum tuberosum ), peeled, cubed, boiled 30 min",VEGETABLES,"Boiled/cooked, potato, white/NS",Jamaica,2005,59,4,12,Normal,10,50,231.0,"Glucose, 2h",Standard,"Capillary, plasma",Enzymatic,88,20,food,123,boiled,name
1840,"Irish potato (Solanum tuberosum ), peeled, boiled 30 min, refrigerated, reheated for 1 min",VEGETABLES,"Boiled/cooked, potato, white/NS",Canada,2003,71,8,14,Normal,10,50,151,"Bread, 2h",Standard,"Capillary, plasma",Enzymatic,116,20,food,123,boiled,name
1841,"New potato , unpeeled and boiled 20 min",VEGETABLES,"Boiled/cooked, potato, white/NS",Australia,1998,78,12,,Normal,10,50,358,"Bread, 2h",Standard,"Capillary, plasma",Enzymatic,117,20,food,123,boiled,name
1842,"Potato, NS, boiled",VEGETABLES,"Boiled/cooked, potato, white/NS",China,2005,66,1,13,Normal,10,50,,"Glucose, 2h",Standard,"Venous, NS",NS,12,20,food,123,boiled,name
1843,"Red potatoes, boiled with skin on in salted water for 12 min",VEGETABLES,"Boiled/cooked, potato, white/NS",Canada,2005,89,7,18,Normal,12,50,352,"Bread, 2h",Standard,"Capillary, whole blood",YSI,120,20,food,123,boiled,name
1844,"Potato, frozen peeled cubes, boiled (McCain Purely Potato Cubes, McCains, Wendouree, VIC, Australia)",VEGETABLES,"Boiled/cooked, potato, white/NS",Australia,2010,70,4,14,Normal,10,50,285.7,"Glucose, 2h",Standard,"Capillary, plasma",Enzymatic,39,20,food,123,boiled,name
1845,"Potato, novel clone, selection 1 (CV92056-4, grown to maturity in Alberta; harvested Oct. 2008), boiled for 15 min, refrigerated at 4°C for 24-28 h, served cold",VEGETABLES,Boiled potato cooked then cooled,Canada,2009,55,7,11,Normal,10,50,345,"Bread, 2h",Standard,"Capillary, whole blood",YSI,110,20,food,123,boiled,name
1846,"Potato, novel clone, selection 1 (CV92056-4, grown in Ontario; harvested Oct. 2009), boiled for 15 min, refrigerated at 4°C for 24-28 h, served cold",VEGETABLES,Boiled potato cooked then cooled,Canada,2009-2010,48,6,10,Normal,10,50,345,"Bread, 2h",Standard,"Capillary, whole blood",YSI,110,20,food,123,boiled,name
1847,"Potato, novel clone, selection 2 (CV1102-1, grown to maturity in Alberta, harvested Oct. 2008), boiled for 15 min, refrigerated at 4°C for 24-28 h, served cold",VEGETABLES,Boiled potato cooked then cooled,Canada,2009,55,7,11,Normal,9,50,360,"Bread, 2h",Standard,"Capillary, whole blood",YSI,110,20,food,123,boiled,name
1848,"Potato, novel clone, selection 2 (CV1102-1, grown in Alberta, harvested prior to maturity Oct. 2009), boiled for 15 min, refrigerated at 4°C for 24-28 h, served cold",VEGETABLES,Boiled potato cooked then cooled,Canada,2009-2010,41,5,8,Normal,10,,360,"Bread, 2h",Standard,"Capillary, whole blood",YSI,110,20,food,124,boiled,name
1849,"Potato, novel clone, selection 3 (F03031, grown in New Brunswick), boiled for 15 min, refrigerated at 4°C for -28 h, served cold",VEGETABLES,Boiled potato cooked then cooled,Canada,2009,40,5,8,Normal,10,50,321,"Bread, 2h",Standard,"Capillary, whole blood",YSI,110,20,food,124,boiled,name
1850,"Potato, novel clone, selection 3 (F03031, grown to maturity in Ontario), boiled for 15 min, refrigerated at 4°C for 24-28 h, served cold",VEGETABLES,Boiled potato cooked then cooled,Canada,2009-2010,49,7,10,Normal,10,50,321,"Bread, 2h",Standard,"Capillary, whole blood",YSI,110,20,food,124,boiled,name
1851,"Potato, novel clone, selection 4 (F03028, grown in New Brunswick), boiled for 15 min, refrigerated at 4°C for -28 h, served cold",VEGETABLES,Boiled potato cooked then cooled,Canada,2009,44,7,9,Normal,10,50,394,"Bread, 2h",Standard,"Capillary, whole blood",YSI,110,20,food,124,boiled,name
1852,"Potato, red, cubed, boiled in salted water 12 min, stored overnight in refrigerator, consumed cold",VEGETABLES,Boiled potato cooked then cooled,Canada,2005,56,5,11,Normal,12,50,352,"Bread, 2h",Standard,"Capillary, whole blood",YSI,120,20,food,124,boiled,name
,"Potato cooked then cooled, mean of eight foods",VEGETABLES,Boiled potato cooked then cooled,,,49,,,,,,,,,,,,20,mean,124,boiled,name
1853,"New potatoes , canned, heated in microwave 3 min (Mint Tiny Taters™, Edgell's™ brand, Cheltenham, Australia)",VEGETABLES,Canned potatoes,Australia,1998,65,9,13,Normal,10,50,416,"Bread, 2h",Standard,"Capillary, plasma",Enzymatic,117,20,food,124,microwaved,name
1854,"French Fries, baked 15 min (OreIda Golden Fries, H.J. Heinz Co, Pittsburgh, PA, USA)",VEGETABLES,French Fries,USA,2005,64,6,13,Normal,12,50,233,"Bread, 2h",Standard,"Capillary, whole blood",YSI,120,20,food,124,baked,name
1855,"French Fries, cooked in oven for 20 min from frozen (McCain Superfries, McCains, Wendouree, VIC, Australia)",VEGETABLES,French Fries,Australia,2010,65,4,13,Normal,10,50,208.3,"Glucose, 2h",Standard,"Capillary, plasma",Enzymatic,39,20,food,124,boiled,name
1856,"Instant mashed potato (Idahoan Foods, Lewisville, ID, USA)",VEGETABLES,Instant Mashed potato,USA,2005,88,8,18,Normal,12,50,67.3,"Bread, 2h",Standard,"Capillary, whole blood",YSI,120,20,food,124,instant,name
1857,"Instant mashed potato (Idahoan Foods, Lewisville, ID, USA), prepared with water",VEGETABLES,Instant Mashed potato,USA,2001,92,4,18,Normal,47,50,,"Glucose, 2h",Standard,"Capillary, NS",YSI or Enzymatic,42,20,food,124,instant,name
1858,"Instant mashed potato (Idahoan Foods, Lewisville, ID, USA), prepared with water",VEGETABLES,Instant Mashed potato,USA,2001,69,9,14,Normal,21,50,,"Glucose, 2h",Standard,"Venous, NS",YSI or Enzymatic,42,20,food,124,instant,name
1859,"Instant mashed potato (Idahoan Foods, Lewisville, ID, USA)",VEGETABLES,Instant Mashed potato,USA,1998,97,6,19,Normal,10,50,67.3,"Glucose, 2h",Standard,"Capillary, plasma",Enzymatic,UO5,20,food,124,instant,name
1860,"Potato mash (Homestyle, continental, Unilever, Australasia)",VEGETABLES,Instant Mashed potato,New Zealand,2011*,72,6,14,Normal,30,50,,"Glucose, 2h",Standard,"Capillary, whole blood",HemoCue,69,20,food,124,instant,subgroup
,"Instant mashed potato, mean of five studies",VEGETABLES,Instant Mashed potato,,,84,,,,,,,,,,,,20,mean,124,instant,name
1861,"Mashed potato, NS",VEGETABLES,Mashed p otato,China,2005,73,3,15,Normal,10,50,,"Glucose, 2h",Standard,"Venous, NS",NS,12,20,food,125,mashed,name
1862,"Mashed potato, Aviko B.V.",VEGETABLES,Mashed p otato,UK,2009,76,7,15,Normal,15,25,,"Glucose, 2h",Standard,"Capillary, whole blood",HemoCue,121,20,food,125,mashed,name
1863,"Mashed potato, NS",VEGETABLES,Mashed p otato,UK,2009,76,7,15,Normal,15,25,,"Glucose, 2h",Standard,"Capillary, whole blood",HemoCue,121,20,food,125,mashed,name
1864,"Potato, Folva, precooked, peeled, salted, vacuum packed and then boiled until soft to the center, drained and mashed (Superior Potet, Hoff SA, Gjøvik, Norway)",VEGETABLES,Mashed p otato,Norway,2019*,81,4,16,Normal,13,50,325.2,"Glucose, 2h",Standard,"Capillary, plasma",YSI,80,20,food,125,instant,name
1865,"Pontiac potato , peeled, cubed, boiled 15 min, mashed",VEGETABLES,Mashed p otato,Australia,1998,91,9,18,Normal,10,50,414,"Bread, 2h",Standard,"Capillary, plasma",Enzymatic,117,20,food,125,mashed,name
,"Mashed potato, mean of five studies",VEGETABLES,Mashed p otato,,,79,,,,,,,,,,,,20,mean,125,mashed,name
1866,"Estima potato, cooked in microwave 6 min then baked 10 min",VEGETABLES,Microwaved potato,UK,2005,93,8,19,Normal,10,50,290.7,"Glucose, 2h",Standard,"Capillary, whole blood",Glucometer 9,49,20,food,125,baked,name
1867,"Pontiac potato , peeled , cooked in microwave on high for 6-7.5 min",VEGETABLES,Microwaved potato,Australia,1998,79,9,16,Normal,10,50,414,"Bread, 2h",Standard,"Capillary, plasma",Enzymatic,117,20,food,125,microwaved,name
1868,"Prince Edward Island white potato, cooked in microwave for 18 min",VEGETABLES,Microwaved potato,Canada,2005,73,5,15,Normal,12,50,298,"Bread, 2h",Standard,"Capillary, whole blood",YSI,120,20,food,125,microwaved,name
1869,"Russet Burbank Norkotah potato, unpeeled, cooked in microwave for 18 min",VEGETABLES,Microwaved potato,USA,2005,77,9,15,Normal,12,50,376,"Bread, 2h",Standard,"Capillary, whole blood",YSI,120,20,food,125,microwaved,name
1870,"California white potatoes, cubed, roasted in soybean oil",VEGETABLES,"Potato, other preparation methods",USA,2005,72,8,14,Normal,12,50,376,"Bread, 2h",Standard,"Capillary, whole blood",YSI,120,20,food,125,roasted,name
1871,"Irish potato (Solanum tuberosum ), peeled, fried in vegetable oil",VEGETABLES,"Potato, other preparation methods",Jamaica,2005,70,6,14,Normal,10,50,249.6,"Glucose, 2h",Standard,"Capillary, plasma",Enzymatic,88,20,food,125,fried,name
1872,"Hash Browns, crispy shredded potato cakes, frozen, baked at 230°C for 17 min, Birds Eye™",VEGETABLES,"Potato, other preparation methods",Australia,2012,56,6,11,Normal,10,50,280.9,"Glucose, 2h",Standard,"Capillary, plasma",Enzymatic,UO5,20,food,125,baked,name
1873,"Potato, NS, steamed",VEGETABLES,"Potato, other preparation methods",China,2005,62,2,12,Normal,10,50,,"Glucose, 2h",Standard,"Venous, NS",NS,12,20,food,125,steamed,name
1874,"Sweet potato (Ipomoea batatas ), Dor cultivar, baked with skin on at 175°C for 45 min",VEGETABLES,"Sweet potato/Kumara, baked",Jamaica,2008,83,6,17,Normal,10,50,173,"Glucose, 2h",Standard,"Capillary, plasma",Enzymatic,122,20,food,125,baked,name
1875,"Sweet potato (Ipomoea batatas ), Clarendon cultivar, baked with skin on at 175°C for 45 min",VEGETABLES,"Sweet potato/Kumara, baked",Jamaica,2008,83,3,17,Normal,10,50,162,"Glucose, 2h",Standard,"Capillary, plasma",Enzymatic,122,20,food,125,baked,name
1876,"Sweet potato (Ipomoea batatas ), Eustace cultivar, baked with skin on at 175°C for 45 min",VEGETABLES,"Sweet potato/Kumara, baked",production Jamaica,2008,93,5,19,number) Normal,10,,,"period Glucose, 2h",Standard,"Capillary, plasma",method 4 Enzymatic,122,20,food,126,baked,name
1877,"Sweet potato (Ipomoea batatas ), Fire on Land cultivar, baked with skin on at 175°C for 45 min",VEGETABLES,"Sweet potato/Kumara, baked",Jamaica,2008,87,4,17,Normal,10,50,186,"Glucose, 2h",Standard,"Capillary, plasma",Enzymatic,122,20,food,126,baked,name
1878,"Sweet potato (Ipomoea batatas ), Ganja cultivar, baked with skin on at 175°C for 45 min",VEGETABLES,"Sweet potato/Kumara, baked",Jamaica,2008,82,3,16,Normal,10,50,162,"Glucose, 2h",Standard,"Capillary, plasma",Enzymatic,122,20,food,126,baked,name
1879,"Sweet potato (Ipomoea batatas ), Ms Mac cultivar, baked with skin on at 175°C for 45 min",VEGETABLES,"Sweet potato/Kumara, baked",Jamaica,2008,87,4,17,Normal,10,50,172,"Glucose, 2h",Standard,"Capillary, plasma",Enzymatic,122,20,food,126,baked,name
1880,"Sweet potato (Ipomoea batatas ), Minda cultivar, baked with skin on at 175°C for 45 min",VEGETABLES,"Sweet potato/Kumara, baked",Jamaica,2008,91,3,18,Normal,10,50,157,"Glucose, 2h",Standard,"Capillary, plasma",Enzymatic,122,20,food,126,baked,name
1881,"Sweet potato (Ipomoea batatas ), Quarter Million cultivar, baked with skin on at 175°C for 45 min",VEGETABLES,"Sweet potato/Kumara, baked",Jamaica,2008,94,3,19,Normal,10,50,183,"Glucose, 2h",Standard,"Capillary, plasma",Enzymatic,122,20,food,126,baked,name
1882,"Sweet potato (Ipomoea batatas ), Watson cultivar, baked with skin on at 175°C for 45 min",VEGETABLES,"Sweet potato/Kumara, baked",Jamaica,2008,85,2,17,Normal,10,50,173,"Glucose, 2h",Standard,"Capillary, plasma",Enzymatic,122,20,food,126,baked,name
1883,"Sweet potato (Ipomoea batatas ), Yellow Belly cultivar, baked with skin on at 175°C for 45 min",VEGETABLES,"Sweet potato/Kumara, baked",Jamaica,2008,86,2,17,Normal,10,50,171,"Glucose, 2h",Standard,"Capillary, plasma",Enzymatic,122,20,food,126,baked,name
1884,"Sweet potato (Ipomoea batatas ), NS, peeled, baked 45 min",VEGETABLES,"Sweet potato/Kumara, baked",Jamaica,2005,94,8,19,Normal,10,50,167.8,"Glucose, 2h",Standard,"Capillary, plasma",Enzymatic,122,20,food,126,baked,name
,"Roasted sweet potato, mean of 11 studies",VEGETABLES,"Sweet potato/Kumara, baked",,,88,,,,,,,,,,,,20,mean,126,roasted,name
1885,"Sweet potato (Ipomoea batatas ), Dor cultivar, peeled, cut into 25 mm slices, boiled in water for 20 min",VEGETABLES,"Sweet potato/Kumara, boiled",Jamaica,2008,47,3,9,Normal,10,50,235,"Glucose, 2h",Standard,"Capillary, plasma",Enzymatic,122,20,food,126,boiled,name
1886,"Sweet potato (Ipomoea batatas ), Clarendon cultivar, peeled, cut into 25 mm slices, boiled in water for 20 min",VEGETABLES,"Sweet potato/Kumara, boiled",Jamaica,2008,46,5,9,Normal,10,50,218,"Glucose, 2h",Standard,"Capillary, plasma",Enzymatic,122,20,food,126,boiled,name
1887,"Sweet potato (Ipomoea batatas ), Eustace cultivar, peeled, cut into 25 mm slices, boiled in water for 20 min",VEGETABLES,"Sweet potato/Kumara, boiled",Jamaica,2008,49,5,10,Normal,10,50,272,"Glucose, 2h",Standard,"Capillary, plasma",Enzymatic,122,20,food,126,boiled,name
1888,"Sweet potato (Ipomoea batatas ), Fire on Land cultivar, peeled, cut into 25 mm slices, boiled in water for 20 min",VEGETABLES,"Sweet potato/Kumara, boiled",Jamaica,2008,46,4,9,Normal,10,50,244,"Glucose, 2h",Standard,"Capillary, plasma",Enzymatic,122,20,food,126,boiled,name
1889,"Sweet potato (Ipomoea batatas ), Ganja cultivar, peeled, cut into 25 mm slices, boiled in water for 20 min",VEGETABLES,"Sweet potato/Kumara, boiled",Jamaica,2008,41,5,8,Normal,10,50,232,"Glucose, 2h",Standard,"Capillary, plasma",Enzymatic,122,20,food,126,boiled,name
1890,"Sweet potato (Ipomoea batatas ), Ms Mac cultivar, peeled, cut into 25 mm slices, boiled in water for 20 min",VEGETABLES,"Sweet potato/Kumara, boiled",Jamaica,2008,45,3,9,Normal,10,50,252,"Glucose, 2h",Standard,"Capillary, plasma",Enzymatic,122,20,food,126,boiled,name
1891,"Sweet potato (Ipomoea batatas ), Minda cultivar, peeled, cut into 25 mm slices, boiled in water for 20 min",VEGETABLES,"Sweet potato/Kumara, boiled",Jamaica,2008,49,4,10,Normal,10,50,233,"Glucose, 2h",Standard,"Capillary, plasma",Enzymatic,122,20,food,126,boiled,name
1892,"Sweet potato (Ipomoea batatas ), Quarter Million cultivar, peeled, cut into 25 mm slices, boiled in water for 20 min",VEGETABLES,"Sweet potato/Kumara, boiled",Jamaica,2008,49,4,10,Normal,10,50,252,"Glucose, 2h",Standard,"Capillary, plasma",Enzymatic,122,20,food,126,boiled,name
1893,"Sweet potato (Ipomoea batatas ), Watson cultivar, peeled, cut into 25 mm slices, boiled in water for 20 min",VEGETABLES,"Sweet potato/Kumara, boiled",production Jamaica,2008,43,4,9,number) Normal,10,,,"period Glucose, 2h",Standard,"Capillary, plasma",method 4 Enzymatic,122,20,food,127,boiled,name
1894,"Sweet potato (Ipomoea batatas ), Yellow Belly cultivar, peeled, cut into 25 mm slices, boiled in water for 20 min",VEGETABLES,"Sweet potato/Kumara, boiled",Jamaica,2008,50,3,10,Normal,10,50,346,"Glucose, 2h",Standard,"Capillary, plasma",Enzymatic,122,20,food,127,boiled,name
1895,"Sweet potato (Ipomoea batatas ), NS, peeled, cubed, boiled 30 min",VEGETABLES,"Sweet potato/Kumara, boiled",Jamaica,2005,46,5,9,Normal,10,50,234.6,"Glucose, 2h",Standard,"Capillary, plasma",Enzymatic,122,20,food,127,boiled,name
1896,"Sweet potato, orange flesh, NS, peeled, cut into pieces, boiled for 8 min",VEGETABLES,"Sweet potato/Kumara, boiled",Australia,2006,61,6,12,Normal,10,50,427.4,"Glucose, 2h",Standard,"Capillary, plasma",Enzymatic,UO5,20,food,127,boiled,name
1897,"Sweet potato, purple skin white flesh, peeled, cut into pieces, boiled for 8 min",VEGETABLES,"Sweet potato/Kumara, boiled",Australia,2006,75,5,15,Normal,9,50,255.1,"Glucose, 2h",Standard,"Capillary, plasma",Enzymatic,UO5,20,food,127,boiled,name
,"Boiled sweet potato, mean of 13 studies",VEGETABLES,"Sweet potato/Kumara, boiled",,,46,,,,,,,,,,,,20,mean,127,boiled,name
1898,"Red sweet potato (Ipomoea batatas ), NS, cooking method NS",VEGETABLES,"Sweet potato/Kumara, cooked",New Zealand,2011*,84,6,17,Normal,30,50,,"Glucose, 2h",Standard,"Capillary, whole blood",HemoCue,69,20,food,127,boiled,subgroup
1899,"Sweet potato, kumara, cooking method NS",VEGETABLES,"Sweet potato/Kumara, cooked",New Zealand,2000,77,12,15,Normal,9,50,,"Glucose, 2h",Standard,"Venous, plasma",Enzymatic,27,20,food,127,boiled,subgroup
1900,"Sweet potato (Ipomoea batatas ), Dor cultivar, peeled, cut into 10 mm wedges, fried in pre-heated vegetable oil",VEGETABLES,"Sweet potato, fried",Jamaica,2008,76,4,15,Normal,10,50,173,"Glucose, 2h",Standard,"Capillary, plasma",Enzymatic,122,20,food,127,fried,name
1901,"Sweet potato (Ipomoea batatas ), Clarendon cultivar, peeled, cut into 10 mm wedges, fried in pre-heated vegetable oil",VEGETABLES,"Sweet potato, fried",Jamaica,2008,73,3,15,Normal,10,50,162,"Glucose, 2h",Standard,"Capillary, plasma",Enzymatic,122,20,food,127,fried,name
1902,"Sweet potato (Ipomoea batatas ), Eustace cultivar, peeled, cut into 10 mm wedges, fried in pre-heated vegetable oil",VEGETABLES,"Sweet potato, fried",Jamaica,2008,77,4,15,Normal,10,50,182,"Glucose, 2h",Standard,"Capillary, plasma",Enzymatic,122,20,food,127,fried,name
1903,"Sweet potato (Ipomoea batatas ), Fire on Land cultivar, peeled, cut into 10 mm wedges, fried in pre-heated vegetable oil",VEGETABLES,"Sweet potato, fried",Jamaica,2008,75,3,15,Normal,10,50,186,"Glucose, 2h",Standard,"Capillary, plasma",Enzymatic,122,20,food,127,fried,name
1904,"Sweet potato (Ipomoea batatas ), Ganja cultivar, peeled, cut into 10 mm wedges, fried in pre-heated vegetable oil",VEGETABLES,"Sweet potato, fried",Jamaica,2008,69,3,14,Normal,10,50,162,"Glucose, 2h",Standard,"Capillary, plasma",Enzymatic,122,20,food,127,fried,name
1905,"Sweet potato (Ipomoea batatas ), Ms Mac cultivar, peeled, cut into 10 mm wedges, fried in pre-heated vegetable oil",VEGETABLES,"Sweet potato, fried",Jamaica,2008,63,2,13,Normal,10,50,172,"Glucose, 2h",Standard,"Capillary, plasma",Enzymatic,122,20,food,127,fried,name
1906,"Sweet potato (Ipomoea batatas ), Minda cultivar, peeled, cut into 10 mm wedges, fried in pre-heated vegetable oil",VEGETABLES,"Sweet potato, fried",Jamaica,2008,68,3,14,Normal,10,50,157,"Glucose, 2h",Standard,"Capillary, plasma",Enzymatic,122,20,food,127,fried,name
1907,"Sweet potato (Ipomoea batatas ), Quarter Million cultivar, peeled, cut into 10 mm wedges, fried in pre-heated vegetable oil",VEGETABLES,"Sweet potato, fried",Jamaica,2008,70,6,14,Normal,10,50,183,"Glucose, 2h",Standard,"Capillary, plasma",Enzymatic,122,20,food,127,fried,name
1908,"Sweet potato (Ipomoea batatas ), Watson cultivar, peeled, cut into 10 mm wedges, fried in pre-heated vegetable oil",VEGETABLES,"Sweet potato, fried",production Jamaica,2008,67,4,13,number) Normal,10,,,"period Glucose, 2h",Standard,"Capillary, plasma",method 4 Enzymatic,122,20,food,128,fried,name
1909,"Sweet potato (Ipomoea batatas ), Yellow Belly cultivar, peeled, cut into 10 mm wedges, fried in pre-heated vegetable oil",VEGETABLES,"Sweet potato, fried",Jamaica,2008,72,4,14,Normal,10,50,171,"Glucose, 2h",Standard,"Capillary, plasma",Enzymatic,122,20,food,128,fried,name
1910,"Sweet potato (Ipomoea batatas ), NS, peeled, fried in vegetable oil",VEGETABLES,"Sweet potato, fried",Jamaica,2005,76,7,15,Normal,10,50,167.8,"Glucose, 2h",Standard,"Capillary, plasma",Enzymatic,88,20,food,128,fried,name
,"Fried sweet potato, mean of 11 studies",VEGETABLES,"Sweet potato, fried",,,71,,,,,,,,,,,,20,mean,128,fried,name
1911,"Sweet potato (Ipomoea batatas ), Dor cultivar, skin on, roasted on pre-heated charcoal for 45 min",VEGETABLES,"Sweet potato/Kumara, roasted",Jamaica,2008,86,4,17,Normal,10,50,173,"Glucose, 2h",Standard,"Capillary, plasma",Enzymatic,122,20,food,128,roasted,name
1912,"Sweet potato (Ipomoea batatas ), Clarendon cultivar, skin on, roasted on pre-heated charcoal for 45 min",VEGETABLES,"Sweet potato/Kumara, roasted",Jamaica,2008,81,4,16,Normal,10,50,162,"Glucose, 2h",Standard,"Capillary, plasma",Enzymatic,122,20,food,128,roasted,name
1913,"Sweet potato (Ipomoea batatas ), Eustace cultivar, skin on, roasted on pre-heated charcoal for 45 min",VEGETABLES,"Sweet potato/Kumara, roasted",Jamaica,2008,93,2,19,Normal,10,50,182,"Glucose, 2h",Standard,"Capillary, plasma",Enzymatic,122,20,food,128,roasted,name
1914,"Sweet potato (Ipomoea batatas ), Fire on Land cultivar, skin on, roasted on pre-heated charcoal for 45 min",VEGETABLES,"Sweet potato/Kumara, roasted",Jamaica,2008,90,3,18,Normal,10,50,186,"Glucose, 2h",Standard,"Capillary, plasma",Enzymatic,122,20,food,128,roasted,name
1915,"Sweet potato (Ipomoea batatas ), Ganja cultivar, skin on, roasted on pre-heated ch arcoal for 45 min",VEGETABLES,"Sweet potato/Kumara, roasted",Jamaica,2008,79,4,16,Normal,10,50,162,"Glucose, 2h",Standard,"Capillary, plasma",Enzymatic,122,20,food,128,roasted,name
1916,"Sweet potato (Ipomoea batatas ), Ms Mac cultivar, skin on, roasted on pre-heated charcoal for 45 min",VEGETABLES,"Sweet potato/Kumara, roasted",Jamaica,2008,85,4,17,Normal,10,50,172,"Glucose, 2h",Standard,"Capillary, plasma",Enzymatic,122,20,food,128,roasted,name
1917,"Sweet potato (Ipomoea batatas ), Minda cultivar, skin on, roasted on pre-heated ch arcoal for 45 min",VEGETABLES,"Sweet potato/Kumara, roasted",Jamaica,2008,89,3,18,Normal,10,50,157,"Glucose, 2h",Standard,"Capillary, plasma",Enzymatic,122,20,food,128,roasted,name
1918,"Sweet potato (Ipomoea batatas ), Quarter Million cultivar, skin on, roasted on pre-heated charcoal for 45 min",VEGETABLES,"Sweet potato/Kumara, roasted",Jamaica,2008,91,2,18,Normal,10,50,183,"Glucose, 2h",Standard,"Capillary, plasma",Enzymatic,122,20,food,128,roasted,name
1919,"Sweet potato (Ipomoea batatas ), Watson cultivar, skin on, roasted on pre-heated charcoal for 45 min",VEGETABLES,"Sweet potato/Kumara, roasted",Jamaica,2008,87,2,17,Normal,10,50,173,"Glucose, 2h",Standard,"Capillary, plasma",Enzymatic,122,20,food,128,roasted,name
1920,"Sweet potato (Ipomoea batatas ), Yellow Belly cultivar, skin on, roasted on pre-heated charcoal for 45 min",VEGETABLES,"Sweet potato/Kumara, roasted",Jamaica,2008,85,2,17,Normal,10,50,171,"Glucose, 2h",Standard,"Capillary, plasma",Enzymatic,122,20,food,128,roasted,name
1921,"Sweet potato (Ipomoea batatas ), NS, peeled, roasted on preheated charcoal",VEGETABLES,"Sweet potato/Kumara, roasted",Jamaica,2005,82,5,16,Normal,10,50,167.8,"Glucose, 2h",Standard,"Capillary, plasma",Enzymatic,88,20,food,128,roasted,name
,"Roasted sweet potato, mean of 11 studies",VEGETABLES,"Sweet potato/Kumara, roasted",,,86,,,,,,,,,,,,20,mean,128,roasted,name
1922,"Sweet potato lattices, processed sweet potato product, baked at 210°C for 18 min (Simplot Australia Pty Ltd, Australia)",VEGETABLES,"Sweet potato/Kumara, roasted",Australia,2012,51,4,10,Normal,10,50,233.6,"Glucose, 2h",Standard,"Capillary, plasma",Enzymatic,UO5,20,food,128,baked,name
1923,"Dasheen (Taro), peeled, cubed, boiled 30 min",VEGETABLES,Taro /Dasheen,Jamaica,2005,72,5,14,Normal,10,50,279.3,"Glucose, 2h",Standard,"Capillary, plasma",Enzymatic,88,20,food,129,boiled,name
1924,"Dasheen, peeled, boiled 30 min, refrigerated, reheated for 1 min",VEGETABLES,Taro /Dasheen,Canada,2003,77,10,15,Normal,10,50,131,"Bread, 2h",Standard,"Capillary, plasma",Enzymatic,116,20,food,129,boiled,name
1925,"Coco yam (Xanthosoma spp. ), peeled, cubed, boiled 30 min",VEGETABLES,Yam,Jamaica,2005,61,5,12,Normal,10,50,482.6,"Glucose, 2h",Standard,"Capillary, plasma",Enzymatic,88,20,food,129,boiled,name
1926,"Lucea Yam (Dioscorea rotundata) , peeled, cubed, boiled 30 min",VEGETABLES,Yam,Jamaica,2005,74,7,15,Normal,10,50,274.4,"Glucose, 2h",Standard,"Capillary, plasma",Enzymatic,88,20,food,129,boiled,name
1927,"Lucea Yam (Dioscorea rotundata) , peeled, roasted on preheated charcoal",VEGETABLES,Yam,Jamaica,2005,77,5,15,Normal,10,50,198.2,"Glucose, 2h",Standard,"Capillary, plasma",Enzymatic,88,20,food,129,roasted,name
1928,"Negro yam (Dioscorea rotundata) , peeled, cubed, boiled 30 min",VEGETABLES,Yam,Jamaica,2005,73,4,15,Normal,10,50,235.1,"Glucose, 2h",Standard,"Capillary, plasma",Enzymatic,88,20,food,129,boiled,name
1929,"Negro yam (Dioscorea rotundata) , peeled, roasted on preheated charcoal",VEGETABLES,Yam,Jamaica,2005,73,6,15,Normal,10,50,194.3,"Glucose, 2h",Standard,"Capillary, plasma",Enzymatic,88,20,food,129,roasted,name
1930,"Round leaf yellow yam (Dioscorea cayenensis) , peeled, cubed, boiled 30 min",VEGETABLES,Yam,Jamaica,2005,68,3,14,Normal,10,50,223.0,"Glucose, 2h",Standard,"Capillary, plasma",Enzymatic,88,20,food,129,boiled,name
1931,"Round leaf yellow yam (Dioscorea cayenensis) , peeled, roasted on preheated charcoal",VEGETABLES,Yam,Jamaica,2005,80,7,16,Normal,10,50,186.4,"Glucose, 2h",Standard,"Capillary, plasma",Enzymatic,88,20,food,129,roasted,name
1932,"Sweet yam (Dioscorea alata) , peeled, cubed, boiled 30 min",VEGETABLES,Yam,Jamaica,2005,79,4,16,Normal,10,50,298.0,"Glucose, 2h",Standard,"Capillary, plasma",Enzymatic,88,20,food,129,boiled,name
1933,"Sweet yam (Dioscorea alata) , peeled, roasted on preheated charcoal",VEGETABLES,Yam,Jamaica,2005,82,7,16,Normal,10,50,192.5,"Glucose, 2h",Standard,"Capillary, plasma",Enzymatic,88,20,food,129,roasted,name
1934,"White yam (Dioscorea alata) , peeled, cubed, boiled 30 min",VEGETABLES,Yam,Jamaica,2005,75,6,15,Normal,10,50,239.0,"Glucose, 2h",Standard,"Capillary, plasma",Enzymatic,88,20,food,129,boiled,name
1935,"White yam (Dioscorea alata) , peeled, roasted on preheated charcoal",VEGETABLES,Yam,Jamaica,2005,80,6,16,Normal,10,50,214.1,"Glucose, 2h",Standard,"Capillary, plasma",Enzymatic,88,20,food,129,roasted,name
1936,"White yam (Dioscorea alata ), peeled, boiled 30 min, refrigerated, reheated for 1 min",VEGETABLES,Yam,Canada,2003,62,6,12,Normal,10,50,300,"Bread, 2h",Standard,"Capillary, plasma",Enzymatic,116,20,food,129,boiled,name
1937,"Yam (Chinese sweet potato; Ipomoea batatas L. Lam), skin peeled, cut into 5 cm cubes, steamed by rice cooker",VEGETABLES,Yam,Taiwan,2010*,37,0.2,7,Normal,10,50,70,"Bread, 2h",Standard,"Capillary, whole blood",Enzymatic,60,20,food,129,boiled,name
1938,"Yam (Dioscorea cayenensis), round leaf yellow yam, cut into mm chunks, boiled for 20 min, simmered for 10 min",VEGETABLES,Yam,Jamaica,2008*,68,3,14,Normal,10,50,,"Glucose, 2h",Standard,"Capillary, whole blood",Enzymatic,123,20,food,129,boiled,name
1939,"Yam (Dioscorea alata ), white yam, cut into 25 mm chunks, boiled for 20 min, simmered for 10 min",VEGETABLES,Yam,production Jamaica,2008*,75,6,15,number) Normal,10,,,"period Glucose, 2h",Standard,"Capillary, whole blood",method 4 Enzymatic,123,20,food,130,boiled,name
1940,"Yam (Dioscorea esculenta) , Chinese yam, cut into 25 mm chunks, boiled for 20 min, simmered for 10 min",VEGETABLES,Yam,Jamaica,2008*,97,10,19,Normal,10,50,,"Glucose, 2h",Standard,"Capillary, whole blood",Enzymatic,123,20,food,130,boiled,name
1941,"Yam (Dioscorea rotundata) , Lucea yam, cut into 25 mm chunks, boiled for 20 min, simmered for 10 min",VEGETABLES,Yam,Jamaica,2008*,74,7,15,Normal,10,50,,"Glucose, 2h",Standard,"Capillary, whole blood",Enzymatic,123,20,food,130,boiled,name
,"Yam, mean of 21 studies",VEGETABLES,Yam,,,68,,,,,,,,,,,,20,mean,130,,
1942,"Yam, cooked, NS",VEGETABLES,Yam,China,2005,54,2,11,Normal,10,50,,"Glucose, 2h",Standard,"Venous, NS",NS,12,20,food,130,boiled,name
1943,"Yam, peeled, boiled",VEGETABLES,Yam,New Zealand,2000,35,5,7,Normal,14,50,,"Glucose, 2h",Standard,"Venous, plasma",Enzymatic,27,20,food,130,boiled,name
1944,"Yam, steamed",VEGETABLES,Yam,China,2005,51,4,10,Normal,10,50,,"Glucose, 2h",Standard,"Venous, NS",NS,12,20,food,130,steamed,name
1945,"Tomato sauce, with extra cheese (Pasta Bake, Dolmio, Mars Foods, New Zealand)",VEGETABLES,Vegetable products,New Zealand,2011*,35,3,4,Normal,30,25,,"Glucose, 2h",Standard,"Capillary, whole blood",HemoCue,69,20,food,130,baked,name
1946,"Tomato and vegetable pasta sauce, commercially-prepared",VEGETABLES,Vegetable products,France,2007,23,3,2,Normal,10,50,595.2,"Glucose, 2h",Standard,"Capillary, plasma",Enzymatic,UO5,20,food,130,,
1947,"Aloco, plantain (Musa spp. Agnrin) slices (yellow stage of ripeness aag6), salted and fried in vegetable oil",REGIONAL OR TRADITIONAL FOODS,AFRICAN,Cô te d’Ivoire,2017*,39,0.3,14,Normal,28,50,99.0,"Glucose, 2h",Standard,"Capillary, whole blood",Glucometer 9,115,35,food,130,fried,name
1948,"Aloco, plantain (Musa spp. Agnrin) slices (yellow with black spots stage of ripeness aag7), salted and fried in vegetable oil",REGIONAL OR TRADITIONAL FOODS,AFRICAN,Cô te d’Ivoire,2017*,39,1,14,Normal,28,50,97.0,"Glucose, 2h",Standard,"Capillary, whole blood",Glucometer 9,115,35,food,130,fried,name
1949,"Banane braise (blissi), unripe or half-ripe plantain (Musa spp. Afoto), roasted on heated charcoal",REGIONAL OR TRADITIONAL FOODS,AFRICAN,Cô te d’Ivoire,2017*,88,2,31,Normal,28,50,122.9,"Glucose, 2h",Standard,"Capillary, whole blood",Glucometer 9,115,35,food,130,roasted,name
1950,"Klaclo, plantain fritters made from blended over-ripe plantain (Musa spp. Ameletiha) mixed with cornflour, fried in vegetable oil",REGIONAL OR TRADITIONAL FOODS,AFRICAN,Cô te d’Ivoire,2017*,44,0.3,15,Normal,28,50,101.8,"Glucose, 2h",Standard,"Capillary, whole blood",Glucometer 9,115,35,food,130,fried,name
1951,"Meat and okra soup, with fermented cassava dough",REGIONAL OR TRADITIONAL FOODS,AFRICAN,Nigeria,2015*,75,0.5,26,Normal,100,50,276.1,"Glucose, 2h",Standard,"Venous, plasma",Enzymatic,124,35,food,130,,
1952,"Meat, beans and corn pottage with spinach",REGIONAL OR TRADITIONAL FOODS,AFRICAN,Nigeria,2015*,33,0.1,12,Normal,100,50,520.3,"Glucose, 2h",Standard,"Venous, plasma",Enzymatic,124,35,food,130,,
1953,Pap and Bambara nut pudding,REGIONAL OR TRADITIONAL FOODS,AFRICAN,Nigeria,2015*,40,0.3,14,Normal,100,50,455.4,"Glucose, 2h",Standard,"Venous, plasma",Enzymatic,124,35,food,130,,
1954,"Ugali porridge (corn foofoo, pap) made from whole maize flour, cooked for 15 min",REGIONAL OR TRADITIONAL FOODS,AFRICAN,production India,2019*,71,5,25,number) Normal,15,,,"period Glucose, 2h",Standard,"Capillary, whole blood",method 4 HemoCue,79,35,food,131,boiled,name
1955,"Ugali porridge (corn foofoo, pap) made from refined maize flour, cooked for 15 min",REGIONAL OR TRADITIONAL FOODS,AFRICAN,India,2019*,75,7,26,Normal,15,50,69.4,"Glucose, 2h",Standard,"Capillary, whole blood",HemoCue,79,35,food,131,boiled,name
1956,Arabic bread (baked bread),REGIONAL OR TRADITIONAL FOODS,ARABIC AND TURKISH,UAE,2017*,67,5,23,Normal,25,50,78.8,"Glucose, 2h",Standard,"Capillary, whole blood",HemoCue,125,35,food,131,baked,name
1957,Arseyah (Basmati rice with chicken),REGIONAL OR TRADITIONAL FOODS,ARABIC AND TURKISH,UAE,2017*,72,4,25,Normal,15,50,507.6,"Glucose, 2h",Standard,"Capillary, whole blood",HemoCue,125,35,food,131,,
1958,Balalet (Sweet vermicelli),REGIONAL OR TRADITIONAL FOODS,ARABIC AND TURKISH,UAE,2017*,63,5,22,Normal,15,50,179.1,"Glucose, 2h",Standard,"Capillary, whole blood",HemoCue,125,35,food,131,,
1959,Batheetha (Khalas date paste),REGIONAL OR TRADITIONAL FOODS,ARABIC AND TURKISH,UAE,2017*,59,4,21,Normal,20,50,130.9,"Glucose, 2h",Standard,"Capillary, whole blood",HemoCue,125,35,food,131,,
1960,"Biryani, chicken (Basmati rice with chicken)",REGIONAL OR TRADITIONAL FOODS,ARABIC AND TURKISH,UAE,2017*,52,4,18,Normal,15,50,253.9,"Glucose, 2h",Standard,"Capillary, whole blood",HemoCue,125,35,food,131,,
1961,"Boiled vermicelli (Swayweih/Ballaleet), cooked with sugar, served with Omani coffee (130 mL, 225 mg caffeine)",REGIONAL OR TRADITIONAL FOODS,ARABIC AND TURKISH,Oman,2020*,64,5,22,Normal,12,50,,"Glucose, 2h",Standard,"Capillary, whole blood",Glucometer 9,6,35,food,131,boiled,name
1962,"Boiled vermicelli (Swayweih/Ballaleet), cooked with sugar, served with water",REGIONAL OR TRADITIONAL FOODS,ARABIC AND TURKISH,Oman,2020*,67,5,23,Normal,12,50,,"Glucose, 2h",Standard,"Capillary, whole blood",Glucometer 9,6,35,food,131,boiled,name
1963,Chami (cottage cheese),REGIONAL OR TRADITIONAL FOODS,ARABIC AND TURKISH,UAE,2017*,60,9,21,Normal,16,25,472.2,"Glucose, 2h",Standard,"Capillary, whole blood",HemoCue,125,35,food,131,,
1964,Chebab bread (Emirati pancake),REGIONAL OR TRADITIONAL FOODS,ARABIC AND TURKISH,UAE,2017*,54,8,19,Normal,15,50,109.1,"Glucose, 2h",Standard,"Capillary, whole blood",HemoCue,125,35,food,131,,
1965,"Croissant, served with Omani coffee (130 mL, 225 mg caffeine)",REGIONAL OR TRADITIONAL FOODS,ARABIC AND TURKISH,Oman,2020*,65,4,23,Normal,12,50,,"Glucose, 2h",Standard,"Capillary, whole blood",Glucometer 9,6,35,food,131,,
1966,"Dates, Khalas (Rutab, soft early ripened) (91.1 g), eaten with full-fat plain yoghurt (125 g)",REGIONAL OR TRADITIONAL FOODS,ARABIC AND TURKISH,UAE,2002,37,5,13,Normal,9,50,216.1,"Glucose, 2h",NS,"Capillary, whole blood",Glucometer 9,91,35,food,131,,
1967,"Dates, Khalas variety (Al Saad date factory, Al Ain), served with Arabic coffee",REGIONAL OR TRADITIONAL FOODS,ARABIC AND TURKISH,UAE,2010,53,6,19,Normal,13,50,,"Glucose, 2h",Standard,"Capillary, whole blood",Glucometer 9,126,35,food,131,,
1968,"Doughnut, served with Omani coffee (130 mL, 225 mg caffeine)",REGIONAL OR TRADITIONAL FOODS,ARABIC AND TURKISH,Oman,2020*,77,3,27,Normal,12,50,,"Glucose, 2h",Standard,"Capillary, whole blood",Glucometer 9,6,35,food,131,,
1969,"Fendal (boiled sweet potato, dates added to cooking water)",REGIONAL OR TRADITIONAL FOODS,ARABIC AND TURKISH,UAE,2017*,74,7,26,Normal,20,50,157.9,"Glucose, 2h",Standard,"Capillary, whole blood",HemoCue,125,35,food,131,boiled,name
1970,"Fried vermicelli (Swayweih/Ballaleet), cooked with sugar, served with Omani coffee (130 mL, 225 mg caffeine)",REGIONAL OR TRADITIONAL FOODS,ARABIC AND TURKISH,Oman,2020*,65,5,23,Normal,12,50,,"Glucose, 2h",Standard,"Capillary, whole blood",Glucometer 9,6,35,food,131,boiled,name
1971,"Fried vermicelli (Swayweih/Ballaleet), cooked with sugar, served with water",REGIONAL OR TRADITIONAL FOODS,ARABIC AND TURKISH,production Oman,2020*,72,4,25,number) Normal,12,,,"period Glucose, 2h",Standard,"Capillary, whole blood",method 4 Glucometer 9,6,35,food,132,boiled,name
1972,"Habba Hamra (red seed drink, containing evaporated milk)",REGIONAL OR TRADITIONAL FOODS,ARABIC AND TURKISH,UAE,2017*,47,3,16,Normal,15,50,314.1,"Glucose, 2h",Standard,"Capillary, whole blood",HemoCue,125,35,food,132,,
1973,"Harees, beef (whole wheat served with meat)",REGIONAL OR TRADITIONAL FOODS,ARABIC AND TURKISH,UAE,2017*,42,2,15,Normal,15,50,323.0,"Glucose, 2h",Standard,"Capillary, whole blood",HemoCue,125,35,food,132,,
1974,Khabisa (semolina pudding with cardamom),REGIONAL OR TRADITIONAL FOODS,ARABIC AND TURKISH,UAE,2017*,67,4,23,Normal,15,50,89.0,"Glucose, 2h",Standard,"Capillary, whole blood",HemoCue,125,35,food,132,,
1975,Khameer bread (baked bread),REGIONAL OR TRADITIONAL FOODS,ARABIC AND TURKISH,UAE,2017*,47,3,16,Normal,15,50,91.1,"Glucose, 2h",Standard,"Capillary, whole blood",HemoCue,125,35,food,132,baked,name
1976,Khanfaroosh (Doughnut cake),REGIONAL OR TRADITIONAL FOODS,ARABIC AND TURKISH,UAE,2017*,45,3,16,Normal,15,50,126.3,"Glucose, 2h",Standard,"Capillary, whole blood",HemoCue,125,35,food,132,,
1977,Legemat (Doughnut cake),REGIONAL OR TRADITIONAL FOODS,ARABIC AND TURKISH,UAE,2017*,44,4,15,Normal,15,50,113.1,"Glucose, 2h",Standard,"Capillary, whole blood",HemoCue,125,35,food,132,,
1978,"Machbous, fish (Basmati rice with fish)",REGIONAL OR TRADITIONAL FOODS,ARABIC AND TURKISH,UAE,2017*,60,3,21,Normal,20,50,277.8,"Glucose, 2h",Standard,"Capillary, whole blood",HemoCue,125,35,food,132,,
1979,Muhalla bread (Emirati sweet crepe),REGIONAL OR TRADITIONAL FOODS,ARABIC AND TURKISH,UAE,2017*,77,2,27,Normal,15,50,73.9,"Glucose, 2h",Standard,"Capillary, whole blood",HemoCue,125,35,food,132,,
1980,Regag bread (Thin crispy crepe),REGIONAL OR TRADITIONAL FOODS,ARABIC AND TURKISH,UAE,2017*,76,7,27,Normal,25,50,112.9,"Glucose, 2h",Standard,"Capillary, whole blood",HemoCue,125,35,food,132,,
1981,"Sambosa vegetable, fried in oil, served with water",REGIONAL OR TRADITIONAL FOODS,ARABIC AND TURKISH,Oman,2020*,60,5,21,Normal,12,50,,"Glucose, 2h",Standard,"Capillary, whole blood",Glucometer 9,6,35,food,132,fried,name
1982,"Sambosa vegetable, fried in oil, served with Omani coffee (130 mL, 225 mg caffeine)",REGIONAL OR TRADITIONAL FOODS,ARABIC AND TURKISH,Oman,2020*,57,4,20,Normal,12,50,,"Glucose, 2h",Standard,"Capillary, whole blood",Glucometer 9,6,35,food,132,fried,name
1983,"Thareed, beef (Regag bread served with meat stew)",REGIONAL OR TRADITIONAL FOODS,ARABIC AND TURKISH,UAE,2017*,74,3,26,Normal,15,50,460.0,"Glucose, 2h",Standard,"Capillary, whole blood",HemoCue,125,35,food,132,,
1984,"Baked Barbecued Pork Puff, instant (Hoixe Cake Shop, H.K.)",REGIONAL OR TRADITIONAL FOODS,ASIAN,China,2010*,55,8,19,Normal,15,50,161,"Glucose, 2h",Standard,"Capillary, whole blood",YSI,127,35,food,132,instant,name
1985,"Barbecue pork bun, instant (Maxim's MX, H.K.)",REGIONAL OR TRADITIONAL FOODS,ASIAN,China,2010*,69,9,24,Normal,15,50,119,"Glucose, 2h",Standard,"Capillary, whole blood",YSI,127,35,food,132,instant,name
1986,"Barley Drink (ready-to-drink packet drink made from pearl barley and dried winter melon) (F&N Foods Private Limited, Singapore)",REGIONAL OR TRADITIONAL FOODS,ASIAN,Singapore,2015*,62,6,22,Normal,11,50,657.9,"Glucose, 2h",Standard,"Capillary, whole blood",HemoCue,18,35,food,132,dried,name
1987,"Beehoon (rice vermicelli), cooked for 1.5 min (NTUC Fairprice, Singapore)",REGIONAL OR TRADITIONAL FOODS,ASIAN,Singapore,2015*,35,3,12,Normal,11,50,61.9,"Glucose, 2h",Standard,"Capillary, whole blood",HemoCue,18,35,food,132,boiled,name
1988,"Bread, Garden milk bar bun",REGIONAL OR TRADITIONAL FOODS,ASIAN,production China,2010*,73,8,26,number) Normal,10,,,"period Glucose, 2h",Standard,"Capillary, whole blood",method 4 HemoCue,28,35,food,133,,
1989,"Bun, white, filled with red bean paste",REGIONAL OR TRADITIONAL FOODS,ASIAN,Singapore,2018*,58,4,20,Normal,19,50,106,"Glucose, 2h",Standard,"Capillary, whole blood",HemoCue,57,35,food,133,,
1990,"Bun, steamed, made from wheat flour",REGIONAL OR TRADITIONAL FOODS,ASIAN,China,2016,85,7,30,Normal,10,25,47.6,"Glucose, 2h",Standard,"Capillary, whole blood",Enzymatic,UO18,35,food,133,steamed,name
1991,"Bun, white, steamed Chinese",REGIONAL OR TRADITIONAL FOODS,ASIAN,Malaysia,2018*,58,3,20,Normal,19,50,88,"Glucose, 2h",Standard,"Capillary, whole blood",HemoCue,57,35,food,133,steamed,name
1992,"Butter rice, warm white rice and 10 g butter",REGIONAL OR TRADITIONAL FOODS,ASIAN,Japan,2003,79,12,28,Normal,10,50,157,"Rice 17 , 2h",Standard,"Capillary, whole blood",Glucometer 9,45,35,food,133,,
1993,Cake crisp,REGIONAL OR TRADITIONAL FOODS,ASIAN,China,2005,59,2,21,Normal,10,50,,"Glucose, 2h",Standard,"Venous, NS",NS,12,35,food,133,,
1994,"Cereal Solid Beverage, common type (LVSHOU Health Indystry Group, Guangzhou, China)",REGIONAL OR TRADITIONAL FOODS,ASIAN,China,2020,53,5,19,Normal,12,25,62.5,"Glucose, 2h",Standard,"Capillary, plasma",Enzymatic,UO18,35,food,133,,
1995,"Cereal Solid Beverage, fortified type (LVSHOU Health Indystry Group, Guangzhou, China)",REGIONAL OR TRADITIONAL FOODS,ASIAN,China,2020,42,4,15,Normal,12,25,71.4,"Glucose, 2h",Standard,"Capillary, plasma",Enzymatic,UO18,35,food,133,,
1996,"Char Siew Pau, steamed barbecue pork bun (Tanjong Rhu Pau & Confectionary, Singapore)",REGIONAL OR TRADITIONAL FOODS,ASIAN,Singapore,2015*,66,7,23,Normal,10,50,154.8,"Glucose, 2h",Standard,"Capillary, whole blood",HemoCue,18,35,food,133,steamed,name
1997,"Chee Cheong Fun, rice noodle roll or steamed rice roll, plain served with sweet soya sauce (Hock Seng Food Private Ltd, Singapore)",REGIONAL OR TRADITIONAL FOODS,ASIAN,Singapore,2015*,81,7,28,Normal,10,50,277.8,"Glucose, 2h",Standard,"Capillary, whole blood",HemoCue,18,35,food,133,steamed,name
1998,"Chinese Carrot Cake, turnip cake, daikon cake or radish cake, pan-fired shredded radish with plain rice flour (Wei Cian Foods Private Ltd, Singapore)",REGIONAL OR TRADITIONAL FOODS,ASIAN,Singapore,2015*,77,8,27,Normal,10,50,316.5,"Glucose, 2h",Standard,"Capillary, whole blood",HemoCue,18,35,food,133,,
1999,"Chinese herbal jelly, instant, prepared freshly in the morning (Guang Jian Tang Brand, Kwong Tai Agency Co., Ltd., China)",REGIONAL OR TRADITIONAL FOODS,ASIAN,China,2010*,47,3,16,Normal,15,50,333,"Glucose, 2h",Standard,"Capillary, whole blood",YSI,127,35,food,133,instant,name
2000,"Chinese Yam Cake, taro cake or pan-fried shredded yam with plan rice four (Wei Cian Foods Private Limited)",REGIONAL OR TRADITIONAL FOODS,ASIAN,Singapore,2015*,86,11,30,Normal,10,50,392.2,"Glucose, 2h",Standard,"Capillary, whole blood",HemoCue,18,35,food,133,fried,name
2001,"Curry Puff, deep-fried pastry dough stuffed with curry, chicken and potatoes (Old Chang Kee (S) Private Limited)",REGIONAL OR TRADITIONAL FOODS,ASIAN,Singapore,2015*,41,4,14,Normal,11,50,129.6,"Glucose, 2h",Standard,"Capillary, whole blood",HemoCue,18,35,food,133,fried,name
2002,Curry rice,REGIONAL OR TRADITIONAL FOODS,ASIAN,Japan,2003,67,8,23,Normal,10,50,224,"17 Rice , 2h",Standard,"Capillary, whole blood",9 Glucometer,45,35,food,133,,
2003,Curry rice with processed cheese,REGIONAL OR TRADITIONAL FOODS,ASIAN,Japan,2003,55,9,19,Normal,10,50,255,"17 Rice , 2h",Standard,"Capillary, whole blood",9 Glucometer,45,35,food,133,,
2004,"Dumpling, containing meat and shallots",REGIONAL OR TRADITIONAL FOODS,ASIAN,China,2005,28,3,10,Normal,10,50,,"Glucose, 2h",Standard,"Venous, NS",NS,12,35,food,133,,
2005,"Dumpling, highland buckwheat flour & beef vegetables fillings (Tibet Jingu Agricultural High Tech. Tibet, China)",REGIONAL OR TRADITIONAL FOODS,ASIAN,China,2020,43,4,15,Normal,12,50,224.1,"Glucose, 2h",Standard,"Capillary, whole blood",Enzymatic,18 UO,35,food,133,,
2006,"Egg tart, instant, freshly prepared in the morning (Maxim's MX, Hong Kong)",REGIONAL OR TRADITIONAL FOODS,ASIAN,production China,2010*,45,3,16,number) Normal,15,,,"period Glucose, 2h",Standard,"Capillary, whole blood",method 4 YSI,127,35,food,134,instant,name
2007,"Fried Fritter, instant (Ocean Empire International Ltd., H.K.)",REGIONAL OR TRADITIONAL FOODS,ASIAN,China,2010*,69,9,24,Normal,15,50,139,"Glucose, 2h",Standard,"Capillary, whole blood",YSI,127,35,food,134,instant,name
2008,"Fried Rice in Yangzhou-style, instant",REGIONAL OR TRADITIONAL FOODS,ASIAN,China,2010*,80,6,28,Normal,15,50,217,"Glucose, 2h",Standard,"Capillary, whole blood",YSI,127,35,food,134,instant,name
2009,Fried rice vermicelli in Singapore-style,REGIONAL OR TRADITIONAL FOODS,ASIAN,China,2010*,54,6,19,Normal,15,50,333,"Glucose, 2h",Standard,"Capillary, whole blood",YSI,127,35,food,134,fried,name
2010,Fried rice vermicelli in Singapore-style,REGIONAL OR TRADITIONAL FOODS,ASIAN,China,2010*,58,9,20,Normal,15,25,167,"Glucose, 2h",Standard,"Capillary, whole blood",YSI,127,35,food,134,fried,name
2011,"Glutaminous rice flour (Satou Co. Ltd), instant, served warm with roasted ground soybean",REGIONAL OR TRADITIONAL FOODS,ASIAN,Japan,2003,65,4,23,Normal,9,50,122,"Rice 17 , 2h",Standard,"Capillary, whole blood",Glucometer 9,45,35,food,134,instant,name
2012,"Glutinous rice, white, cooked in rice cooker (Bangsue Chia Meng Rice Co., Bangkok, Thailand)",REGIONAL OR TRADITIONAL FOODS,ASIAN,Thailand,2000,94,6,33,Normal,11,50,65.5,"Glucose, 2h",Standard,"Capillary, plasma",Enzymatic,74,35,food,134,boiled,name
2013,Glutinous rice ball with cut glutinous cake (mochi),REGIONAL OR TRADITIONAL FOODS,ASIAN,Japan,2003,48,5,17,Normal,9,50,132,"Rice 17 , 2h",Standard,"Capillary, whole blood",Glucometer 9,45,35,food,134,,
2014,"Glutinous rice ball (Lee Chun Brand, Lee Chun Food Ltd., H.K.; Boiled",REGIONAL OR TRADITIONAL FOODS,ASIAN,China,2010*,61,10,21,Normal,15,50,115,"Glucose, 2h",Standard,"Capillary, whole blood",YSI,127,35,food,134,boiled,name
2015,"Green Bean dessert, instant (NISSIN Brand, Nissin Foods Co., LTD., China)",REGIONAL OR TRADITIONAL FOODS,ASIAN,China,2010*,54,6,19,Normal,15,50,333,"Glucose, 2h",Standard,"Capillary, whole blood",YSI,127,35,food,134,instant,name
2016,"Hokkien noodles (Fantastic Fresh, Australia)",REGIONAL OR TRADITIONAL FOODS,ASIAN,Australia,2015,58,3,20,Normal,10,50,135.8,"Glucose, 2h",Standard,"Capillary, plasma",Enzymatic,UO5,35,food,134,,
2017,"Instant cereal, Quaker oatmeal (anchovy flavor), 200 mL boiled water added",REGIONAL OR TRADITIONAL FOODS,ASIAN,China,2010*,67,5,23,Normal,10,50,75,"Glucose, 2h",Standard,"Capillary, whole blood",HemoCue,28,35,food,134,instant,name
2018,"Instant cereal, Nestlé Vita (red date flavor, high FE), 180 mL boiled water added",REGIONAL OR TRADITIONAL FOODS,ASIAN,China,2010*,94,12,33,Normal,10,50,,"Glucose, 2h",Standard,"Capillary, whole blood",HemoCue,28,35,food,134,instant,name
2019,"Instant cereal, Nestlé Vita (green tea flavor, high Ca), 180 mL boiled water added",REGIONAL OR TRADITIONAL FOODS,ASIAN,China,2010*,108,8,38,Normal,10,50,,"Glucose, 2h",Standard,"Capillary, whole blood",HemoCue,28,35,food,134,instant,name
2020,Kaya Butter Toast (Just Acia Private Limited),REGIONAL OR TRADITIONAL FOODS,ASIAN,Singapore,2015*,49,4,17,Normal,11,50,108.7,"Glucose, 2h",Standard,"Capillary, whole blood",HemoCue,18,35,food,134,toasted,name
2021,Lo Mai Gai (Hock Seng Food Private Limited),REGIONAL OR TRADITIONAL FOODS,ASIAN,Singapore,2015*,106,12,37,Normal,12,50,176.6,"Glucose, 2h",Standard,"Capillary, whole blood",HemoCue,18,35,food,134,,
2022,Low-protein white rice with dried sea algae,REGIONAL OR TRADITIONAL FOODS,ASIAN,Japan,2003,70,7,25,Normal,10,50,125,"Rice 17 , 2h",Standard,"Capillary, whole blood",Glucometer 9,45,35,food,134,,
2023,"""Mai-Lai"" Cake, Instant, prepared freshly in the morning",REGIONAL OR TRADITIONAL FOODS,ASIAN,China,2010*,61,8,21,Normal,15,50,114,"Glucose, 2h",Standard,"Capillary, whole blood",YSI,127,35,food,134,instant,name
2024,"Moon cake, Maxim’s Low Sugar Lotus Seed Paste (salted egg yolk) (Maxim’s Caterers Limited, Hong Kong)",REGIONAL OR TRADITIONAL FOODS,ASIAN,production Hong Kong,2014,30,4,11,number) Normal,10,,,"period Glucose, 2h",Standard,"Capillary, plasma",method 4 Enzymatic,UO5,35,food,135,,
2025,"Moon cake, Maxim’s Low Sugar White Lotus Seed Paste (salted egg yolk) (Maxim’s Caterers Limited, Hong Kong)",REGIONAL OR TRADITIONAL FOODS,ASIAN,Hong Kong,2014,29,5,10,Normal,10,50,102.0,"Glucose, 2h",Standard,"Capillary, plasma",Enzymatic,UO5,35,food,135,,
2026,"Moon cake, Maxim’s Low Sugar Lotus Seed Paste (with pine nut) (Maxim’s Caterers Limited, Hong Kong)",REGIONAL OR TRADITIONAL FOODS,ASIAN,Hong Kong,2014,40,4,14,Normal,10,50,91.4,"Glucose, 2h",Standard,"Capillary, plasma",Enzymatic,UO5,35,food,135,,
2027,"Moon cake, Maxim’s Low Sugar White Lotus Seed Paste (with pine nut) (Maxim’s Caterers Limited, Hong Kong)",REGIONAL OR TRADITIONAL FOODS,ASIAN,Hong Kong,2014,33,3,12,Normal,10,50,82.1,"Glucose, 2h",Standard,"Capillary, plasma",Enzymatic,UO5,35,food,135,,
2028,"Moon cakes, Instant, prepared freshly in the morning (Kee Wah Bakery Shop, Hong Kong)",REGIONAL OR TRADITIONAL FOODS,ASIAN,China,2010*,56,7,20,Normal,15,50,80,"Glucose, 2h",Standard,"Capillary, whole blood",YSI,127,35,food,135,instant,name
2029,"Mung bean noodles (Lungkow bean thread or vermicelli noodles), dried, boiled",REGIONAL OR TRADITIONAL FOODS,ASIAN,China,2000,39,9,14,Normal,12,50,60.4,"Glucose, 2h",Standard,"Capillary, plasma",Enzymatic,74,35,food,135,boiled,name
2030,"Mung bean noodles, glass or cellophane noodles, boiled (Longkow Company, Taipei, Taiwan)",REGIONAL OR TRADITIONAL FOODS,ASIAN,Taiwan,2010*,20,0.4,7,Normal,10,50,64,"Bread, 2h",Standard,"Capillary, whole blood",Enzymatic,60,35,food,135,boiled,name
2031,Nasi Lemak (Old Chang Kee (S) Private Limited),REGIONAL OR TRADITIONAL FOODS,ASIAN,Singapore,2015*,66,5,23,Normal,12,50,179.2,"Glucose, 2h",Standard,"Capillary, whole blood",HemoCue,18,35,food,135,,
2032,"Noodles, sau tao chicken-flavored Sichuan spicy noodles (wheat flour), boiled 3 min",REGIONAL OR TRADITIONAL FOODS,ASIAN,China,2010*,65,4,23,Normal,10,50,,"Glucose, 2h",Standard,"Capillary, whole blood",HemoCue,28,35,food,135,boiled,name
2033,"Noodles, doll fried noodles (wheat flour and tapioca starch), boiled 3 min",REGIONAL OR TRADITIONAL FOODS,ASIAN,China,2010*,88,8,31,Normal,10,50,,"Glucose, 2h",Standard,"Capillary, whole blood",HemoCue,28,35,food,135,boiled,name
2034,"Noodles, potato, served with meat, NS",REGIONAL OR TRADITIONAL FOODS,ASIAN,China,2005,17,3,6,Normal,9,50,,"Glucose, 2h",Standard,"Venous, NS",NS,12,35,food,135,,
2035,"Pandan Waffle (waffle batter prepared with pandan leaves, coconut milk, eggs, and oil) (Dilys Creation, Singapore)",REGIONAL OR TRADITIONAL FOODS,ASIAN,Singapore,2015*,46,6,16,Normal,11,50,148.1,"Glucose, 2h",Standard,"Capillary, whole blood",HemoCue,18,35,food,135,,
2036,Pill potato and yam powder,REGIONAL OR TRADITIONAL FOODS,ASIAN,China,2005,35,4,12,Normal,9,50,,"Glucose, 2h",Standard,"Venous, NS",NS,12,35,food,135,,
2037,"""Pineapple"" bun, instant (Hoixe Cake Shop, H.K.)",REGIONAL OR TRADITIONAL FOODS,ASIAN,China,2010*,65,8,23,Normal,15,50,91,"Glucose, 2h",Standard,"Capillary, whole blood",YSI,127,35,food,135,instant,name
2038,"Pink Rice Cake (teochew rice cake or Png Kueh), steamed rice pastry stuffed with pan-fried glutinous rice (Dilys Creation, Singapore)",REGIONAL OR TRADITIONAL FOODS,ASIAN,Singapore,2015*,97,12,34,Normal,11,50,184.7,"Glucose, 2h",Standard,"Capillary, whole blood",HemoCue,18,35,food,135,steamed,name
2039,"Plain steamed vermicelli roll, instant",REGIONAL OR TRADITIONAL FOODS,ASIAN,China,2010*,90,8,32,Normal,15,50,238,"Glucose, 2h",Standard,"Capillary, whole blood",YSI,127,35,food,135,instant,name
2040,Potato noodles with meat,REGIONAL OR TRADITIONAL FOODS,ASIAN,China,2005,17,3,6,Normal,9,50,,"Glucose, 2h",Standard,"Venous, NS",NS,12,35,food,135,,
2041,"Red bean dessert, instant (N issin Brand, Nissin Foods Co., LTD., China)",REGIONAL OR TRADITIONAL FOODS,ASIAN,China,2010*,75,8,26,Normal,15,50,263,"Glucose, 2h",Standard,"Capillary, whole blood",YSI,127,35,food,135,instant,name
2042,"Rice gruel with dried algae (Satou Co Ltd., Japan)",REGIONAL OR TRADITIONAL FOODS,ASIAN,production Japan,2003,81,10,28,number) Normal,10,,,"period Rice 17 , 2h",Standard,"Capillary, whole blood",method 4 Glucometer 9,45,35,food,136,,
2043,"Roasted rice ball (Satou Co Ltd., Japan)",REGIONAL OR TRADITIONAL FOODS,ASIAN,Japan,2003,77,6,27,Normal,9,50,140,"Rice 17 , 2h",Standard,"Capillary, whole blood",Glucometer 9,45,35,food,136,roasted,name
2044,"Salted meat rice dumpling, instant (Ocean Empire International Ltd., H.K.)",REGIONAL OR TRADITIONAL FOODS,ASIAN,China,2010*,69,8,24,Normal,15,50,200,"Glucose, 2h",Standard,"Capillary, whole blood",YSI,127,35,food,136,instant,name
2045,"Salted meat rice dumpling, instant (Ocean Empire International Ltd., H.K.)",REGIONAL OR TRADITIONAL FOODS,ASIAN,China,2010*,81,7,28,Normal,15,25,100,"Glucose, 2h",Standard,"Capillary, whole blood",YSI,127,35,food,136,instant,name
2046,"Soba noodles, instant, reheated in hot water, served with soup",REGIONAL OR TRADITIONAL FOODS,ASIAN,Japan,2003,46,9,16,Normal,9,50,185,"Rice 17 , 2h",Standard,"Capillary, whole blood",Glucometer 9,45,35,food,136,instant,name
2047,"Spring roll, instant",REGIONAL OR TRADITIONAL FOODS,ASIAN,China,2010*,50,5,18,Normal,15,25,114,"Glucose, 2h",Standard,"Capillary, whole blood",YSI,127,35,food,136,instant,name
2048,"Stuffed bun, with shallots and meat, steamed",REGIONAL OR TRADITIONAL FOODS,ASIAN,China,2005,39,4,14,Normal,10,50,,"Glucose, 2h",Standard,"Venous, NS",NS,12,35,food,136,steamed,name
2049,"Sushi, brown rice, vegetable and tofu",REGIONAL OR TRADITIONAL FOODS,ASIAN,Australia,2010,45,3,16,Normal,10,50,239.9,"Glucose, 2h",Standard,"Capillary, plasma",Enzymatic,UO5,35,food,136,,
2050,"Sushi, salmon ('I Love Sushi', Sydney, Australia)",REGIONAL OR TRADITIONAL FOODS,ASIAN,Australia,2001,48,8,17,Normal,10,25,69.0,"Glucose, 2h",Standard,"Capillary, plasma",Enzymatic,UO5,35,food,136,,
2051,"Steamed glutinous rice roll, instant",REGIONAL OR TRADITIONAL FOODS,ASIAN,China,2010*,89,8,31,Normal,15,50,109,"Glucose, 2h",Standard,"Capillary, whole blood",YSI,127,35,food,136,instant,name
2052,"Sticky rice wrapped in lotus leaf, instant (Maxim's MX, H.K.)",REGIONAL OR TRADITIONAL FOODS,ASIAN,China,2010*,83,5,29,Normal,15,50,167,"Glucose, 2h",Standard,"Capillary, whole blood",YSI,127,35,food,136,instant,name
2053,"Sweet milky bun, instant",REGIONAL OR TRADITIONAL FOODS,ASIAN,China,2010*,67,5,23,Normal,15,50,114,"Glucose, 2h",Standard,"Capillary, whole blood",YSI,127,35,food,136,instant,name
2054,"Sweet milky bun, frozen, steamed (AMOY Brand, Amoy Food Ltd., H.K.)",REGIONAL OR TRADITIONAL FOODS,ASIAN,China,2010*,72,8,25,Normal,15,50,114,"Glucose, 2h",Standard,"Capillary, whole blood",YSI,127,35,food,136,steamed,name
2055,"Taro (Colocasia esculenta L. Schott), skin peeled, cut into 5 cm cubes, steamed by rice cooker",REGIONAL OR TRADITIONAL FOODS,ASIAN,Taiwan,2010*,49,0.2,17,Normal,10,50,62,"Bread, 2h",Standard,"Capillary, whole blood",Enzymatic,60,35,food,136,boiled,name
2056,"Tuna Fish Bun, instant (Maxim's MX, H.K.)",REGIONAL OR TRADITIONAL FOODS,ASIAN,China,2010*,46,4,16,Normal,15,50,139,"Glucose, 2h",Standard,"Capillary, whole blood",YSI,127,35,food,136,instant,name
2057,"Udon noodles, instant, with sauce and fried bean curd (Nishin Shokuhin, Japan)",REGIONAL OR TRADITIONAL FOODS,ASIAN,Japan,2003,48,5,17,Normal,9,50,191,"Rice 17 , 2h",Standard,"Capillary, whole blood",Glucometer 9,45,35,food,136,instant,name
2058,"White rice (Satou Co. Ltd, Jap an), dried sea algae and milk (Snow Brand, Japan), eaten together",REGIONAL OR TRADITIONAL FOODS,ASIAN,Japan,203,48,8,17,Normal,9,50,219,"Rice 17 , 2h",Standard,"Capillary, whole blood",Glucometer 9,45,35,food,136,dried,name
2059,"White rice (Satou Co. Ltd, Japan), dried sea algae and milk (Snow Brand, Japan), milk eaten before rice",REGIONAL OR TRADITIONAL FOODS,ASIAN,Japan,203,56,7,20,Normal,9,50,219,"Rice 17 , 2h",Standard,"Capillary, whole blood",Glucometer 9,45,35,food,136,dried,name
2060,"White rice (Satou Co. Ltd, Japan), dried sea algae and milk (Snow Brand, Japan), milk eaten after rice",REGIONAL OR TRADITIONAL FOODS,ASIAN,production Japan,2003,55,4,19,number) Normal,9,,,"period Rice 17 , 2h",Standard,"Capillary, whole blood",method 4 Glucometer 9,45,35,food,137,dried,name
,mean of three types,REGIONAL OR TRADITIONAL FOODS,ASIAN,,,,,,,,,,,,,,,35,mean,137,,
2061,"White rice (Satou Co. Ltd, Japan) with fermented soybean (natto)",REGIONAL OR TRADITIONAL FOODS,ASIAN,Japan,2003,56,8,20,Normal,10,50,174,"17 Rice , 2h",Standard,"Capillary, whole blood",9 Glucometer,45,35,food,137,,
2062,White rice (Satou Co. Ltd with instant miso soup (soybean paste soup),REGIONAL OR TRADITIONAL FOODS,ASIAN,Japan,2003,61,4,21,Normal,10,50,160,"17 Rice , 2h",Standard,"Capillary, whole blood",9 Glucometer,45,35,food,137,,
2063,"White rice (Satou Co. Ltd, Japan) with low-fat milk Kemrakuren, Japan)",REGIONAL OR TRADITIONAL FOODS,ASIAN,Japan,2003,69,10,24,Normal,9,50,289,"17 Rice , 2h",Standard,"Capillary, whole blood",9 Glucometer,45,35,food,137,,
2064,"White rice (Satou Co. Ltd, Japan) and non-sugar yoghurt (Meiji Dairy, Japan), yoghurt eaten before rice",REGIONAL OR TRADITIONAL FOODS,ASIAN,Japan,2003,59,7,21,Normal,10,50,232,"17 Rice , 2h",Standard,"Capillary, whole blood",9 Glucometer,45,35,food,137,,
2065,"White rice (Satou Co. Ltd, Japan) and non-sugar yoghurt (Meiji Dairy, Japan), yoghurt eaten after rice",REGIONAL OR TRADITIONAL FOODS,ASIAN,Japan,2003,58,6,20,Normal,10,50,232,"17 Rice , 2h",Standard,"Capillary, whole blood",9 Glucometer,45,35,food,137,,
2066,"White rice (Satou Co. Ltd, Japan) with pickled vinegar and pickled cucumber, pickled foods eaten before rice",REGIONAL OR TRADITIONAL FOODS,ASIAN,Japan,2003,60,8,21,Normal,9,50,173,"17 Rice , 2h",Standard,"Capillary, whole blood",9 Glucometer,45,35,food,137,,
2067,"White rice (Satou Co. Ltd, Japan) with pickled vinegar and pickled cucumber, consumed together",REGIONAL OR TRADITIONAL FOODS,ASIAN,Japan,2003,61,6,21,Normal,11,50,173,"17 Rice , 2h",Standard,"Capillary, whole blood",9 Glucometer,45,35,food,137,,
2068,"White rice (Satou Co. Ltd, Japan) with roasted ground soybean (Mitake Food Ind. Japan)",REGIONAL OR TRADITIONAL FOODS,ASIAN,Japan,2003,56,4,20,Normal,9,50,147,"17 Rice , 2h",Standard,"Capillary, whole blood",9 Glucometer,45,35,food,137,,
2069,"White rice (Satou Co. Ltd, Japan) with salted dried plum (umeboshi)",REGIONAL OR TRADITIONAL FOODS,ASIAN,Japan,2003,80,13,28,Normal,10,50,152,"17 Rice , 2h",Standard,"Capillary, whole blood",9 Glucometer,45,35,food,137,dried,name
2070,"WoTao, made from corn and wheat",REGIONAL OR TRADITIONAL FOODS,ASIAN,China,2005,65,5,23,Normal,10,50,,"Glucose, 2h",Standard,"Venous, NS",NS,12,35,food,137,,
2071,"Yoghurt, Yitangping (Beijing Sanyuan Foods, Beijing, China)",REGIONAL OR TRADITIONAL FOODS,ASIAN,China,2020,21,4,7,Normal,11,25,454.5,"Glucose, 2h",Standard,"Capillary, plasma",Enzymatic,18 UO,35,food,137,,
2072,"Youtiao (deep-fried breadstick) (Koufu Private Ltd, Singapore)",REGIONAL OR TRADITIONAL FOODS,ASIAN,Singapore,2015*,55,4,19,Normal,11,50,109.6,"Glucose, 2h",Standard,"Capillary, whole blood",HemoCue,18,35,food,137,fried,name
2073,"Basmati rice pilau, with onion and curry powder",REGIONAL OR TRADITIONAL FOODS,ASIAN INDIAN,UK,2015*,60,6,21,Normal,11,50,,"Glucose, 2h",Standard,"Capillary, whole blood",HemoCue,68,35,food,137,,
2074,Bun,REGIONAL OR TRADITIONAL FOODS,ASIAN INDIAN,Malaysia,2016*,82,5,29,Normal,10,50,72,"Glucose, 2h",Standard,"Capillary, plasma",9 Glucometer,128,35,food,137,,
2075,Bun with 10% fenugreek,REGIONAL OR TRADITIONAL FOODS,ASIAN INDIAN,Malaysia,2016*,51,7,18,Normal,10,50,91.1,"Glucose, 2h",Standard,"Capillary, plasma",9 Glucometer,128,35,food,137,,
2076,"Chapatti, frozen, heated in dry pan for 3 min until browned (Kawan Food Manufacturing, Malaysia)",REGIONAL OR TRADITIONAL FOODS,Chapatti,Malaysia,2019,50,3,18,Normal,10,50,132.3,"Glucose, 2h",Standard,"Capillary, plasma",Enzymatic,5 UO,35,food,137,,
2077,"Chapatti (made from Chapatti flour (Elephant Atta Medium Chapatti flour, Rank Hovis Ltd., Manchester, UK)",REGIONAL OR TRADITIONAL FOODS,Chapatti,production UK,2015*,68,8,24,number) Normal,10,,,"period Glucose, 2h",Standard,"Capillary, whole blood",method 4 HemoCue,68,35,food,138,,
2078,Chapatti,REGIONAL OR TRADITIONAL FOODS,Chapatti,UK,2011*,58,6,20,Normal,10,50,,"Glucose, 2h",Standard,"Capillary, whole blood",HemoCue,129,35,food,138,,
2079,Chapatti with 4% ß-glucan,REGIONAL OR TRADITIONAL FOODS,Chapatti,UK,2011*,55,5,19,Normal,10,50,,"Glucose, 2h",Standard,"Capillary, whole blood",HemoCue,129,35,food,138,,
2080,Chapatti with 8% ß-glucan,REGIONAL OR TRADITIONAL FOODS,Chapatti,UK,2011*,52,10,18,Normal,10,50,,"Glucose, 2h",Standard,"Capillary, whole blood",HemoCue,129,35,food,138,,
2081,"Chapati, flatbread",REGIONAL OR TRADITIONAL FOODS,Chapatti,Malaysia,2016*,63,4,22,Normal,10,50,71.4,"Glucose, 2h",Standard,"Capillary, plasma",9 Glucometer,128,35,food,138,,
2082,"Chapati, flatbread with 10% fenugreek",REGIONAL OR TRADITIONAL FOODS,Chapatti,Malaysia,2016*,43,5,15,Normal,10,50,74,"Glucose, 2h",Standard,"Capillary, plasma",9 Glucometer,128,35,food,138,,
2083,"Naan bread (True Foods Pty Ltd, VIC, Australia), heated in microwave for 25 sec",REGIONAL OR TRADITIONAL FOODS,Chapatti,Australia,2013,71,5,25,Normal,10,50,117.9,"Glucose, 2h",Standard,"Capillary, plasma",Enzymatic,5 UO,35,food,138,microwaved,name
2084,"Paratha, frozen, heated in dry pan for 1.5 min until browned (Kawan Food Manufacturing, Malaysia)",REGIONAL OR TRADITIONAL FOODS,Chapatti,Malaysia,2019,53,5,19,Normal,10,50,125.3,"Glucose, 2h",Standard,"Capillary, plasma",Enzymatic,5 UO,35,food,138,,
2085,"Pilaf porridge, whole grain (minimally processed whole grains: oats, long grain brown rice, rye, hard red winter wheat, triticale, buckwheat, barley, sesame seeds), cooked for 30 min",REGIONAL OR TRADITIONAL FOODS,Chapatti,India,2019*,59,5,21,Normal,15,50,73.5,"Glucose, 2h",Standard,"Capillary, whole blood",HemoCue,79,35,food,138,boiled,name
2086,Rice dosa,REGIONAL OR TRADITIONAL FOODS,Chapatti,India,2018*,76,5,27,Normal,19,50,193,"Glucose, 2h",Standard,"Capillary, whole blood",HemoCue,57,35,food,138,,
2087,Rice idli (commercially available dry mix),REGIONAL OR TRADITIONAL FOODS,Chapatti,India,2018*,85,4,30,Normal,19,50,162,"Glucose, 2h",Standard,"Capillary, whole blood",HemoCue,57,35,food,138,,
2088,"Finger millet, decorticated, with lower degree of polish, in the form of upma (savory meal and traditional Indian breakfast choice)",REGIONAL OR TRADITIONAL FOODS,Upma,India,2018*,85,8,30,Normal,16,50,174.2,"Glucose, 2h",Standard,"Capillary, whole blood",HemoCue,109,35,food,138,,
2089,Finger millet flakes in the form of upma,REGIONAL OR TRADITIONAL FOODS,Upma,India,2018*,82,7,29,Normal,16,50,217.4,"Glucose, 2h",Standard,"Capillary, whole blood",HemoCue,109,35,food,138,,
2090,Finger millet vermicelli in the form of upma,REGIONAL OR TRADITIONAL FOODS,Upma,India,2018*,66,6,23,Normal,16,50,245.1,"Glucose, 2h",Standard,"Capillary, whole blood",HemoCue,109,35,food,138,,
2091,Upma,REGIONAL OR TRADITIONAL FOODS,Upma,India,2018*,71,6,25,Normal,19,50,310,"Glucose, 2h",Standard,"Capillary, whole blood",HemoCue,57,35,food,138,,
