food_number,food_name,food_group,processing,gi,match_status,match_score,fdc_id,usda_description,usda_category,usda_carb_g,usda_sugars_g,usda_fiber_g,usda_starch_g,starch_source,sugar_share,fiber_share,starch_share
1,"Cake, NS, decreased GI variant, sugar-to-flour ratio: 0.80 (Bakery School, Herk-de-Stad, Belgium)",BAKERY PRODUCTS,,20,none,,,,,,,,,,,,
2,"Carrot cake, prepared with wheat flour and coconut flour",BAKERY PRODUCTS,,37,none,,,,,,,,,,,,
3,"Chocolate cake made from packet mix with chocolate frosting (Betty Crocker, General Mills Inc., Minneapolis, USA)",BAKERY PRODUCTS,,38,none,,,,,,,,,,,,
4,Chocolate mudcake,BAKERY PRODUCTS,,43,none,,,,,,,,,,,,
5,Christmas fruit cake,BAKERY PRODUCTS,,53,none,,,,,,,,,,,,
6,"Cupcake, strawberry-iced (Squiggles, Farmland, Grocery Holdings, Tooronga, Australia)",BAKERY PRODUCTS,,73,none,,,,,,,,,,,,
7,"Plumcake, prepared with wheat flour and yogurt (Mulino Bianco, Barilla, Italy)",BAKERY PRODUCTS,,47,none,,,,,,,,,,,,
8,"Pound cake 0% (Bimbo S.A de C.V, Mexico)",BAKERY PRODUCTS,,38,review,0.767,172704,"Cake, pound, commercially prepared, butter (includes fresh and frozen)",Baked Products,53.64,33.36,0.60,17.36,measured,0.6219,0.0112,0.3236
9,"Raspberry Coffee cake, President's Choice® Blue Menu™ (Loblaw Brands Limited, Canada)",BAKERY PRODUCTS,,50,none,,,,,,,,,,,,
10,"Sponge cake, filled with marmalade and yogurt cream (Yogo brioss, Ferrero, Italy)",BAKERY PRODUCTS,,57,review,1.100,172706,"Cake, sponge, commercially prepared",Baked Products,61.00,36.66,0.50,23.84,estimated,0.6010,0.0082,0.3908
11,"Sponge cake with cocoa, milk cream-filled, coated with chocolate (Kinder Délice, Italy)",BAKERY PRODUCTS,,58,review,1.067,172706,"Cake, sponge, commercially prepared",Baked Products,61.00,36.66,0.50,23.84,estimated,0.6010,0.0082,0.3908
12,"Sponge cake with cocoa, milk cream-filled, coated with chocolate and coconut pieces (Kinder Délice Cocco, Kinder, Ferrero, Italy)",BAKERY PRODUCTS,,56,review,1.067,172706,"Cake, sponge, commercially prepared",Baked Products,61.00,36.66,0.50,23.84,estimated,0.6010,0.0082,0.3908
13,"Sponge cake, soft wheat flour, carrots (14%), almonds (7%) (Camille, Mulino Bianco, Barilla, Italy)",BAKERY PRODUCTS,,51,accepted,1.100,172706,"Cake, sponge, commercially prepared",Baked Products,61.00,36.66,0.50,23.84,estimated,0.6010,0.0082,0.3908
14,"Sponge cake, soft wheat flour, filled with chocolate cream (Kinder Pan e Cioc Cacao, Kinder, Ferrero, Italy)",BAKERY PRODUCTS,,61,review,1.100,172706,"Cake, sponge, commercially prepared",Baked Products,61.00,36.66,0.50,23.84,estimated,0.6010,0.0082,0.3908
15,"Sponge cake, soft wheat flour, ground cereals (rice, barley, rye, oat, wheat) and cocoa, filled with barley malt cream (Kinder colazione più, Kinder, Ferrero, Italy)",BAKERY PRODUCTS,,66,review,1.100,172706,"Cake, sponge, commercially prepared",Baked Products,61.00,36.66,0.50,23.84,estimated,0.6010,0.0082,0.3908
16,"Sponge cake, soft wheat flour, orange cream-filled, coated with chocolate (Fiesta, Ferrero, Italy)",BAKERY PRODUCTS,,60,review,1.100,172706,"Cake, sponge, commercially prepared",Baked Products,61.00,36.66,0.50,23.84,estimated,0.6010,0.0082,0.3908
17,"Sponge cake, soft wheat flour, with almond and chocolate pieces (Brioche Cereali e Cioccolato, Grancereale, Barilla, Italy)",BAKERY PRODUCTS,,66,accepted,1.100,172706,"Cake, sponge, commercially prepared",Baked Products,61.00,36.66,0.50,23.84,estimated,0.6010,0.0082,0.3908
18,"Sponge cake, wheat flour, rolled barley and oat (2.5%), filled with apricot jam (Brioss Albicocca ecereali, Ferrero Italy)",BAKERY PRODUCTS,,60,review,1.100,172706,"Cake, sponge, commercially prepared",Baked Products,61.00,36.66,0.50,23.84,estimated,0.6010,0.0082,0.3908
19,"Vanilla cake, made from packet mix with vanilla frosting (Betty Crocker, General Mills Inc., Minneapolis, USA)",BAKERY PRODUCTS,,42,review,0.850,174945,"Cake, yellow, commercially prepared, with vanilla frosting",Baked Products,56.20,41.79,0.30,14.11,estimated,0.7436,0.0053,0.2511
20,"Cake, prepared with yoghurt, gluten-free (Plum cake, Dr Shaer AG/SPA, Italy)",BAKERY PRODUCTS,,42,none,,,,,,,,,,,,
21,"Cake, prepared with brown rice, corn, millet and buckwheat, gluten-free (Gallette Chicchi al vento, Grancereale, Barilla, Italy)",BAKERY PRODUCTS,,67,none,,,,,,,,,,,,
22,"Croissant, all butter (Coles Supermarkets Pty Ltd, Australia)",BAKERY PRODUCTS,,45,accepted,1.100,174987,"Croissants, butter",Baked Products,45.80,11.26,2.60,31.94,estimated,0.2459,0.0568,0.6974
23,Croissant,BAKERY PRODUCTS,,67,none,,,,,,,,,,,,
24,"Apple Berry crumble, President's Choice® Blue Menu™ (Loblaw Brands Limited, Canada)",BAKERY PRODUCTS,,41,none,,,,,,,,,,,,
25,"Bavarian (mousse filling on biscuit base), Chocolate honeycomb, light (Sara Lee Bakery, Australia)",BAKERY PRODUCTS,,31,none,,,,,,,,,,,,
26,"Danish Pastry, Apple & Peach, light (Sara Lee Bakery, Australia)",BAKERY PRODUCTS,,50,none,,,,,,,,,,,,
27,"Fruit mince pies, shortcrust pastry case filled with dried fruit",BAKERY PRODUCTS,,58,none,,,,,,,,,,,,
28,"Pavlova, meringue base topped with whipped cream, fresh strawberries, banana and passionfruit pulp",BAKERY PRODUCTS,,49,none,,,,,,,,,,,,
29,Gingerbread,BAKERY PRODUCTS,,81,none,,,,,,,,,,,,
30,Gingerbread,BAKERY PRODUCTS,,88,none,,,,,,,,,,,,
31,Gingerbread,BAKERY PRODUCTS,,89,none,,,,,,,,,,,,
32,"Apple Blueberry muffin (Sara Lee Bakery, Australia)",BAKERY PRODUCTS,,49,accepted,1.067,172765,"Muffins, blueberry, commercially prepared (Includes mini-muffins)",Baked Products,53.00,31.47,1.10,16.31,measured,0.5938,0.0208,0.3077
33,"Apple, oat, sultana muffin",BAKERY PRODUCTS,,54,none,,,,,,,,,,,,
34,"Apricot, coconut and honey muffin",BAKERY PRODUCTS,,60,none,,,,,,,,,,,,
35,"Banana, oat and honey muffin",BAKERY PRODUCTS,,65,none,,,,,,,,,,,,
36,"Blueberry muffin (Sara Lee Bakery, Australia)",BAKERY PRODUCTS,,50,accepted,1.100,172765,"Muffins, blueberry, commercially prepared (Includes mini-muffins)",Baked Products,53.00,31.47,1.10,16.31,measured,0.5938,0.0208,0.3077
37,"Blueberry (Wild) 10-Grain muffin, President's Choice® Blue Menu™ (Loblaw Brands Limited, Canada)",BAKERY PRODUCTS,,57,accepted,1.067,172765,"Muffins, blueberry, commercially prepared (Includes mini-muffins)",Baked Products,53.00,31.47,1.10,16.31,measured,0.5938,0.0208,0.3077
38,Chocolate butterscotch muffin,BAKERY PRODUCTS,,53,none,,,,,,,,,,,,
39,"Chocolate chip muffin (Sara Lee Bakery, Australia)",BAKERY PRODUCTS,,52,none,,,,,,,,,,,,
40,"Cranberry & Orange Soy muffin, President's Choice® Blue Menu™ (Loblaw Brands Limited, Canada)",BAKERY PRODUCTS,,48,none,,,,,,,,,,,,
41,Cranberry Raisin muffin,BAKERY PRODUCTS,,43,none,,,,,,,,,,,,
42,"Double chocolate muffin (Sara Lee Bakery, Australia)",BAKERY PRODUCTS,,46,none,,,,,,,,,,,,
43,"Raisin Bran Flax muffin, President's Choice® Blue Menu™ (Loblaw Brands Limited, Canada)",BAKERY PRODUCTS,,52,none,,,,,,,,,,,,
44,"Raspberry Pomegranate muffin, President's Choice® Blue Menu™ (Loblaw Brands Limited, Canada)",BAKERY PRODUCTS,,58,none,,,,,,,,,,,,
45,"Muffin, made with 14% soft wheat flour, 7% lentil flour, 5% resistant starch and 3% dextrins",BAKERY PRODUCTS,,39,none,,,,,,,,,,,,
46,Muffin made with oat flour,BAKERY PRODUCTS,,54,none,,,,,,,,,,,,
47,Muffin made with barley flour,BAKERY PRODUCTS,,55,none,,,,,,,,,,,,
48,Muffin made with corn flour,BAKERY PRODUCTS,,74,none,,,,,,,,,,,,
49,Muffin made with wheat flour,BAKERY PRODUCTS,,74,none,,,,,,,,,,,,
50,Muffin made with rice flour,BAKERY PRODUCTS,,79,none,,,,,,,,,,,,
51,"Pancakes, prepared with wheat flour and coconut flour",BAKERY PRODUCTS,,46,none,,,,,,,,,,,,
52,"Pancakes, prepared from wheat flour and water (Coles Smart Buy Plain Flour, Coles Supermarkets Pty Ltd) (78.9 g flour + 108.8 mL water)",BAKERY PRODUCTS,,61,none,,,,,,,,,,,,
53,"Pancakes, prepared from shake mix (Green's General Foods, Glendenning, Australia)",BAKERY PRODUCTS,,67,none,,,,,,,,,,,,
54,"Pancakes, millet (100% foxtail millet flour)",BAKERY PRODUCTS,,76,none,,,,,,,,,,,,
55,"Pancakes, prepared from wheat flour",BAKERY PRODUCTS,,80,none,,,,,,,,,,,,
56,"Pancakes, millet (75% foxtail millet flour, 25% extrusion flour (w/w, dry basis)",BAKERY PRODUCTS,,83,none,,,,,,,,,,,,
57,"Pancakes, buckwheat, gluten-free, made from packet mix (Orgran Natural Foods, Carrum Downs, Australia)",BAKERY PRODUCTS,,102,review,0.850,174106,"Pancakes, gluten-free, frozen, ready-to-heat",Baked Products,40.32,4.06,1.50,36.90,measured,0.1007,0.0372,0.9152
58,"Pancakes, gluten-free, made from packet mix (Freedom Foods, Cheltenham, Australia)",BAKERY PRODUCTS,,61,review,0.850,174106,"Pancakes, gluten-free, frozen, ready-to-heat",Baked Products,40.32,4.06,1.50,36.90,measured,0.1007,0.0372,0.9152
59,"Brownies, containing wheat flour and coconut flour",BAKERY PRODUCTS,,43,none,,,,,,,,,,,,
60,"Cinnamon bread, prepared with wheat flour and coconut flour",BAKERY PRODUCTS,,45,accepted,1.100,171849,"Bread, cinnamon",Baked Products,44.38,14.11,3.50,26.77,estimated,0.3179,0.0789,0.6032
61,Doughnut,BAKERY PRODUCTS,,75,none,,,,,,,,,,,,
62,"Hot cross buns, spiced sweet bun with dried fruit (Tip Top Bakeries, Chatswood, Australia)",BAKERY PRODUCTS,,59,none,,,,,,,,,,,,
63,"Hot cross buns, spiced sweet bun with dried fruit",BAKERY PRODUCTS,,66,none,,,,,,,,,,,,
64,"Pan de sal (sweet bread roll), containing wheat flour and coconut flour",BAKERY PRODUCTS,,62,none,,,,,,,,,,,,
65,"Pastry, puff (Pampas™, Australia)",BAKERY PRODUCTS,,56,none,,,,,,,,,,,,
66,"Pastry, puff, with wheat flour and sugar (Nastrine, Italy)",BAKERY PRODUCTS,,47,none,,,,,,,,,,,,
67,"Pikelets, Golden brand (Tip Top Bakeries, Chatswood, Australia)",BAKERY PRODUCTS,,85,none,,,,,,,,,,,,
68,"Pizza base, baked in oven at 220°C for 9 min (Boboli, Orograin Bakeries Manufacturing Inc, PA, USA)",BAKERY PRODUCTS,baked,52,none,,,,,,,,,,,,
69,"Scones, plain, made from packet mix (Defiance Milling Co, Australia)",BAKERY PRODUCTS,,92,none,,,,,,,,,,,,
70,"Sweet bread, with chocolate chips (Pangoccioli, Italy)",BAKERY PRODUCTS,,50,none,,,,,,,,,,,,
71,"Tarte, made with wheat flour and apricot jam (Crostatina all'albicocca, Italy)",BAKERY PRODUCTS,,44,none,,,,,,,,,,,,
72,"Beer (4.5% alcohol by volume) (Nikolai Lager, Sinebrychoff Ltd, Finland)",BEVERAGES,,119,none,,,,,,,,,,,,
73,"Beer (4.4% alcohol by volume), Pilsner Urquell® (Plze ňsk ý Prazdroj, A.S., Czech Republic)",BEVERAGES,,89,none,,,,,,,,,,,,
74,"Beer, non-alcoholic (0.0% alcohol by volume) (Nikolai Lager, Sinebrychoff Ltd, Finland)",BEVERAGES,,80,none,,,,,,,,,,,,
75,"Coca Cola® , soft drink (Coca Cola Amatil, Sydney, Australia)",BEVERAGES,,53,none,,,,,,,,,,,,
76,"Coca Cola® , soft drink",BEVERAGES,,73,none,,,,,,,,,,,,
77,"Cola, Pepsi®, sucrose-sweetened (Pepsi, Hartwall Ltd, Finland)",BEVERAGES,,72,none,,,,,,,,,,,,
78,"Ginger beer, carbonated beverage (Bundaberg Brewed Drinks Pty Ltd, Australia)",BEVERAGES,,65,none,,,,,,,,,,,,
79,"Lemon flavored soft drink, Lemonade, Schweppes® (Cadbury Schweppes, Sydney, Australia)",BEVERAGES,,54,none,,,,,,,,,,,,
80,"Lemon flavored soft drink, Solo™, lemon squash (Cadbury Schweppes, Australia)",BEVERAGES,,58,none,,,,,,,,,,,,
81,"Lemon flavored soft drink Sprite TM (The Coca-Cola Company, Australia)",BEVERAGES,,64,none,,,,,,,,,,,,
82,"Blackcurrant fruit syrup, Ribena™ reconstituted with 315.5 mL water (GlaxoSmithKline Group, Australia)",BEVERAGES,,52,none,,,,,,,,,,,,
83,"Fruit drink, decreased GI variant (containing 8% isomaltose)",BEVERAGES,,48,none,,,,,,,,,,,,
84,"Fruit drink, increased GI variant (containing 8% sucrose)",BEVERAGES,,86,none,,,,,,,,,,,,
85,Fruit flavored beverage,BEVERAGES,,67,none,,,,,,,,,,,,
86,Fruit flavored beverage with 0.22 g Filtered Molasses Concentrate added per 100 mL (3.6 g FMC/100 g carbohydrate),BEVERAGES,,58,none,,,,,,,,,,,,
87,"Ice Green Tea, ready-to-drink brewed green tea (Pokka Corporation (S) Private Ltd, Singapore)",BEVERAGES,,50,none,,,,,,,,,,,,
88,"Iced Green Tea, 7% lemon juice (Estathè verde, Ferrero, Italy)",BEVERAGES,,66,none,,,,,,,,,,,,
89,"Ice Lemon Tea, ready-to-drink black tea with lemon flavor (F&N Foods Private Ltd, Singapore)",BEVERAGES,,74,none,,,,,,,,,,,,
90,"Iced lemon tea, decaffeinated, lemon juice powder 0.2% (7% fructose) (Estathè deteinato limone, Ferrero, Italy)",BEVERAGES,,38,none,,,,,,,,,,,,
91,"Iced lemon tea, lemon juice powder 0.2%, (Estathè limone, Ferrero, Italy)",BEVERAGES,,72,none,,,,,,,,,,,,
92,"Iced peach tea, 9.5% peach juice (Estathè pesca, Ferrero, Italy)",BEVERAGES,,71,none,,,,,,,,,,,,
93,"Orange Delight Cocktail with pulp, President's Choice® Blue Menu™ (Loblaw Brands Limited, Canada)",BEVERAGES,,44,none,,,,,,,,,,,,
94,"Tropical blend fruit drink, V8 Splash® (Campbell's Soup Company, USA)",BEVERAGES,,47,none,,,,,,,,,,,,
95,"Choc Banana flavored drink, Aussie Bodies Start the Day UHT (Aussie Bodies Pty Ltd, Australia)",BEVERAGES,,24,none,,,,,,,,,,,,
96,"Chocolate flavored drink, Aussie Bodies Start the Day UHT (Aussie Bodies Pty Ltd, Australia)",BEVERAGES,,26,none,,,,,,,,,,,,
97,"Hot Chocolate mix made with hot water, Complete (Nestlé, Australia)",BEVERAGES,,51,none,,,,,,,,,,,,
98,"Chocolate Liquid Breakfast, Devondale Fast Start (Murray Goulburn Co-Operative Company Limited, Australia)",BEVERAGES,,39,none,,,,,,,,,,,,
99,"Coffee Liquid Breakfast, Devondale Fast Start (Murray Goulburn Co-Operative Company Limited, Australia)",BEVERAGES,,39,none,,,,,,,,,,,,
100,Kellogg’s® Coco Pops Chocolatey Liquid Breakfast (Kellogg’s Australia),BEVERAGES,,35,none,,,,,,,,,,,,
101,Kellogg‘s® Nutri-Grain Breakfast Fuel (Kellogg’s Australia),BEVERAGES,,38,none,,,,,,,,,,,,
102,"Milo™ (Nestlé, Australia) dissolved in water",BEVERAGES,,55,none,,,,,,,,,,,,
103,"Milo™ (Nestlé, Auckland, New Zealand) dissolved in water",BEVERAGES,,52,none,,,,,,,,,,,,
104,"Milk powder, Jerseyjoy Active Life (Australia Jersey Dairy Group Pty Ltd), prepared with water",BEVERAGES,,32,none,,,,,,,,,,,,
105,"Nesquik™, chocolate (Nestlé, Australia), prepared with water",BEVERAGES,,53,none,,,,,,,,,,,,
106,"Nesquik™, strawberry (Nestlé, Australia), prepared with water",BEVERAGES,,64,none,,,,,,,,,,,,
107,"Ovaltine®, chocolate (Twinings & Co, Australia), prepared with water",BEVERAGES,,50,none,,,,,,,,,,,,
108,"Formulated Milk powder for Middle-Aged Adults, Probilove (Australia Jersey Dairy Group Pty Ltd), prepared with water",BEVERAGES,,32,none,,,,,,,,,,,,
109,"Vanilla drink with fiber, Build-Up™ nutrient-fortified drink (Nestlé, Australia)",BEVERAGES,,41,none,,,,,,,,,,,,
110,"Vanilla Liquid Breakfast, Devondale Fast Start (Murray Goulburn Co-Operative Company Limited, Australia)",BEVERAGES,,49,none,,,,,,,,,,,,
111,Yakult (Yakult Italia),BEVERAGES,,51,none,,,,,,,,,,,,
112,"Yakult, fermented milk drink (Yakult company, Taipei, Taiwan)",BEVERAGES,fermented,58,none,,,,,,,,,,,,
113,"Yakult® Light, fermented milk drink with Lactobacil lus casei (Yakult, Dandenong, Australia)",BEVERAGES,fermented,36,none,,,,,,,,,,,,
114,"Rice milk drink, low-fat, Australia's Own Natural™ (So Natural Foods, Taren Point, Australia)",BEVERAGES,,92,none,,,,,,,,,,,,
115,"Rice milk, low-fat, calcium enriched, Vitasoy® (National Foods Ltd, Australia)",BEVERAGES,,79,none,,,,,,,,,,,,
116,"Smoothie, apple, pear, banana (Frullato mela, pera e banana Storie di frutta, Mulino Bianco, Barilla, Italy)",BEVERAGES,,68,none,,,,,,,,,,,,
117,"Smoothie, banana",BEVERAGES,,30,none,,,,,,,,,,,,
118,"Smoothie, Banana & Honey, Devondale brand (Murray Goulburn Co-Operative Company Limited, Australia)",BEVERAGES,,28,none,,,,,,,,,,,,
119,"Smoothie, banana and strawberry, V8 Splash® (Campbell's Soup Company, Camden, USA)",BEVERAGES,,44,none,,,,,,,,,,,,
120,"Smoothie, mango",BEVERAGES,,32,none,,,,,,,,,,,,
121,"Smoothie, mango and passionfruit (Innocent Ltd., UK)",BEVERAGES,,36,none,,,,,,,,,,,,
122,"Smoothie, raspberry (Con Agra Inc, Omaha, USA)",BEVERAGES,,33,none,,,,,,,,,,,,
123,"Smoothie, strawberry and banana (Innocent Ltd., UK)",BEVERAGES,,39,none,,,,,,,,,,,,
124,"Smoothie, Tropical, Devondale brand (Murray Goulburn Co- Operative Company Limited, Australia)",BEVERAGES,,31,none,,,,,,,,,,,,
125,"Cocoa malt flavor, Up & Go™, soy milk, rice cereal liquid breakfast (Sanitarium Health Foods, Australia)",BEVERAGES,,43,none,,,,,,,,,,,,
126,"Chocolate Daydream™ shake, fructose (Revival Soy®, Physicians Pharmaceuticals, Inc, USA) (47.1 g powder + 305 mL water)",BEVERAGES,,33,none,,,,,,,,,,,,
127,"Chocolate flavored soy milk drink, So Good Bliss (Sanitarium Health Foods, Australia)",BEVERAGES,,46,none,,,,,,,,,,,,
128,"Chocolate, Xpress, soybean, cereal and legume extract drink with fructose (So Natural Foods, Australia)",BEVERAGES,,39,none,,,,,,,,,,,,
129,"Original malt flavor, Up & Go™, soy milk, rice cereal liquid breakfast (Sanitarium Health Foods, Australia)",BEVERAGES,,46,none,,,,,,,,,,,,
130,"Smoothie drink, soy, banana, 1% fat (So Natural Foods, Australia)",BEVERAGES,,30,none,,,,,,,,,,,,
131,"Smoothie drink, soy, chocolate hazelnut, 1% fat (So Natural Foods, Australia)",BEVERAGES,,34,none,,,,,,,,,,,,
132,"Soy Beverage, Chocolate flavored, President's Choice® Blue Menu™ (Loblaw Brands Limited, Canada)",BEVERAGES,,40,none,,,,,,,,,,,,
133,"Soy Beverage, Original flavored, President's Choice® Blue Menu™ (Loblaw Brands Limited, Canada)",BEVERAGES,,15,none,,,,,,,,,,,,
134,"Soy Beverage, Vanilla flavored, President's Choice® Blue Menu™ (Loblaw Brands Limited, Canada)",BEVERAGES,,28,none,,,,,,,,,,,,
135,"Sport beverage based on whey protein powder with carbohydrate (CHO:PRO=4:1), orange flavor (Endurox R4, Pacific Health Laboratories, Parsippany, NJ, USA)",BEVERAGES,,67,review,1.071,173180,"Beverages, Protein powder whey based",Beverages,6.25,0.00,3.10,3.15,estimated,0.0000,0.4960,0.5040
136,"Sustagen® Sport Chocolate (Nestlé Health Science, Australia), prepared with water",BEVERAGES,,36,none,,,,,,,,,,,,
137,"Sustagen® Sport Vanilla (Nestlé Health Science, Australia), prepared with water",BEVERAGES,,37,none,,,,,,,,,,,,
138,"Thorpedo® Advanced Hydration for Kids, all flavors (Thorpedo Foods, Australia)",BEVERAGES,,11,none,,,,,,,,,,,,
139,"Thorpedo® Ultra Low GI Energy Water, all flavors (Thorpedo Foods, Australia)",BEVERAGES,,16,none,,,,,,,,,,,,
140,"Ancient Grains Quinoa milk drink with Chia (Freedom Foods, Australia)",BEVERAGES,,42,none,,,,,,,,,,,,
141,"Coconut milk beverage, containing organic coconut milk and organic brown rice (Pure Harvest Coco Quench, Australia)",BEVERAGES,,68,none,,,,,,,,,,,,
142,"Coconut Water, water of green coconut, Nudie™",BEVERAGES,,55,none,,,,,,,,,,,,
143,"Goat Milk Drink, Symbiotics Low GI (NIG Nutritionals Pty Ltd, New Zealand), powder prepared with water",BEVERAGES,,25,none,,,,,,,,,,,,
144,"Oat milk, calcium enriched, Vitasoy® (National Foods Ltd, Australia)",BEVERAGES,,69,none,,,,,,,,,,,,
145,"English Muffin™ bread (Natural Ovens, USA)",BREADS,,77,none,,,,,,,,,,,,
146,"English Muffin, Whole Grain Multigrain, President's Choice® Blue Menu™ (Loblaw Brands Limited, Canada)",BREADS,,45,review,0.850,174093,"English muffins, whole grain white",Baked Products,50.17,1.75,3.50,44.92,estimated,0.0349,0.0698,0.8954
147,"Fruit and Spice Bread, Vogel’s (Goodman Fielder, New Zealand)",BREADS,,57,none,,,,,,,,,,,,
148,"Fruit and Spice Bread, Vogel's (Goodman Fielder, Auckland, New Zealand), tested after a high-CHO evening meal",BREADS,,68,none,,,,,,,,,,,,
149,"Fruit and Spice Bread, Vogel's (Goodman Fielder, Auckland, New Zealand), tested after a high-fat evening meal",BREADS,,59,none,,,,,,,,,,,,
150,"Fruit loaf, Bürgen® (Tip Top Bakeries, Chatswood, Australia)",BREADS,,44,none,,,,,,,,,,,,
151,"Fruit and Muesli bread, Bürgen® (Tip Top Bakeries, Australia)",BREADS,,53,none,,,,,,,,,,,,
152,"Fruit and cinnamon bread (Finest, UK)",BREADS,,71,accepted,1.067,171849,"Bread, cinnamon",Baked Products,44.38,14.11,3.50,26.77,estimated,0.3179,0.0789,0.6032
153,"Fruit and Spice Loaf, thick sliced (Buttercup bakeries, Moorebank, Australia)",BREADS,,54,none,,,,,,,,,,,,
154,"Fruit loaf, sliced",BREADS,,57,none,,,,,,,,,,,,
155,"Cinnamon, raisin, pecan bread, Happiness™ (Natural Ovens, Manitowoc, USA)",BREADS,,63,accepted,1.100,171849,"Bread, cinnamon",Baked Products,44.38,14.11,3.50,26.77,estimated,0.3179,0.0789,0.6032
156,"Muesli bread, made from packet mix in bread making machine (Con Agra Inc., USA)",BREADS,,54,none,,,,,,,,,,,,
157,"Raisin Toast, TipTop™ (Tip Top Bakeries, Australia)",BREADS,toasted,53,none,,,,,,,,,,,,
158,Whole-wheat bread with dried fruit,BREADS,,47,none,,,,,,,,,,,,
159,"Multigrain bread, gluten-free (Country Life Bakery, Dandenong, Australia)",BREADS,,79,none,,,,,,,,,,,,
160,"White bread, gluten free (Country Life Bakery, Australia)",BREADS,,40,none,,,,,,,,,,,,
161,"White bread, gluten free, sliced (COOP Italia-Soc. Coop a.r.l., Italy)",BREADS,,61,none,,,,,,,,,,,,
162,"White roll bread, gluten free (Dr Schär AG/SPA, Italy)",BREADS,,63,none,,,,,,,,,,,,
163,"White sourdough bread, gluten free, sliced (Dr Schär AG/SPA, Italy)",BREADS,,52,none,,,,,,,,,,,,
164,"Burger Buns, 100% Whole wheat Gigantico, President's Choice® Blue Menu™ (Loblaw Brands Limited, Canada)",BREADS,,62,none,,,,,,,,,,,,
165,"HermanBurger Protein Bun (Herman Brot Pty Ltd, Australia)",BREADS,,31,none,,,,,,,,,,,,
166,"Hot Dog Rolls, 100% Whole wheat Gigantico, President's Choice® Blue Menu™(Loblaw Brands Limited, Canada)",BREADS,,62,accepted,1.100,174090,"Rolls, hamburger or hot dog, whole wheat",Baked Products,44.93,5.92,6.10,28.52,measured,0.1318,0.1358,0.6348
167,"Mixed Grain bread roll, Bürgen™ (Tip Top Bakeries, Chatswood, Australia)",BREADS,,52,none,,,,,,,,,,,,
168,"Soft bread rolls, Pagnottelle classic, soft wheat flour, sugar (5.4%) (Mulino Bianco, Barilla, Italy)",BREADS,,62,none,,,,,,,,,,,,
169,"Soft bread rolls, Sfilatini al grano tenero (Mulino Bianco, Barilla, Italy)",BREADS,,65,none,,,,,,,,,,,,
170,"Classic Seed Loaf, Helga's™ (Quality Bakers, Sydney, Australia)",BREADS,,68,none,,,,,,,,,,,,
171,"Hearty 7 Grain bread, Healthy Choice™ (Con Agra Inc., USA)",BREADS,,55,none,,,,,,,,,,,,
172,"Hearty 100% Whole Grain bread, Healthy Choice™ (Con Agra Inc., USA)",BREADS,,62,review,0.742,168013,"Bread, multi-grain (includes whole-grain)",Baked Products,43.34,6.39,7.40,25.67,measured,0.1474,0.1707,0.5923
173,"Kibbled Konini bread (Country Fare, New Zealand)",BREADS,,68,none,,,,,,,,,,,,
174,"Kibbled wheat bread, Lawson’s Settlers Grain (Goodman Fielder, Australia)",BREADS,,65,accepted,1.067,172686,"Bread, wheat",Baked Products,47.54,5.73,4.00,36.34,measured,0.1205,0.0841,0.7644
175,Linola seed bread,BREADS,,90,none,,,,,,,,,,,,
176,"Mixed Grain bread, Bürgen™ (Tip Top Bakeries, Chatswood, Australia)",BREADS,,34,none,,,,,,,,,,,,
177,"Mixed Grain, Bürgen™ (Tip Top Bakeries, Chatswood, Australia)",BREADS,,52,none,,,,,,,,,,,,
178,"Mixed grain sandwich bread, Molenberg™ (Goodman Fielder, Auckland, New Zealand)",BREADS,,75,none,,,,,,,,,,,,
179,Multigrain batch bread,BREADS,,62,none,,,,,,,,,,,,
180,"Multigrain bread (High 5 Silver Bird Group Berhad, Shah Alam, Selangor, Malaysia)",BREADS,,56,none,,,,,,,,,,,,
181,"Multi-Grain bread, 9-Grain (Tip Top Bakeries, Australia)",BREADS,,43,none,,,,,,,,,,,,
182,"Multigrain loaf, containing wheat flour and coconut flour",BREADS,,60,none,,,,,,,,,,,,
183,Multiseed bread,BREADS,,54,none,,,,,,,,,,,,
184,"Oatbran & Honey bread, Bürgen™ (Tip Top Bakeries, Australia)",BREADS,,49,none,,,,,,,,,,,,
185,"Organic Heavy Wholegrain bread, Golden Hearth™ (Gold Coast Bakeries, QLD, Australia)",BREADS,,53,none,,,,,,,,,,,,
186,"Pumpkin Seed bread, containing 6% pumpkin seeds, Bürgen™ (Tip Top Bakeries, Australia)",BREADS,,49,none,,,,,,,,,,,,
187,Seeded bread,BREADS,,49,none,,,,,,,,,,,,
188,"Soy-Lin, kibbled soy (8%) and linseed (8%) loaf, Bürgen™ (Tip Top Bakeries, Australia)",BREADS,,36,none,,,,,,,,,,,,
189,"Soy & Linseed bread (made from packet mix cooked in bread maker) (Con Agra Inc., USA)",BREADS,boiled,50,none,,,,,,,,,,,,
190,"Soy & Linseed bread (Coles Supermarkets Pty Ltd, Australia)",BREADS,,56,none,,,,,,,,,,,,
191,"Sprouted wheat bread, Sprouted 3 Grains bread (Stonemill Bread, Toronto, Canada)",BREADS,,55,accepted,1.100,171850,"Bread, wheat, sprouted",Baked Products,33.88,2.63,5.30,25.95,estimated,0.0776,0.1564,0.7659
192,"Whole grain bread, Hunger Filler™ (Natural Ovens, USA)",BREADS,,59,accepted,1.067,172688,"Bread, whole-wheat, commercially prepared",Baked Products,42.71,4.34,6.00,28.73,measured,0.1016,0.1405,0.6727
193,"Whole grain bread, Nutty Natural™ (Natural Ovens, USA)",BREADS,,59,accepted,1.067,172688,"Bread, whole-wheat, commercially prepared",Baked Products,42.71,4.34,6.00,28.73,measured,0.1016,0.1405,0.6727
194,"Whole grain bread, Stay Trim™ (Natural Ovens, USA)",BREADS,,70,accepted,1.067,172688,"Bread, whole-wheat, commercially prepared",Baked Products,42.71,4.34,6.00,28.73,measured,0.1016,0.1405,0.6727
195,"Wholemeal Country Grain bread, Bakers Delight™ (Bakers Delight Holdings, Australia)",BREADS,,53,none,,,,,,,,,,,,
196,"Wholemeal & Seeds bread, Bürgen™ (Tip Top Bakeries, Australia)",BREADS,,39,review,1.075,172688,"Bread, whole-wheat, commercially prepared",Baked Products,42.71,4.34,6.00,28.73,measured,0.1016,0.1405,0.6727
197,"Lower Carb Bread (Herman Brot Pty Ltd, Australia)",BREADS,,24,none,,,,,,,,,,,,
198,"Lower Carb 5 Seeds Bread, Helga’s™ (Quality Bakers, Sydney, Australia)",BREADS,,53,none,,,,,,,,,,,,
199,"Lower Carb Soy & Toasted Sesame Bread, Helga’s™ (Quality Bakers, Sydney, Australia)",BREADS,,51,none,,,,,,,,,,,,
200,"Lower Carb Wholemeal & Seeds Bread, Helga’s™ (Quality Bakers, Sydney, Australia)",BREADS,,51,none,,,,,,,,,,,,
201,"Bread, short oat (50% wholemeal wheat, 20% rye, 10% oatmeal, 20% white wheat, yeast (1.3% net flour weight), no rising time, 30 min proving time, 220°C baking temperature, 30 min bake",BREADS,baked,77,accepted,1.100,167532,"Bread, white wheat",Baked Products,43.91,5.00,9.20,27.25,measured,0.1139,0.2095,0.6206
202,"Bread, wholemeal with oatmeal (High 5 Silver Bird Group Berhad, Shah Alam, Selangor, Malaysia)",BREADS,,67,accepted,1.100,172678,"Bread, oatmeal",Baked Products,48.50,8.14,4.00,36.36,estimated,0.1678,0.0825,0.7497
203,"Degraded oat bran concentrate bread (50% oat bran concentrate + 50% wheat, 5 h proving time)",BREADS,,64,none,,,,,,,,,,,,
204,"Optimal oat bran concentrate bread (50% oat bran concentrate + 50% wheat, separate proving of wheat dough part)",BREADS,,57,none,,,,,,,,,,,,
205,"Low oat bran concentrate bread (25% oat bran concentrate + 75% wheat, separate proving of wheat dough part)",BREADS,,65,none,,,,,,,,,,,,
206,Oatmeal batch bread,BREADS,,62,accepted,1.067,172678,"Bread, oatmeal",Baked Products,48.50,8.14,4.00,36.36,estimated,0.1678,0.0825,0.7497
207,"Soft pretzel, soy",BREADS,,39,none,,,,,,,,,,,,
208,"Soft pretzel, wheat",BREADS,,66,none,,,,,,,,,,,,
209,"Soft pretzel (Ditsch, Mainz , Germany)",BREADS,,80,none,,,,,,,,,,,,
210,"Rice bread, high-amylose Doongara rice (Pav's Allergy Bakery, Australia)",BREADS,,61,none,,,,,,,,,,,,
211,"Rice bread, low-amylose Calrose rice (Pav's Allergy Bakery, Ingleburn, Australia)",BREADS,,72,none,,,,,,,,,,,,
212,"Bread, long rye (50% wholemeal wheat, 30% rye, 20% white wheat, yeast (13% net flour weight), 20 min rising time, 30 min proving time, 220°C baking temperature, 30 min bake time",BREADS,baked,76,accepted,1.100,167532,"Bread, white wheat",Baked Products,43.91,5.00,9.20,27.25,measured,0.1139,0.2095,0.6206
213,"Bread, short rye (50% wholemeal wheat, 30% rye, 20% white wheat, yeast (1.3% net flour weight), no rising time, 30 min proving time, 220°C baking temperature, 30 min bake time",BREADS,baked,82,accepted,1.100,167532,"Bread, white wheat",Baked Products,43.91,5.00,9.20,27.25,measured,0.1139,0.2095,0.6206
214,"Rye, Bürgen™ (Tip Top Bakeries, Australia)",BREADS,,51,accepted,1.100,172684,"Bread, rye",Baked Products,48.30,3.85,5.80,38.65,estimated,0.0797,0.1201,0.8002
215,"Rye, Country Grain Organic (Country Life Bakery, Australia)",BREADS,,53,accepted,1.100,172684,"Bread, rye",Baked Products,48.30,3.85,5.80,38.65,estimated,0.0797,0.1201,0.8002
216,"Pumpernickel Rye bread (Van der Meulen BV, Netherlands)",BREADS,,49,accepted,1.067,172684,"Bread, rye",Baked Products,48.30,3.85,5.80,38.65,estimated,0.0797,0.1201,0.8002
217,"Rye Hi-Soy with Linseed (Country Life Bakery, Australia)",BREADS,,55,none,,,,,,,,,,,,
218,"Rye wheat sourdough bread (Paderborner, Lieken Urkorn, Dortmund, Germany)",BREADS,,62,none,,,,,,,,,,,,
219,Sourdough rye bread,BREADS,,48,accepted,1.067,172684,"Bread, rye",Baked Products,48.30,3.85,5.80,38.65,estimated,0.0797,0.1201,0.8002
220,"Sourdough bread, made with rye flour, wholemeal rye flour, spelt flour and intact barley kernels and white bean kernels",BREADS,,67,none,,,,,,,,,,,,
221,"Sourdough bread, made with rye flour, wholemeal rye flour, spelt flour with intact barley kernels and mung bean kernels",BREADS,,65,none,,,,,,,,,,,,
222,Sprouted rye bread,BREADS,,61,accepted,1.067,172684,"Bread, rye",Baked Products,48.30,3.85,5.80,38.65,estimated,0.0797,0.1201,0.8002
223,"Rye, made with 30% wholemeal wheat, 20% kibbled rye, 30% wheat flour, and baker’s yeast",BREADS,,60,review,1.100,172684,"Bread, rye",Baked Products,48.30,3.85,5.80,38.65,estimated,0.0797,0.1201,0.8002
224,"Wholemeal rye bread with intact grains and sunflower seeds (Kraftkerni, Lieken Urkorn, Dortmund, Germany)",BREADS,,55,none,,,,,,,,,,,,
225,"Sourdough Cob Bread (Fine Breads of Australia, NSW, Australia)",BREADS,,77,none,,,,,,,,,,,,
226,Sourdough wheat bread,BREADS,,54,accepted,1.067,172686,"Bread, wheat",Baked Products,47.54,5.73,4.00,36.34,measured,0.1205,0.0841,0.7644
227,"Sourdough bread (50% wholemeal wheat, 50% white wheat, sourdough starter (70% wet weight), 80 min rising time, 60 min proving time, 200°C baking temperature, 60 min baking time",BREADS,baked,82,accepted,1.075,172688,"Bread, whole-wheat, commercially prepared",Baked Products,42.71,4.34,6.00,28.73,measured,0.1016,0.1405,0.6727
228,"Sourdough bread + oats (50% wholemeal wheat, 50% white wheat, 10% rolled oats; sourdough starter (70% wet weight), 80 min rising time, 60 min proving time, 200°C baking temperature, 60 min baking time",BREADS,baked,71,none,,,,,,,,,,,,
229,"Sourdough Vienna bread, Bakers Delight™ (Bakers Delight Holdings, Australia)",BREADS,,66,review,0.767,172675,"Bread, french or vienna (includes sourdough)",Baked Products,51.88,4.62,2.20,44.23,measured,0.0891,0.0424,0.8525
230,"Multigrain spelt bread® (Pav's bakery, Australia)",BREADS,,54,none,,,,,,,,,,,,
231,Sprouted Spelt bread,BREADS,,62,accepted,1.067,171850,"Bread, wheat, sprouted",Baked Products,33.88,2.63,5.30,25.95,estimated,0.0776,0.1564,0.7659
232,White spelt wheat bread,BREADS,,66,accepted,1.075,167532,"Bread, white wheat",Baked Products,43.91,5.00,9.20,27.25,measured,0.1139,0.2095,0.6206
233,Wholemeal spelt wheat bread (local bakery),BREADS,,63,accepted,1.075,172688,"Bread, whole-wheat, commercially prepared",Baked Products,42.71,4.34,6.00,28.73,measured,0.1016,0.1405,0.6727
234,"Wheat bread, sliced (Pan Bauletto Bianco)",BREADS,,59,accepted,1.100,167532,"Bread, white wheat",Baked Products,43.91,5.00,9.20,27.25,measured,0.1139,0.2095,0.6206
235,White bread,BREADS,,59,accepted,1.100,167532,"Bread, white wheat",Baked Products,43.91,5.00,9.20,27.25,measured,0.1139,0.2095,0.6206
236,"White bread (Giant Eagle King Size Enriched bread, Pittsburgh, PA, USA)",BREADS,,60,accepted,1.100,167532,"Bread, white wheat",Baked Products,43.91,5.00,9.20,27.25,measured,0.1139,0.2095,0.6206
237,"White bread (Pepperidge Farm Original White Bread, USA)",BREADS,,62,accepted,1.100,167532,"Bread, white wheat",Baked Products,43.91,5.00,9.20,27.25,measured,0.1139,0.2095,0.6206
238,White bread,BREADS,,63,accepted,1.100,167532,"Bread, white wheat",Baked Products,43.91,5.00,9.20,27.25,measured,0.1139,0.2095,0.6206
239,White bread,BREADS,,65,accepted,1.100,167532,"Bread, white wheat",Baked Products,43.91,5.00,9.20,27.25,measured,0.1139,0.2095,0.6206
240,White bread,BREADS,,66,accepted,1.100,167532,"Bread, white wheat",Baked Products,43.91,5.00,9.20,27.25,measured,0.1139,0.2095,0.6206
241,White bread,BREADS,,68,accepted,1.100,167532,"Bread, white wheat",Baked Products,43.91,5.00,9.20,27.25,measured,0.1139,0.2095,0.6206
242,White bread,BREADS,,69,accepted,1.100,167532,"Bread, white wheat",Baked Products,43.91,5.00,9.20,27.25,measured,0.1139,0.2095,0.6206
243,"White bread, WonderWhite™ (Goodman Fielder Ltd, NSW, Australia)",BREADS,,70,accepted,1.100,167532,"Bread, white wheat",Baked Products,43.91,5.00,9.20,27.25,measured,0.1139,0.2095,0.6206
244,"White bread, WonderWhite™ (Goodman Fielder Ltd, NSW, Australia), tested by subjects with a low AMY1 copy number",BREADS,,70,accepted,1.100,167532,"Bread, white wheat",Baked Products,43.91,5.00,9.20,27.25,measured,0.1139,0.2095,0.6206
245,"White bread, Sunblest™ (Tip Top Bakeries, Australia)",BREADS,,70,accepted,1.100,167532,"Bread, white wheat",Baked Products,43.91,5.00,9.20,27.25,measured,0.1139,0.2095,0.6206
246,White bread,BREADS,,71,accepted,1.100,167532,"Bread, white wheat",Baked Products,43.91,5.00,9.20,27.25,measured,0.1139,0.2095,0.6206
247,White bread,BREADS,,71,accepted,1.100,167532,"Bread, white wheat",Baked Products,43.91,5.00,9.20,27.25,measured,0.1139,0.2095,0.6206
248,"White bread (Somerfield Plc, Oxford, UK)",BREADS,,71,accepted,1.100,167532,"Bread, white wheat",Baked Products,43.91,5.00,9.20,27.25,measured,0.1139,0.2095,0.6206
249,"White bread (Original White Bread, Pepperidge Farm, Norwalk, CT, USA)",BREADS,,71,accepted,1.100,167532,"Bread, white wheat",Baked Products,43.91,5.00,9.20,27.25,measured,0.1139,0.2095,0.6206
250,"Wheat bread, bite-sized, soft wheat flour (Bocconcini, Panem, Italy)",BREADS,,71,accepted,1.100,167532,"Bread, white wheat",Baked Products,43.91,5.00,9.20,27.25,measured,0.1139,0.2095,0.6206
251,White bread,BREADS,,72,accepted,1.100,167532,"Bread, white wheat",Baked Products,43.91,5.00,9.20,27.25,measured,0.1139,0.2095,0.6206
252,White bread,BREADS,,72,accepted,1.100,167532,"Bread, white wheat",Baked Products,43.91,5.00,9.20,27.25,measured,0.1139,0.2095,0.6206
253,White bread,BREADS,,74,accepted,1.100,167532,"Bread, white wheat",Baked Products,43.91,5.00,9.20,27.25,measured,0.1139,0.2095,0.6206
254,White bread,BREADS,,75,accepted,1.100,167532,"Bread, white wheat",Baked Products,43.91,5.00,9.20,27.25,measured,0.1139,0.2095,0.6206
255,"White bread (Nishin Shokuhin, Japan)",BREADS,,75,accepted,1.100,167532,"Bread, white wheat",Baked Products,43.91,5.00,9.20,27.25,measured,0.1139,0.2095,0.6206
256,"White bread (Vodova veka Penam, Olomouc, Czech Republic)",BREADS,,75,accepted,1.100,167532,"Bread, white wheat",Baked Products,43.91,5.00,9.20,27.25,measured,0.1139,0.2095,0.6206
257,White bread,BREADS,,76,accepted,1.100,167532,"Bread, white wheat",Baked Products,43.91,5.00,9.20,27.25,measured,0.1139,0.2095,0.6206
258,White bread,BREADS,,76,accepted,1.100,167532,"Bread, white wheat",Baked Products,43.91,5.00,9.20,27.25,measured,0.1139,0.2095,0.6206
259,"White bread, containing 9% sourdough, baked for 30 min at 210°C",BREADS,baked,76,review,1.100,167532,"Bread, white wheat",Baked Products,43.91,5.00,9.20,27.25,measured,0.1139,0.2095,0.6206
260,White bread,BREADS,,76,accepted,1.100,167532,"Bread, white wheat",Baked Products,43.91,5.00,9.20,27.25,measured,0.1139,0.2095,0.6206
261,"Wheat bread, sliced (Harry's)",BREADS,,76,accepted,1.100,167532,"Bread, white wheat",Baked Products,43.91,5.00,9.20,27.25,measured,0.1139,0.2095,0.6206
262,White bread,BREADS,,78,accepted,1.100,167532,"Bread, white wheat",Baked Products,43.91,5.00,9.20,27.25,measured,0.1139,0.2095,0.6206
263,"White bread, WonderWhite™ (Goodman Fielder Ltd, NSW, Australia), tested by subjects with a high AMY1 copy number",BREADS,,81,accepted,1.100,167532,"Bread, white wheat",Baked Products,43.91,5.00,9.20,27.25,measured,0.1139,0.2095,0.6206
264,"White bread (Gardenia Bakeries (KL) Sdn Bhd Shah Alam, Selangor)",BREADS,,83,accepted,1.100,167532,"Bread, white wheat",Baked Products,43.91,5.00,9.20,27.25,measured,0.1139,0.2095,0.6206
265,"White bread (Gardenia brand, NTUC Fairprice, Singapore)",BREADS,,83,accepted,1.100,167532,"Bread, white wheat",Baked Products,43.91,5.00,9.20,27.25,measured,0.1139,0.2095,0.6206
266,Wheat bread,BREADS,,84,accepted,1.100,167532,"Bread, white wheat",Baked Products,43.91,5.00,9.20,27.25,measured,0.1139,0.2095,0.6206
267,White bread (lab made),BREADS,,87,accepted,1.100,167532,"Bread, white wheat",Baked Products,43.91,5.00,9.20,27.25,measured,0.1139,0.2095,0.6206
268,White bread,BREADS,,88,accepted,1.100,167532,"Bread, white wheat",Baked Products,43.91,5.00,9.20,27.25,measured,0.1139,0.2095,0.6206
269,"Baguette, Whole Grain, President's Choice® Blue Menu™ (Loblaw Brands Limited, Canada)",BREADS,,73,none,,,,,,,,,,,,
270,"Bread, bakery made from an industrial mix for bread preparation (Pan Gustavo, Novaterra Zeelandia, Italy)",BREADS,,72,accepted,1.100,167532,"Bread, white wheat",Baked Products,43.91,5.00,9.20,27.25,measured,0.1139,0.2095,0.6206
271,"Bread, bakery made from an industrial mix for bread preparation (Pan Semola, Novaterra Zeelandia, Italy)",BREADS,,87,accepted,1.100,167532,"Bread, white wheat",Baked Products,43.91,5.00,9.20,27.25,measured,0.1139,0.2095,0.6206
272,"Bread, sliced, soft wheat flour, low GI and high fiber (Pane a fette a basso indice glicemico e ad alto contenuto di fibre, Roberto Industria Alimentare, Italy)",BREADS,,41,review,1.100,167532,"Bread, white wheat",Baked Products,43.91,5.00,9.20,27.25,measured,0.1139,0.2095,0.6206
273,"Pan Bauletto 5 cereali e soia (Mulino Bianco, Barilla, Italy)",BREADS,,60,none,,,,,,,,,,,,
274,"Bread, sliced, durum wheat flour (Pan Bauletto al grano duro, Mulino Bianco, Barilla, Italy)",BREADS,,68,accepted,1.100,167532,"Bread, white wheat",Baked Products,43.91,5.00,9.20,27.25,measured,0.1139,0.2095,0.6206
275,"White bread, Alfacar",BREADS,,68,accepted,1.100,167532,"Bread, white wheat",Baked Products,43.91,5.00,9.20,27.25,measured,0.1139,0.2095,0.6206
276,"White bread, candeal-flour",BREADS,,86,accepted,1.100,167532,"Bread, white wheat",Baked Products,43.91,5.00,9.20,27.25,measured,0.1139,0.2095,0.6206
277,"White sandwich bread, low GI, high fib er, Bakers Delight™ Hi Fibre Lo GI (Bakers Delight Holdings, Australia)",BREADS,,52,review,1.067,167532,"Bread, white wheat",Baked Products,43.91,5.00,9.20,27.25,measured,0.1139,0.2095,0.6206
278,"White sandwich bread, low GI, high fib er, Tip Top™ EnerGI (Tip Top Bakeries, George Weston Ltd, Australia)",BREADS,,58,review,1.067,167532,"Bread, white wheat",Baked Products,43.91,5.00,9.20,27.25,measured,0.1139,0.2095,0.6206
279,"White bread, low GI, high fib er, Tip Top™ EnerGI (Tip Top Bakeries, George Weston Ltd, Australia)",BREADS,,54,review,1.100,167532,"Bread, white wheat",Baked Products,43.91,5.00,9.20,27.25,measured,0.1139,0.2095,0.6206
280,"White sandwich bread, low GI, high fib er , Vogel's Wonder White 'Low GI' (Quality Bakers, Australia)",BREADS,,54,review,1.067,167532,"Bread, white wheat",Baked Products,43.91,5.00,9.20,27.25,measured,0.1139,0.2095,0.6206
281,"White sandwich bread, low GI, high fib er , Vogel's Wonder White 'Low GI' (Quality Bakers, Australia)",BREADS,,59,review,1.067,167532,"Bread, white wheat",Baked Products,43.91,5.00,9.20,27.25,measured,0.1139,0.2095,0.6206
282,"White sandwich bread, Low GI, high fib er, Low GI Wonder Active (Quality Bakers, Sydney, Australia)",BREADS,,52,review,1.067,167532,"Bread, white wheat",Baked Products,43.91,5.00,9.20,27.25,measured,0.1139,0.2095,0.6206
283,"White bread, toasted (Hovis, UK)",BREADS,toasted,50,accepted,1.150,174925,"Bread, white, commercially prepared, toasted",Baked Products,54.50,6.20,2.90,45.40,estimated,0.1138,0.0532,0.8330
284,"Enriched white bread, Wonder™ (Interstate Brands Companies, Kansas City, USA)",BREADS,,71,accepted,1.067,167532,"Bread, white wheat",Baked Products,43.91,5.00,9.20,27.25,measured,0.1139,0.2095,0.6206
285,"Enriched white bread, Wonder™ (Interstate Brands Companies, Kansas City, USA)",BREADS,,72,accepted,1.067,167532,"Bread, white wheat",Baked Products,43.91,5.00,9.20,27.25,measured,0.1139,0.2095,0.6206
286,"Enriched white bread, Wonder™ (Interstate Brands Companies, Kansas City, USA)",BREADS,,77,accepted,1.067,167532,"Bread, white wheat",Baked Products,43.91,5.00,9.20,27.25,measured,0.1139,0.2095,0.6206
287,"Bread, sliced, soft wheat flour, olive oil (2.5%) (Pane Bianco, Roberto Industria Alimentare, Italy)",BREADS,,63,accepted,1.100,167532,"Bread, white wheat",Baked Products,43.91,5.00,9.20,27.25,measured,0.1139,0.2095,0.6206
288,"Bread, sliced, soft wheat flour, extra virgin olive oil (Pane Bianco all'olio d'oliva, Coop, Italy)",BREADS,,73,accepted,1.100,167532,"Bread, white wheat",Baked Products,43.91,5.00,9.20,27.25,measured,0.1139,0.2095,0.6206
289,"White bread (100% wheat flour) + 2% pectin (George Weston Foods Ltd, Australia)",BREADS,,86,review,1.067,174924,"Bread, white, commercially prepared (includes soft bread crumbs)",Baked Products,49.42,5.67,2.70,37.17,measured,0.1147,0.0546,0.7521
290,"White bread (100% wheat flour) + 5% fruit fiber (George Weston Foods Ltd, Australia)",BREADS,,77,none,,,,,,,,,,,,
291,"White bread (80% wheat flour + 20% chickpea flour) (George Weston Foods Ltd, Australia)",BREADS,,80,review,1.100,174924,"Bread, white, commercially prepared (includes soft bread crumbs)",Baked Products,49.42,5.67,2.70,37.17,measured,0.1147,0.0546,0.7521
292,"White bread (90% wheat flour + 10% modified corn starch) (George Weston Foods Ltd, Australia)",BREADS,,79,review,1.100,174924,"Bread, white, commercially prepared (includes soft bread crumbs)",Baked Products,49.42,5.67,2.70,37.17,measured,0.1147,0.0546,0.7521
293,"White bread (90% wheat flour + 10% tapioca starch) (George Weston Foods Ltd, Australia)",BREADS,,78,review,1.100,174924,"Bread, white, commercially prepared (includes soft bread crumbs)",Baked Products,49.42,5.67,2.70,37.17,measured,0.1147,0.0546,0.7521
294,"White bread (95% wheat flour + 5% oat bran) (George Weston Foods Ltd, Australia)",BREADS,,75,review,1.100,174924,"Bread, white, commercially prepared (includes soft bread crumbs)",Baked Products,49.42,5.67,2.70,37.17,measured,0.1147,0.0546,0.7521
295,"White bread, containing 2% guar gum (George Weston Foods Ltd, Australia)",BREADS,,67,review,1.100,174924,"Bread, white, commercially prepared (includes soft bread crumbs)",Baked Products,49.42,5.67,2.70,37.17,measured,0.1147,0.0546,0.7521
296,"White bread, containing 2% vinegar and 2.5% sourdough (Noble Rise Crunchy Toast, Australia)",BREADS,toasted,80,review,1.150,174925,"Bread, white, commercially prepared, toasted",Baked Products,54.50,6.20,2.90,45.40,estimated,0.1138,0.0532,0.8330
297,"Bread, fibre-enriched flour (Pan Bauletto Fior di Fibra, Mulino Bianco, Barilla , Italy)",BREADS,,53,review,1.100,174924,"Bread, white, commercially prepared (includes soft bread crumbs)",Baked Products,49.42,5.67,2.70,37.17,measured,0.1147,0.0546,0.7521
298,"White bread, fiber-enriched, Fiber White™ (Nature's Fresh, Auckland, New Zealand)",BREADS,,77,review,1.100,174924,"Bread, white, commercially prepared (includes soft bread crumbs)",Baked Products,49.42,5.67,2.70,37.17,measured,0.1147,0.0546,0.7521
299,White bread with 2.5 g Filtered Molasses Concentrate added per 100 g (6.04 g FMC/100 g carbohydrate),BREADS,,59,none,,,,,,,,,,,,
300,Wheat bread enriched with ß-glucan (6 g per serving),BREADS,,48,none,,,,,,,,,,,,
301,"White bread, containing 0.8% Reducose® , lab made",BREADS,,42,review,1.100,174924,"Bread, white, commercially prepared (includes soft bread crumbs)",Baked Products,49.42,5.67,2.70,37.17,measured,0.1147,0.0546,0.7521
302,Wheat bread enriched with resistant starch (high amylose waxy maize starch; 8.8 g/serving),BREADS,,40,none,,,,,,,,,,,,
303,White bread (10% of white bread flour was substituted by resistant starch from tapioca),BREADS,,70,review,1.100,174924,"Bread, white, commercially prepared (includes soft bread crumbs)",Baked Products,49.42,5.67,2.70,37.17,measured,0.1147,0.0546,0.7521
304,White bread (30% of white bread flour was substituted by resistant starch from tapioca),BREADS,,68,review,1.100,174924,"Bread, white, commercially prepared (includes soft bread crumbs)",Baked Products,49.42,5.67,2.70,37.17,measured,0.1147,0.0546,0.7521
305,White bread (60% of white bread flour was substituted by resistant starch from tapioca),BREADS,,51,review,1.100,174924,"Bread, white, commercially prepared (includes soft bread crumbs)",Baked Products,49.42,5.67,2.70,37.17,measured,0.1147,0.0546,0.7521
306,"White bread, prepared with a 10 min prove and a second 2 min proving (low loaf volume)",BREADS,,38,accepted,1.100,174924,"Bread, white, commercially prepared (includes soft bread crumbs)",Baked Products,49.42,5.67,2.70,37.17,measured,0.1147,0.0546,0.7521
307,"White bread, prepared with a 30 min prove and a second 12 min proving (moderate loaf volume)",BREADS,,72,accepted,1.100,174924,"Bread, white, commercially prepared (includes soft bread crumbs)",Baked Products,49.42,5.67,2.70,37.17,measured,0.1147,0.0546,0.7521
308,"White bread, prepared with a 60 min prove and a second 30 min proving (moderate loaf volume)",BREADS,,86,accepted,1.100,174924,"Bread, white, commercially prepared (includes soft bread crumbs)",Baked Products,49.42,5.67,2.70,37.17,measured,0.1147,0.0546,0.7521
309,"White bread, prepared with a 40 min prove, a second 25 min proving and a third 50 min proving (large loaf volume)",BREADS,,100,accepted,1.100,174924,"Bread, white, commercially prepared (includes soft bread crumbs)",Baked Products,49.42,5.67,2.70,37.17,measured,0.1147,0.0546,0.7521
310,"Western baked bread, made with high protein flour (15 min resting time, 70 min proving time, 11 min baking at 210°C)",BREADS,baked,71,none,,,,,,,,,,,,
311,"White bread, pre-cooked frozen, baked 16 min at 180°C, cooled at 30°C for 18 min; frozen at-30°C for 30 min; preserved at-18°C; 2 ndbaking at 230°C for 12 min",BREADS,instant,78,accepted,1.100,174924,"Bread, white, commercially prepared (includes soft bread crumbs)",Baked Products,49.42,5.67,2.70,37.17,measured,0.1147,0.0546,0.7521
312,"Modified steamed bread made with conventional baked bread recipe, using high protein flour (15 min resting time, 40 min proving time, 10 min steaming at 100°C)",BREADS,steamed,65,none,,,,,,,,,,,,
313,"Oriental steamed bread, made with medium protein flour (15 min resting time, 40 min proving time, 10 min steaming at 100°C)",BREADS,steamed,68,none,,,,,,,,,,,,
314,"Modified baked bread made with steamed bread recipe, made with medium protein flour (15 min resting time, 70 min proving time, 11 min baking at 210°C)",BREADS,baked,75,none,,,,,,,,,,,,
315,"Wholemeal wheat flour bread, sliced (Pan Bauletto Integrale, Italy)",BREADS,,59,none,,,,,,,,,,,,
316,Wholemeal flour bread,BREADS,,69,none,,,,,,,,,,,,
317,Wholemeal flour bread,BREADS,,75,none,,,,,,,,,,,,
318,"Wholemeal flour bread, short wholemeal (50% whole meal wheat, 50% white wheat, Baker’s yeast (1.3% net flour weight), no rising time, 30 min proving time, 220°C baking temperature, 30 min baking time",BREADS,baked,78,none,,,,,,,,,,,,
319,"Wholemeal bread, long whole meal (50% whole meal wheat, 50% white wheat, Baker’s yeast (13% net flour weight), 20 min rising time, 30 min proving time, 220°C baking temperature, 30 min baking time",BREADS,baked,80,accepted,1.100,172688,"Bread, whole-wheat, commercially prepared",Baked Products,42.71,4.34,6.00,28.73,measured,0.1016,0.1405,0.6727
320,"Wholemeal bread (Gardenia Bakeries (KL) Sdn Bhd Shah Alam, Selangor, Malaysia)",BREADS,,85,accepted,1.100,172688,"Bread, whole-wheat, commercially prepared",Baked Products,42.71,4.34,6.00,28.73,measured,0.1016,0.1405,0.6727
321,"Wholemeal bread, yeast (50% wholemeal wheat, 50% white wheat, Baker ’ s yeast (15% dry weight), 60 min rising time, 40 min proving time, 200°C baking temperature, 40-50 min baking time",BREADS,baked,88,accepted,1.100,172688,"Bread, whole-wheat, commercially prepared",Baked Products,42.71,4.34,6.00,28.73,measured,0.1016,0.1405,0.6727
322,"Wholemeal bread, smooth milled, Ploughman's™ (Quality Bakers, Australia)",BREADS,,64,accepted,1.100,172688,"Bread, whole-wheat, commercially prepared",Baked Products,42.71,4.34,6.00,28.73,measured,0.1016,0.1405,0.6727
323,"Wholemeal stoneground flour sourdough bread (Bill's Organic Bread, Cardiff, Australia)",BREADS,,59,none,,,,,,,,,,,,
324,"Wholemeal sliced bread, High fibre Performax™ (Country Life Bakery, Australia)",BREADS,,38,review,1.075,172688,"Bread, whole-wheat, commercially prepared",Baked Products,42.71,4.34,6.00,28.73,measured,0.1016,0.1405,0.6727
325,"Wholemeal bread (wholemeal wheat flour, water, yeast, salt, and 40% sourdough), baked at 200°C for 40 min",BREADS,baked,61,accepted,1.100,172688,"Bread, whole-wheat, commercially prepared",Baked Products,42.71,4.34,6.00,28.73,measured,0.1016,0.1405,0.6727
326,"Wholemeal bread sticks, crunchy",BREADS,,67,accepted,1.075,172688,"Bread, whole-wheat, commercially prepared",Baked Products,42.71,4.34,6.00,28.73,measured,0.1016,0.1405,0.6727
327,"Corn tortilla, made from white corn, Diego's brand (San Diego Tortilla Factory Pty Ltd, Andrews, QLD, Australia)",BREADS,,49,none,,,,,,,,,,,,
328,"Corn tortilla, made from white corn, gluten-free, Mission® (Mission Foods Australia)",BREADS,,52,none,,,,,,,,,,,,
329,"Protein Wraps (Herman Brot Pty Ltd, Australia)",BREADS,,27,none,,,,,,,,,,,,
330,"Mixed Grain wraps, Helga’s (Quality Bakers Australia Pty Ltd, Australia)",BREADS,,55,none,,,,,,,,,,,,
331,"Oat Light Wrap bread (Mountain Bread, VIC, Australia)",BREADS,,62,none,,,,,,,,,,,,
332,"Whole Grain Tortilla, Old El Paso™ (General Mills Australia Pty Ltd)",BREADS,,50,none,,,,,,,,,,,,
333,"Wholemeal and white flour wrap with chia seeds, Mission brand (Gruma Oceania Pty Ltd, Australia)",BREADS,,50,none,,,,,,,,,,,,
334,"Wholemeal and white flour wrap with red quinoa, Mission brand (Gruma Oceania Pty Ltd, Australia)",BREADS,,59,none,,,,,,,,,,,,
335,"Chia White bread, Bakers Delight™ (Bakers Delight Holdings, Australia)",BREADS,,63,accepted,1.067,167532,"Bread, white wheat",Baked Products,43.91,5.00,9.20,27.25,measured,0.1139,0.2095,0.6206
336,"Bread, increased GI variant (sugar-to-flour ratio: 0.24) (Bakery School, Herk-de-Stad, Belgium)",BREADS,,69,accepted,1.100,172686,"Bread, wheat",Baked Products,47.54,5.73,4.00,36.34,measured,0.1205,0.0841,0.7644
337,"Bread, decreased GI variant (sugar-to-flour ratio: 0.0) (Bakery School, Herk-de-Stad, Belgium)",BREADS,,40,review,1.100,172686,"Bread, wheat",Baked Products,47.54,5.73,4.00,36.34,measured,0.1205,0.0841,0.7644
338,"Bread, sliced, soft wheat flour, flaxseeds (4.9%), soy grain (4.3% ) (Cuor di Lino, Mulino Bianco, Barilla , Italy)",BREADS,,58,accepted,1.100,172686,"Bread, wheat",Baked Products,47.54,5.73,4.00,36.34,measured,0.1205,0.0841,0.7644
339,"Bread, desem (50% whole meal wheat, 50% white wheat), baker ’ s yeast (15% dry weight), desem (15% wet weight), 60 min rising time, 40 min proving time, 200°C baking temperature, 40-50 min baking time",BREADS,baked,92,accepted,1.100,172686,"Bread, wheat",Baked Products,47.54,5.73,4.00,36.34,measured,0.1205,0.0841,0.7644
340,"Crusty malted wheat bread (Finest, UK)",BREADS,,52,none,,,,,,,,,,,,
341,Dried wheat bread rusk,BREADS,dried,63,none,,,,,,,,,,,,
342,"Focaccia, soft wheat flour, with extra virgin olive oil (8.7%) (Focaccelle con olio di oliva extravergine, Mulino Bianco, Barilla)",BREADS,,63,none,,,,,,,,,,,,
343,"Lebanese bread, white (Seda Bakery, Sydney, Australia)",BREADS,,75,none,,,,,,,,,,,,
344,"Malt loaf, organic",BREADS,,59,none,,,,,,,,,,,,
345,"Naan bread (True Foods Pty Ltd, VIC, Australia), heated in microwave for 25 sec",BREADS,microwaved,71,none,,,,,,,,,,,,
346,"Pain au lait (Pasquier, France)",BREADS,,63,none,,,,,,,,,,,,
347,"Pita bread, white, mini",BREADS,,68,accepted,1.100,174915,"Bread, pita, white, enriched",Baked Products,55.70,1.30,2.20,52.20,estimated,0.0233,0.0395,0.9372
348,"Pita bread, wholemeal",BREADS,,56,accepted,1.100,174916,"Bread, pita, whole-wheat",Baked Products,55.89,2.87,6.10,46.92,estimated,0.0514,0.1091,0.8395
349,"Pumpkin Cob Gourmet Bread (Fine Breads of Australia, NSW, Australia)",BREADS,,85,none,,,,,,,,,,,,
350,"Roti (unleavened flatbread), whole wheat flour",BREADS,,45,review,0.850,174075,"Bread, chapati or roti, whole wheat, commercially prepared, frozen",Baked Products,46.13,2.93,9.70,33.67,measured,0.0635,0.2103,0.7299
351,"Roti (unleavened flatbread), atta mix containing roasted Bengal flour, psyllium husk powder and fenugreek powder",BREADS,,27,none,,,,,,,,,,,,
352,Sprouted kamut bread,BREADS,,67,accepted,1.067,171850,"Bread, wheat, sprouted",Baked Products,33.88,2.63,5.30,25.95,estimated,0.0776,0.1564,0.7659
353,Steamed wheat bread,BREADS,steamed,88,accepted,1.067,172686,"Bread, wheat",Baked Products,47.54,5.73,4.00,36.34,measured,0.1205,0.0841,0.7644
354,"Barley bread, containing 40% barley flour and 60% wheat flour, separate proving of wheat dough",BREADS,,72,none,,,,,,,,,,,,
355,"Lompe (made from potato, precooked and cooled, and spelt flour) (Speltlompe) (Buer AS, Askim, Norway)",BREADS,instant,63,none,,,,,,,,,,,,
356,"Millet steamed bread (75% foxtail-millet flour and 25% extrusion flour (w/w, dry basis)",BREADS,steamed,90,none,,,,,,,,,,,,
357,Potato mixed flour bread (lab made),BREADS,,55,none,,,,,,,,,,,,
358,Soy flour bread,BREADS,,40,none,,,,,,,,,,,,
359,"Branflakes (Healthy Living, UK)",BREAKFAST CEREALS,,50,none,,,,,,,,,,,,
360,"Bran Flakes, President's Choice® Blue Menu™(Loblaw Brands Limited, Canada)",BREAKFAST CEREALS,,65,none,,,,,,,,,,,,
361,"Bran Flakes™ (Kellogg's, Australia)",BREAKFAST CEREALS,,74,none,,,,,,,,,,,,
362,"Chocapic™, wheat-based flaked cereal",BREAKFAST CEREALS,,70,none,,,,,,,,,,,,
363,"Chocapic™, wheat-based flaked cereal",BREAKFAST CEREALS,,74,none,,,,,,,,,,,,
364,"Chocapic™, wheat-based flaked cereal",BREAKFAST CEREALS,,84,none,,,,,,,,,,,,
365,"Cornflakes (Kellogg's, Australia) , tested in younger adults (19-32 y)",BREAKFAST CEREALS,,64,none,,,,,,,,,,,,
366,Cornflakes,BREAKFAST CEREALS,,66,none,,,,,,,,,,,,
367,Cornflakes,BREAKFAST CEREALS,,74,none,,,,,,,,,,,,
368,Cornflakes,BREAKFAST CEREALS,,77,none,,,,,,,,,,,,
369,Cornflakes,BREAKFAST CEREALS,,77,none,,,,,,,,,,,,
370,Cornflakes,BREAKFAST CEREALS,,79,none,,,,,,,,,,,,
371,"Cornflakes (Kellogg's, Australia) , tested inolder adults (56-86 y)",BREAKFAST CEREALS,,81,none,,,,,,,,,,,,
372,"Cornflakes (Kellogg's, Australia)",BREAKFAST CEREALS,,82,none,,,,,,,,,,,,
373,Cornflakes (Kellogg's),BREAKFAST CEREALS,,93,none,,,,,,,,,,,,
374,Cornflakes (Kellogg's),BREAKFAST CEREALS,,105,none,,,,,,,,,,,,
375,"Cornflakes, Crunchy Nut™ (Kellogg’s, Australia)",BREAKFAST CEREALS,,72,none,,,,,,,,,,,,
376,Fruit and Fibre,BREAKFAST CEREALS,,67,none,,,,,,,,,,,,
377,"Fruit and Fibre (Value, UK)",BREAKFAST CEREALS,,68,none,,,,,,,,,,,,
378,"Granola, blueberry",BREAKFAST CEREALS,,64,none,,,,,,,,,,,,
379,"Granola Clusters, Original, low fat, President’s Choice® Blue Menu™ Loblaw Brands Limited, Canada)",BREAKFAST CEREALS,,63,none,,,,,,,,,,,,
380,"Granola Clusters, Raisin & Almond, low fat, President’s Choice® Blue Menu™ Loblaw Brands Limited, Canada)",BREAKFAST CEREALS,,70,none,,,,,,,,,,,,
381,"Granola, whole-grain oat protein",BREAKFAST CEREALS,,51,none,,,,,,,,,,,,
382,"Low GI Granola Golden Almond Crunch (Sanitarium Health and Food Company, New Zealand)",BREAKFAST CEREALS,,49,none,,,,,,,,,,,,
383,Low GI Granola Strawberry & Coconut (Sanitarium health and Food Company),BREAKFAST CEREALS,,52,none,,,,,,,,,,,,
384,"Soy Crunch Multi-Grain Cereal, President’s Choice® Blue Menu™ (Loblaw Brands Limited, Canada)",BREAKFAST CEREALS,,47,none,,,,,,,,,,,,
385,"Soytana™, Vogel’s, soy and linseed bran crunch with sultanas, 20.1 g fiber / 100 g (Specialty Cereals, Mt Ku-ring- gai, NSW, Australia)",BREAKFAST CEREALS,,49,none,,,,,,,,,,,,
386,"Vogel’s Cluster Crunch Classic (Specialty Cereals, Australia)",BREAKFAST CEREALS,,50,none,,,,,,,,,,,,
387,"Vogel’s Cluster Crunch, Honey Hazelnut (Specialty Cereals, Australia)",BREAKFAST CEREALS,,43,none,,,,,,,,,,,,
388,"Wild Oats Cluster Crunch Hazelnut Chocolate (Specialty Cereals, Australia)",BREAKFAST CEREALS,,43,none,,,,,,,,,,,,
389,Malted wholewheat cereal,BREAKFAST CEREALS,,56,none,,,,,,,,,,,,
390,Malted wholewheat cereal,BREAKFAST CEREALS,,60,none,,,,,,,,,,,,
391,Malted wheat cereal,BREAKFAST CEREALS,,60,review,0.733,171657,"Cereals, CREAM OF WHEAT, regular (10 minute), cooked with water, without salt",Breakfast Cereals,10.52,0.03,0.50,9.99,estimated,0.0029,0.0475,0.9496
392,Malted wheat cereal,BREAKFAST CEREALS,,68,review,0.733,171657,"Cereals, CREAM OF WHEAT, regular (10 minute), cooked with water, without salt",Breakfast Cereals,10.52,0.03,0.50,9.99,estimated,0.0029,0.0475,0.9496
393,"Apple & Cinnamon Muesli, Nature’s Source (Bokomo, Cape Town, South Africa)",BREAKFAST CEREALS,,59,none,,,,,,,,,,,,
394,"Apple & Cranberry Muesli, Balance (Simply Cereal Pty Ltd, Australia)",BREAKFAST CEREALS,,67,none,,,,,,,,,,,,
395,"Bircher Muesli, Apple & Raisin (Aussie Bodies Pty Ltd, VIC, Australia)",BREAKFAST CEREALS,,66,none,,,,,,,,,,,,
396,"Bircher Muesli, Carman’s Natural (Carman’s Fine Foods, Australia)",BREAKFAST CEREALS,,48,none,,,,,,,,,,,,
397,"Fibre-Rich Muesli, Vogel's Café Style (Specialty Cereals, Mt Ku-ring-gai , NSW, Australia)",BREAKFAST CEREALS,,48,none,,,,,,,,,,,,
398,"Fruit Free Muesli, Carman’s Original (Carman’s Fine Foods, Australia)",BREAKFAST CEREALS,,45,none,,,,,,,,,,,,
399,"Fruit & Muesli, Bürgen® (George Weston Foods, Australia)",BREAKFAST CEREALS,,51,none,,,,,,,,,,,,
400,"Fruit & Nut Muesli, Carman’s Classic (Carman’s Fine Foods, Australia)",BREAKFAST CEREALS,,50,none,,,,,,,,,,,,
401,"Liver Cleansing Muesli (Food For Health Life Food, Australia)",BREAKFAST CEREALS,,31,none,,,,,,,,,,,,
402,"Muesli (Value, UK)",BREAKFAST CEREALS,,64,none,,,,,,,,,,,,
403,"Muesli (Healthy Eating, UK)",BREAKFAST CEREALS,,86,none,,,,,,,,,,,,
404,"Muesli (Cereali croccanti classic, Italy)",BREAKFAST CEREALS,,66,none,,,,,,,,,,,,
405,"Muesli, fruit",BREAKFAST CEREALS,,67,none,,,,,,,,,,,,
406,"Muesli, with concentrated fruit juices (Cereali croccanti classic, Italy)",BREAKFAST CEREALS,,62,none,,,,,,,,,,,,
407,"Muesli Gluten Free, Carman’s Deluxe (Carman’s Fine Foods, Australia)",BREAKFAST CEREALS,,49,none,,,,,,,,,,,,
408,"Muesli, gluten-free with psyllium (Freedom Foods, Australia)",BREAKFAST CEREALS,,50,none,,,,,,,,,,,,
409,"Muesli, Light, mixed berry & apple flavor, Special K brand (Kellogg's, Australia)",BREAKFAST CEREALS,,64,none,,,,,,,,,,,,
410,"Muesli, made from steamed rolled oats with dried fruit and nuts, Alpen original (Weetabix, UK)",BREAKFAST CEREALS,steamed,55,none,,,,,,,,,,,,
411,"Muesli, Morning Sun Natural Apricot & Almond (Nestlé, Australia)",BREAKFAST CEREALS,,49,none,,,,,,,,,,,,
412,"Muesli, Natural (Sanitarium, Australia)",BREAKFAST CEREALS,,40,none,,,,,,,,,,,,
413,"Muesli, Natural (Sanitarium, New Zealand)",BREAKFAST CEREALS,,57,none,,,,,,,,,,,,
414,"Muesli, Natural Style Original Swiss Formula (Uncle Toby's, Australia)",BREAKFAST CEREALS,,62,none,,,,,,,,,,,,
415,"Muesli, Naytura Fruit and Nut (Woolworths, Australia)",BREAKFAST CEREALS,,48,none,,,,,,,,,,,,
416,"Muesli, Swiss Bircher (Woolworths Select, Australia)",BREAKFAST CEREALS,,52,none,,,,,,,,,,,,
417,"Muesli, toasted, with nuts",BREAKFAST CEREALS,toasted,65,none,,,,,,,,,,,,
418,"Muesli, wholewheat",BREAKFAST CEREALS,,56,none,,,,,,,,,,,,
419,"Muesli, yeast & wheat free (Freedom Foods, Australia)",BREAKFAST CEREALS,,45,none,,,,,,,,,,,,
420,"Rye Muesli, Bürgen® (George Weston Foods, Australia)",BREAKFAST CEREALS,,41,none,,,,,,,,,,,,
421,"Soy-Lin™ Muesli, Bürgen® (George Weston Foods, Australia)",BREAKFAST CEREALS,,51,none,,,,,,,,,,,,
422,Whole-grain oat muesli,BREAKFAST CEREALS,,55,none,,,,,,,,,,,,
423,"Chocolate Protein Muesli (Herman Brot Pty Ltd, Australia)",BREAKFAST CEREALS,,35,none,,,,,,,,,,,,
424,"Peanut Candy Protein Muesli (Herman Brot Pty Ltd, Australia)",BREAKFAST CEREALS,,30,none,,,,,,,,,,,,
425,"Red Fruits Protein Muesli (Herman Brot Pty Ltd, Australia)",BREAKFAST CEREALS,,32,none,,,,,,,,,,,,
426,"Instant oats, cooked in microwave for 2.5 min (Quaker Quick Oats; Peterborough, Ontario)",BREAKFAST CEREALS,instant,76,none,,,,,,,,,,,,
427,"Instant oat porridge, cooked in microwave with water (Uncle Toby's, Australia)",BREAKFAST CEREALS,instant,82,none,,,,,,,,,,,,
428,"Instant oat cereal porridge, prepared with 348 g water",BREAKFAST CEREALS,instant,83,accepted,1.150,171675,"Cereals, oats, regular and quick and instant, unenriched, cooked with water (includes boiling and microwaving), with salt",Breakfast Cereals,12.00,0.27,1.70,10.03,estimated,0.0225,0.1417,0.8358
429,"Instant oat porridge, prepared with water, cooked",BREAKFAST CEREALS,instant,87,none,,,,,,,,,,,,
430,"Porridge oats (Freedom Foods, Australia)",BREAKFAST CEREALS,,50,none,,,,,,,,,,,,
431,"Porridge oats, traditional (Lowan Whole Foods, Australia)",BREAKFAST CEREALS,,51,none,,,,,,,,,,,,
432,Porridge oats,BREAKFAST CEREALS,,55,none,,,,,,,,,,,,
433,"Porridge, Traditional Rolled Oats (Woolworths Select brand, Australia)",BREAKFAST CEREALS,,57,none,,,,,,,,,,,,
434,"Porridge (Hubbards, New Zealand)",BREAKFAST CEREALS,,58,none,,,,,,,,,,,,
435,"Porridge, Scottish, made with water, cooked in microwave",BREAKFAST CEREALS,microwaved,63,none,,,,,,,,,,,,
436,"Oat porridge made from 0.5-0.6 mm thick rolled oat flakes, cooked for 10 min (Elovena, Raisio Group Ltd, Raisio, Finland)",BREAKFAST CEREALS,boiled,76,none,,,,,,,,,,,,
437,"Multigrain porridge, containing rolled oats, wheat, triticale, rye, barley and rice, cooked with water (The Monster Muesli Company, Beecroft, Australia)",BREAKFAST CEREALS,boiled,55,none,,,,,,,,,,,,
438,"Porridge, made from steel-cut oats, cooked in water",BREAKFAST CEREALS,boiled,48,none,,,,,,,,,,,,
439,"Porridge, made from steel-cut oats, Moulamein™, cooked in water",BREAKFAST CEREALS,boiled,51,none,,,,,,,,,,,,
440,"Porridge, made from steel-cut oats, cooked in water",BREAKFAST CEREALS,boiled,52,none,,,,,,,,,,,,
441,"Porridge, made from steel-cut oats, cooked in water (Meebags, Sunny International Trading Pty Ltd)",BREAKFAST CEREALS,boiled,53,none,,,,,,,,,,,,
442,"Porridge, made from old-Fashioned Steel Cut Oats, ® President's Choice Blue Menu™(Loblaw Brands Limited, Canada)",BREAKFAST CEREALS,,57,none,,,,,,,,,,,,
443,"Almond & Cinnamon, Uncle Toby’s® Oats Super Blends Protein, prepared with water",BREAKFAST CEREALS,,57,none,,,,,,,,,,,,
444,"Cranberry & Chia, Uncle Toby’s® Oats Super Blends Protein, prepared with water",BREAKFAST CEREALS,,52,none,,,,,,,,,,,,
445,"Multi grain instant oatmeal, Regular and Cinnamon & Spice, ® President's Choice Blue Menu™ Loblaw Brands Limited, Canada)",BREAKFAST CEREALS,instant,55,none,,,,,,,,,,,,
446,"Rice Bubbles™ (Kellogg's, Australia)",BREAKFAST CEREALS,,85,none,,,,,,,,,,,,
447,"Rice Bubbles™ (Kellogg's, Australia)",BREAKFAST CEREALS,,92,none,,,,,,,,,,,,
448,"Special K™ (Kellogg's, USA)",BREAKFAST CEREALS,,69,none,,,,,,,,,,,,
449,"Special K™, made from rice (Kellogg's, France)",BREAKFAST CEREALS,,84,none,,,,,,,,,,,,
450,"Sustain™, Original (Kellogg's, Australia)",BREAKFAST CEREALS,,55,none,,,,,,,,,,,,
451,"Sustain™ (Kellogg's) , tested in younger adults (19-32 y)",BREAKFAST CEREALS,,56,none,,,,,,,,,,,,
452,"Sustain™ (Kellogg's) , tested in older adults (– y)",BREAKFAST CEREALS,,66,none,,,,,,,,,,,,
453,"Vita-Brits™ (Uncle Toby's, Australia)",BREAKFAST CEREALS,,68,none,,,,,,,,,,,,
454,"Weet-Bix™ (Sanitarium, Australia)",BREAKFAST CEREALS,,69,none,,,,,,,,,,,,
455,"Weet-Bix™ (Sanitarium, Australia)",BREAKFAST CEREALS,,69,none,,,,,,,,,,,,
456,"Whole wheat Goldies™ (Kellogg's, Australia)",BREAKFAST CEREALS,,70,none,,,,,,,,,,,,
457,Wheat based cereal biscuits,BREAKFAST CEREALS,,72,none,,,,,,,,,,,,
458,Wheat flake cereal biscuits,BREAKFAST CEREALS,,76,none,,,,,,,,,,,,
459,"Good Start™, muesli wheat biscuits (Sanitarium, Australia)",BREAKFAST CEREALS,,68,none,,,,,,,,,,,,
460,"Hi-Bran Weet-Bix™, wheat biscuits with extra wheat bran (Sanitarium, Australia)",BREAKFAST CEREALS,,61,none,,,,,,,,,,,,
461,"Hi-Bran Weet-Bix™ with soy and linseed (Sanitarium, Australia)",BREAKFAST CEREALS,,57,none,,,,,,,,,,,,
462,Honey Goldies™ (Kellogg's Australia),BREAKFAST CEREALS,,72,none,,,,,,,,,,,,
463,"Lite-Bix™, plain, no added sugar (Sanitarium, Australia)",BREAKFAST CEREALS,,70,none,,,,,,,,,,,,
464,"Oat bran Weet-Bix™ (Sanitarium, Australia)",BREAKFAST CEREALS,,57,none,,,,,,,,,,,,
465,Sultana Goldies™ (Kellogg's Australia),BREAKFAST CEREALS,,65,none,,,,,,,,,,,,
466,Wheat flake cereal biscuits with 1.4 g Filtered Molasses Concentrate added per 100 g (2.08 g FMC/100 g carbohydrate),BREAKFAST CEREALS,,72,none,,,,,,,,,,,,
467,Wheat flake cereal biscuits with 2.0 g Filtered Molasses Concentrate added per 100g (2.98 g FMC/100 g carbohydrate),BREAKFAST CEREALS,,70,none,,,,,,,,,,,,
468,Wheat flakes,BREAKFAST CEREALS,,73,none,,,,,,,,,,,,
469,"All-Bran Fruit 'n Oats™ (Kellogg's, Australia)",BREAKFAST CEREALS,,41,none,,,,,,,,,,,,
470,"All-Bran Soy 'n Fiber™ (Kellogg's, Australia)",BREAKFAST CEREALS,,33,none,,,,,,,,,,,,
471,"All-Bran Wheat Flakes™ (Kellogg's, Australia)",BREAKFAST CEREALS,,60,none,,,,,,,,,,,,
472,"Bran cereal, high fiber",BREAKFAST CEREALS,,43,none,,,,,,,,,,,,
473,"Coco Pops™ (Kellogg's, Australia)",BREAKFAST CEREALS,,77,none,,,,,,,,,,,,
474,"Corn Pops™ (Kellogg's, Australia)",BREAKFAST CEREALS,,80,none,,,,,,,,,,,,
475,"Crunchola Apple & Cinnamon Oat & Fruit (Norganic Foods Pty Ltd, Australia)",BREAKFAST CEREALS,,70,none,,,,,,,,,,,,
476,"Energy Mix™, wheat-based flaked cereal (Quaker, France)",BREAKFAST CEREALS,,80,none,,,,,,,,,,,,
477,"Fibre First Multi-Bran Cereal, President's Choice® Blue Menu™ (Loblaw Brands Limited, Canada)",BREAKFAST CEREALS,,56,none,,,,,,,,,,,,
478,"Froot Loops™ (Kellogg's, Australia)",BREAKFAST CEREALS,,69,none,,,,,,,,,,,,
479,"Frosties™, sugar-coated cornflakes (Kellogg's, Australia)",BREAKFAST CEREALS,,55,none,,,,,,,,,,,,
480,"Fruity-Bix™, berry (Sanitarium, New Zealand)",BREAKFAST CEREALS,,113,none,,,,,,,,,,,,
481,"Golden Wheats™ (Kellogg's, Australia)",BREAKFAST CEREALS,,71,none,,,,,,,,,,,,
482,"Goodness Superfoods Fibre Boost Sprinkles (Popina Pty Ltd, Australia)",BREAKFAST CEREALS,,34,none,,,,,,,,,,,,
483,"Grapenuts™ (Kraft Foods Inc, Port Chester, USA)",BREAKFAST CEREALS,,75,none,,,,,,,,,,,,
484,"Guardian™ (Kellogg's, Australia)",BREAKFAST CEREALS,,37,none,,,,,,,,,,,,
485,"Guardian™ (Kellogg's, Australia)",BREAKFAST CEREALS,,43,none,,,,,,,,,,,,
486,"Healthwise™ for bowel health (Uncle Toby's, Wahgunyah, Australia)",BREAKFAST CEREALS,,66,none,,,,,,,,,,,,
487,High-fiber cereal,BREAKFAST CEREALS,,52,none,,,,,,,,,,,,
488,"Hi-Lite™, containing 55% rolled barley grains (Freedom Foods, Cheltenham, Australia)",BREAKFAST CEREALS,,54,none,,,,,,,,,,,,
489,"Honey Rice Bubbles™ (Kellogg's, Australia)",BREAKFAST CEREALS,,77,none,,,,,,,,,,,,
490,"Honey Smacks™ (Kellogg's, Australia)",BREAKFAST CEREALS,,71,none,,,,,,,,,,,,
491,"Hot cereal, Sustagrain, apple & cinnamon (Con Agra Inc, USA)",BREAKFAST CEREALS,,37,none,,,,,,,,,,,,
492,"Hot cereal, Sustagrain, unflavored (Con Agra Inc., USA)",BREAKFAST CEREALS,,25,none,,,,,,,,,,,,
493,"Just Right™ (Kellogg's, Australia)",BREAKFAST CEREALS,,60,none,,,,,,,,,,,,
494,"Just Right Just Grains™ (Kellogg's, Australia)",BREAKFAST CEREALS,,62,none,,,,,,,,,,,,
495,"Komplete™ (Kellogg's, Australia)",BREAKFAST CEREALS,,48,none,,,,,,,,,,,,
496,"Milo® Protein Clusters Cereal (Nestlé, Australia)",BREAKFAST CEREALS,,47,none,,,,,,,,,,,,
497,"Mini Wheats™, blackcurrant (Kellogg's, Australia)",BREAKFAST CEREALS,,72,none,,,,,,,,,,,,
498,"Oat 'n Honey Bake™ (Kellogg's, Australia)",BREAKFAST CEREALS,baked,77,none,,,,,,,,,,,,
499,"Oats, rolled, uncooked (Lowan's Whole Foods, Box Hill, Australia)",BREAKFAST CEREALS,raw,59,none,,,,,,,,,,,,
500,"Raisin Bran™ (Kellogg's, USA)",BREAKFAST CEREALS,,61,none,,,,,,,,,,,,
501,"Soy Tasty™ (flaked grains, soy nuts, dried fruit) (Sanitarium, Australia)",BREAKFAST CEREALS,,60,none,,,,,,,,,,,,
502,"Sultana Bran™ (Kellogg's, Australia)",BREAKFAST CEREALS,,64,none,,,,,,,,,,,,
503,"Ultra-bran™, Vogel's, soy and linseed extruded wheat bran cereal, 30.2 g fiber / 100 g (Specialty Cereals, Australia)",BREAKFAST CEREALS,extruded,41,none,,,,,,,,,,,,
504,Wheat flakes,BREAKFAST CEREALS,,73,none,,,,,,,,,,,,
505,Whole-grain protein cereal,BREAKFAST CEREALS,,49,none,,,,,,,,,,,,
506,"Apricot Breakfast Bar, chewy (Norganic Foods Pty Ltd, Australia)",BREAKFAST CEREALS,,85,none,,,,,,,,,,,,
507,"Cereal bar, cranberry flavor",BREAKFAST CEREALS,,42,none,,,,,,,,,,,,
508,"Cereal bar, hazelnut flavor",BREAKFAST CEREALS,,33,none,,,,,,,,,,,,
509,"Cereal bar, orange flavor",BREAKFAST CEREALS,,33,none,,,,,,,,,,,,
510,"Crunchy Nut Cornflakes™ bar (Kellogg's, Australia)",BREAKFAST CEREALS,,72,none,,,,,,,,,,,,
511,"Fruity-Bix™ bar, wheat biscuit cereal with dried fruit and nuts with yoghurt coating (Sanitarium, Australia)",BREAKFAST CEREALS,,56,none,,,,,,,,,,,,
512,"Fruity-Bix™ bar, wild berry, wheat biscuit cereal and dried fruit covered with yoghurt coating (Sanitarium, Australia)",BREAKFAST CEREALS,,51,none,,,,,,,,,,,,
513,"Hi-Lite™ breakfast bar (Freedom Foods, Australia)",BREAKFAST CEREALS,,53,none,,,,,,,,,,,,
514,"K-Time Just Right™ bar (Kellogg's, Australia)",BREAKFAST CEREALS,,72,none,,,,,,,,,,,,
515,"K-Time Strawberry Crunch™ bar (Kellogg's, Australia)",BREAKFAST CEREALS,,77,none,,,,,,,,,,,,
516,"Muesli breakfast bar, gluten-free (Freedom Foods, Australia)",BREAKFAST CEREALS,,50,none,,,,,,,,,,,,
517,"Rice Bubble Treat™ bar (Kellogg's, Australia)",BREAKFAST CEREALS,,63,none,,,,,,,,,,,,
518,"Sustain™ bar (Kellogg's, Australia)",BREAKFAST CEREALS,,57,none,,,,,,,,,,,,
519,"Uncle Toby’s® Milk and Oats, Chocolate cereal bar",BREAKFAST CEREALS,,48,none,,,,,,,,,,,,
520,"Uncle Toby’s® Milk and Oats, Strawberry cereal bar",BREAKFAST CEREALS,,50,none,,,,,,,,,,,,
521,"Uncle Toby’s® Milk and Oats, Vanilla cereal bar",BREAKFAST CEREALS,,46,none,,,,,,,,,,,,
522,"Uncle Toby’s® Breakfast Bakes, Apple and Cinnamon",BREAKFAST CEREALS,,45,none,,,,,,,,,,,,
523,"Uncle Toby’s® Breakfast Bakes, Classic Peanut Butter",BREAKFAST CEREALS,,47,none,,,,,,,,,,,,
524,"Uncle Toby’s® Breakfast Bakes, Honey Almond",BREAKFAST CEREALS,,50,none,,,,,,,,,,,,
525,"Uncle Toby’s® Breakfast Bakes, Vanilla & Roasted Cashew",BREAKFAST CEREALS,roasted,44,none,,,,,,,,,,,,
526,Adlay (Coix lachryma-jobi L),CEREAL GRAINS,,39,none,,,,,,,,,,,,
527,"Adlay, Chinese pearl barley (Coix lachryma-Jobi L.), boiled in water for 28 min",CEREAL GRAINS,boiled,78,none,,,,,,,,,,,,
528,"Barley, Celebrity cultivar (six-rowed, hulled, normal barley; high amylose, medium ß-glucan), whole grain (only the husk was removed), boiled for 25 min",CEREAL GRAINS,boiled,21,none,,,,,,,,,,,,
529,"Barley, Celebrity cultivar (six-rowed, hulled, normal barley; high amylose, medium ß-glucan), pot pearled (all of the bran and most of the germ removed), boiled for 30 min",CEREAL GRAINS,boiled,22,accepted,1.100,170285,"Barley, pearled, cooked",Cereal Grains and Pasta,28.22,0.28,3.80,24.14,estimated,0.0099,0.1347,0.8554
530,"Barley, CDC Fibar cultivar (two-rowed, hull-less, waxy barley; low amylose, high ß-glucan) whole grain (only the husk was removed), boiled for 25 min",CEREAL GRAINS,boiled,22,none,,,,,,,,,,,,
531,"Barley, GB cultivar (two-rowed, hulled, normal barley), whole grain (only the husk was removed), boiled for 25 min",CEREAL GRAINS,boiled,24,none,,,,,,,,,,,,
532,"Barley, pot, boiled in salted water 20 min (Goudas Food Products, Concord, Canada)",CEREAL GRAINS,boiled,25,none,,,,,,,,,,,,
533,"Barley, Celebrity cultivar (six-rowed, hulled, normal barley; high amylose, medium ß-glucan), commercial pearled (some bran and germ were also removed), boiled for 25 min",CEREAL GRAINS,boiled,25,accepted,1.100,170285,"Barley, pearled, cooked",Cereal Grains and Pasta,28.22,0.28,3.80,24.14,estimated,0.0099,0.1347,0.8554
534,"Barley, Celebrity cultivar (six-rowed, hulled, normal barley; high amylose, medium ß-glucan) whole grain (only the husk was removed), boiled for 25 min",CEREAL GRAINS,boiled,25,none,,,,,,,,,,,,
535,"Barley, Rattan cultivar (two-rowed, hull-less, waxy barley), whole grain (only the husk was removed), boiled for 25 min",CEREAL GRAINS,boiled,26,none,,,,,,,,,,,,
536,"Barley, Kawathra cultivar (six-rowed, hulled, normal barley), whole grain (only the husk was removed), boiled for 25 min",CEREAL GRAINS,boiled,28,none,,,,,,,,,,,,
537,"Barley, Chief cultivar (two-rowed, hulled, normal barley), whole grain (only the husk was removed), boiled for 25 min",CEREAL GRAINS,boiled,29,none,,,,,,,,,,,,
538,"Barley, AC Alberta cultivar (two-rowed, hull-less, normal barley), whole grain (only the husk was removed), boiled for 25 min",CEREAL GRAINS,boiled,29,none,,,,,,,,,,,,
539,"Barley, CDC Fibar cultivar (two-rowed, hull-less, waxy barley; low amylose, high ß-glucan) white pearled (all of the bran and most of the germ and crease removed), boiled for 30 min",CEREAL GRAINS,boiled,30,accepted,1.100,170285,"Barley, pearled, cooked",Cereal Grains and Pasta,28.22,0.28,3.80,24.14,estimated,0.0099,0.1347,0.8554
540,"Barley, AC Parkhill cultivar (two-rowed, hulled, normal barley; high amylose, low ß-glucan) whole grain (only the husk was removed), boiled for 25 min",CEREAL GRAINS,boiled,30,none,,,,,,,,,,,,
541,"Barley, Celebrity cultivar (six-rowed, hulled, normal barley; high amylose, medium ß-glucan), white pearled (all of the bran and most of the germ and crease removed), boiled for 30 min",CEREAL GRAINS,boiled,32,accepted,1.100,170285,"Barley, pearled, cooked",Cereal Grains and Pasta,28.22,0.28,3.80,24.14,estimated,0.0099,0.1347,0.8554
542,"Barley, Celebrity cultivar (six-rowed, hulled, normal barley; high amylose, medium ß-glucan) white pearled (all of the bran and most of the germ and crease removed), boiled for 30 min",CEREAL GRAINS,boiled,33,accepted,1.100,170285,"Barley, pearled, cooked",Cereal Grains and Pasta,28.22,0.28,3.80,24.14,estimated,0.0099,0.1347,0.8554
543,"Barley, pot, boiled (Goudas Food Products, Canada)",CEREAL GRAINS,boiled,35,none,,,,,,,,,,,,
544,"Barley, pot, boiled (Goudas Food Products, Canada)",CEREAL GRAINS,boiled,33,none,,,,,,,,,,,,
545,"Barley, AC Klinck cultivar (six-rowed, hulled, normal barley), whole grain (only the husk was removed), boiled for 25 min",CEREAL GRAINS,boiled,36,none,,,,,,,,,,,,
546,"Barley, AC Parkhill cultivar (two-rowed, hulled, normal barley; high amylose, low ß-glucan) white pearled (all of the bran and most of the germ and crease removed), boiled for 30 min",CEREAL GRAINS,boiled,41,accepted,1.100,170285,"Barley, pearled, cooked",Cereal Grains and Pasta,28.22,0.28,3.80,24.14,estimated,0.0099,0.1347,0.8554
547,"Barley, pearled (Orzo, Barilla, Italy)",CEREAL GRAINS,,58,accepted,1.100,170284,"Barley, pearled, raw",Cereal Grains and Pasta,77.72,0.80,15.60,61.32,estimated,0.0103,0.2007,0.7890
548,"Barley tempe (prepared by Lantmännen R&D from whole barley grains (c.v. Karmosé) with high ß-glucan (6%) and high amylose content (~ 40%) from Svalöf Weibull AB, Sweden)",CEREAL GRAINS,,30,none,,,,,,,,,,,,
549,"Highland Barley Mixed Flour (20% Highland Barley flour, 80% wheat flour) (Xinwang (Tibet XinWang Biology & Technology, China)",CEREAL GRAINS,,63,none,,,,,,,,,,,,
550,"Porridge made from pearl barley (15.6 g fiber/100 g) (Waitrose Limited, Bracknell, UK)",CEREAL GRAINS,,44,none,,,,,,,,,,,,
551,"Porridge made from pearl barley (15.6 g fiber/100 g) (Waitrose Limited, Bracknell, UK)",CEREAL GRAINS,,39,none,,,,,,,,,,,,
552,"Porridge made from organic barley grain (9.6 g fiber/100 g) (Suma Whole Foods, UK)",CEREAL GRAINS,,50,none,,,,,,,,,,,,
553,"Porridge made from organic barley grain (9.6 g fiber/100 g) (Suma Whole Foods, UK)",CEREAL GRAINS,,43,none,,,,,,,,,,,,
554,Corn granules,CEREAL GRAINS,,52,none,,,,,,,,,,,,
555,Cornmeal porridge,CEREAL GRAINS,,68,none,,,,,,,,,,,,
556,"100% waxy corn starch (Amioca™ powder, Ingredion), prepared as a gel with 224.2 mL water, heated in microwave for 90 sec",CEREAL GRAINS,microwaved,92,none,,,,,,,,,,,,
557,"100% waxy corn starch (Ultra-Sperse™powder, Ingredion), prepared as a gel with 224.2 mL water, heated in microwave for 90 sec",CEREAL GRAINS,microwaved,101,none,,,,,,,,,,,,
558,"Sweet corn, cooked in microwave for 1.5 min",CEREAL GRAINS,microwaved,51,review,0.817,168525,"Corn, sweet, yellow, cooked, boiled, drained, with salt",Vegetables and Vegetable Products,20.98,4.54,2.40,7.17,measured,0.2164,0.1144,0.3418
559,"Sweet corn, cooked",CEREAL GRAINS,boiled,55,review,0.817,168525,"Corn, sweet, yellow, cooked, boiled, drained, with salt",Vegetables and Vegetable Products,20.98,4.54,2.40,7.17,measured,0.2164,0.1144,0.3418
560,"Couscous, rehydrated with hot water (San Remo, Australia)",CEREAL GRAINS,,65,accepted,1.100,169700,"Couscous, cooked",Cereal Grains and Pasta,23.22,0.10,1.40,21.72,estimated,0.0043,0.0603,0.9354
561,"Pearl couscous (Israeli couscous) (Blu™ Gourmet brand, Benedikts Imports, Australia), rehydrated with hot water",CEREAL GRAINS,,52,none,,,,,,,,,,,,
562,"Pearl couscous (Israeli couscous), whole wheat (Blu™ brand, Benedikts Imports, Australia), rehydrated with hot water",CEREAL GRAINS,,53,none,,,,,,,,,,,,
563,"Foxtail millet, cooked (millet:water ratio 1:1.5)",CEREAL GRAINS,boiled,64,none,,,,,,,,,,,,
564,"Unpolished little millet, plain cooked (Earth 360, Kadiri, Andhra Pradesh, India)",CEREAL GRAINS,boiled,89,none,,,,,,,,,,,,
565,"Unpolished foxtail millet, plain cooked (Earth 360, Kadiri, Andhra Pradesh, India)",CEREAL GRAINS,boiled,89,none,,,,,,,,,,,,
566,Foxtail millet porridge (millet:water ratio 1:9),CEREAL GRAINS,,94,none,,,,,,,,,,,,
567,"Oat tempe (prepared by Lantmännen R&D from whole oat grains (c.v. Betania) with high ß-glucan content (6%) from Svalöf Weibull AB, Sweden)",CEREAL GRAINS,,63,none,,,,,,,,,,,,
568,"Quinoa, white, cooked in boiling water for 15 min (Nutritious Foods, Australia)",CEREAL GRAINS,boiled,50,accepted,1.100,168917,"Quinoa, cooked",Cereal Grains and Pasta,21.30,0.87,2.80,17.63,measured,0.0408,0.1315,0.8277
569,"Quinoa, retort product, Coles Simply Gluten Free Quinoa Cups, microwaved for 70 sec (Coles Supermarkets, Australia)",CEREAL GRAINS,microwaved,53,none,,,,,,,,,,,,
570,"Quinoa, cooked, refrigerated, reheated in microwave for 1.5 min (Nature First Organic, Australia)",CEREAL GRAINS,microwaved,53,accepted,1.100,168917,"Quinoa, cooked",Cereal Grains and Pasta,21.30,0.87,2.80,17.63,measured,0.0408,0.1315,0.8277
571,"Quinoa, red, cooked in boiling water for 15 min (Nutritious Foods, Australia)",CEREAL GRAINS,boiled,54,accepted,1.100,168917,"Quinoa, cooked",Cereal Grains and Pasta,21.30,0.87,2.80,17.63,measured,0.0408,0.1315,0.8277
572,"Quinoa, retort product, Coles Simply Gluten Free Mexican Style Quinoa and Brown Rice Cups, microwaved for 70 sec (Coles Supermarkets, Australia)",CEREAL GRAINS,microwaved,49,none,,,,,,,,,,,,
573,"Rice flour, 10% resistant starch, prepared with boiled water (Youtang Shanghai Academy of Agricultural Sciences, China)",CEREAL GRAINS,,56,review,0.767,168898,"Rice flour, brown",Cereal Grains and Pasta,76.48,0.66,4.60,71.22,estimated,0.0086,0.0601,0.9312
574,"Basmati, white, polished, cooked 10 min",CEREAL GRAINS,boiled,50,accepted,1.067,168878,"Rice, white, long-grain, regular, enriched, cooked",Cereal Grains and Pasta,28.17,0.05,0.40,27.72,estimated,0.0018,0.0142,0.9840
575,"Basmati rice (Dreamrice, Singapore)",CEREAL GRAINS,boiled,56,accepted,1.075,168878,"Rice, white, long-grain, regular, enriched, cooked",Cereal Grains and Pasta,28.17,0.05,0.40,27.72,estimated,0.0018,0.0142,0.9840
576,"Basmati rice (SunRice; Ricegrowers Ltd.; Leeton, NSW, Australia)",CEREAL GRAINS,boiled,57,accepted,1.075,168878,"Rice, white, long-grain, regular, enriched, cooked",Cereal Grains and Pasta,28.17,0.05,0.40,27.72,estimated,0.0018,0.0142,0.9840
577,"Basmati, white, boiled (Mahatma brand, Australia)",CEREAL GRAINS,boiled,58,accepted,1.067,168878,"Rice, white, long-grain, regular, enriched, cooked",Cereal Grains and Pasta,28.17,0.05,0.40,27.72,estimated,0.0018,0.0142,0.9840
578,"Basmati, white, boiled (SunRice brand, Rice Growers Co-Op., Australia)",CEREAL GRAINS,boiled,59,accepted,1.067,168878,"Rice, white, long-grain, regular, enriched, cooked",Cereal Grains and Pasta,28.17,0.05,0.40,27.72,estimated,0.0018,0.0142,0.9840
579,"Basmati rice (Dreamrice, Singapore)",CEREAL GRAINS,boiled,60,accepted,1.075,168878,"Rice, white, long-grain, regular, enriched, cooked",Cereal Grains and Pasta,28.17,0.05,0.40,27.72,estimated,0.0018,0.0142,0.9840
580,"Basmati rice (Dreamrice, Singapore)",CEREAL GRAINS,boiled,63,accepted,1.075,168878,"Rice, white, long-grain, regular, enriched, cooked",Cereal Grains and Pasta,28.17,0.05,0.40,27.72,estimated,0.0018,0.0142,0.9840
581,"Basmati, white, boiled (SunRice brand, Rice Growers Co-Op., Australia)",CEREAL GRAINS,boiled,65,accepted,1.067,168878,"Rice, white, long-grain, regular, enriched, cooked",Cereal Grains and Pasta,28.17,0.05,0.40,27.72,estimated,0.0018,0.0142,0.9840
582,"Basmati rice (Laila Basmati Rice, Surya Foods, Harwich, UK)",CEREAL GRAINS,boiled,66,accepted,1.075,168878,"Rice, white, long-grain, regular, enriched, cooked",Cereal Grains and Pasta,28.17,0.05,0.40,27.72,estimated,0.0018,0.0142,0.9840
583,"Basmati rice (SunRice; Ricegrowers Ltd.; Leeton, NSW)",CEREAL GRAINS,boiled,67,accepted,1.075,168878,"Rice, white, long-grain, regular, enriched, cooked",Cereal Grains and Pasta,28.17,0.05,0.40,27.72,estimated,0.0018,0.0142,0.9840
584,"Basmati, parboiled long grain rice, Maharani brand (Chaman Lal Setia Exports Ltd, India)",CEREAL GRAINS,parboiled,52,accepted,1.067,168878,"Rice, white, long-grain, regular, enriched, cooked",Cereal Grains and Pasta,28.17,0.05,0.40,27.72,estimated,0.0018,0.0142,0.9840
585,"Basmati, brown (unpolished milled basmati rice), cooked for 25 min",CEREAL GRAINS,boiled,75,accepted,1.067,169704,"Rice, brown, long-grain, cooked (Includes foods for USDA's Food Distribution Program)",Cereal Grains and Pasta,25.58,0.24,1.60,24.79,measured,0.0094,0.0625,0.9691
586,"Basmati, white and brown (mixture of 60% white and 40% brown basmati rice), cooked for 25 min",CEREAL GRAINS,boiled,59,accepted,1.067,169704,"Rice, brown, long-grain, cooked (Includes foods for USDA's Food Distribution Program)",Cereal Grains and Pasta,25.58,0.24,1.60,24.79,measured,0.0094,0.0625,0.9691
587,"Basmati with wild rice (mixture of 83% easy-cook basmati and 17% North American wild rice (Zizania palustris L. ), cooked 20 min",CEREAL GRAINS,boiled,63,none,,,,,,,,,,,,
588,"Precooked basmati rice in pouch, white, reheated in microwave, Uncle Ben's Express® (Masterfoods, UK)",CEREAL GRAINS,instant,57,accepted,1.117,169709,"Rice, white, long-grain, precooked or instant, enriched, dry",Cereal Grains and Pasta,82.32,0.05,1.90,73.77,measured,0.0006,0.0231,0.8961
589,"Quick cooking white basmati, cooked 10 min, Uncle Ben's® Superior (Masterfoods, Belgium)",CEREAL GRAINS,boiled,60,none,,,,,,,,,,,,
590,"Basmati, white, express rice, microwaved for 2 min (Uncle Ben’s®, Masterfoods, Australia)",CEREAL GRAINS,microwaved,63,accepted,1.067,168878,"Rice, white, long-grain, regular, enriched, cooked",Cereal Grains and Pasta,28.17,0.05,0.40,27.72,estimated,0.0018,0.0142,0.9840
591,"Basmati, easy-cook (heat-treated white, polished basmati rice), cooked 15 min",CEREAL GRAINS,boiled,80,accepted,1.067,168878,"Rice, white, long-grain, regular, enriched, cooked",Cereal Grains and Pasta,28.17,0.05,0.40,27.72,estimated,0.0018,0.0142,0.9840
592,"Doongara, white, cooked in rice cooker",CEREAL GRAINS,boiled,48,none,,,,,,,,,,,,
593,"Doongara, white rice (SunRice CleverRice, Rice Growers Coop, New Zealand)",CEREAL GRAINS,,48,none,,,,,,,,,,,,
594,"Doongara, white",CEREAL GRAINS,,53,none,,,,,,,,,,,,
595,"Doongara, white",CEREAL GRAINS,,54,none,,,,,,,,,,,,
596,"Doongara, white",CEREAL GRAINS,,54,none,,,,,,,,,,,,
597,"Doongara rice, cooked in rice cooker",CEREAL GRAINS,boiled,55,review,0.825,168878,"Rice, white, long-grain, regular, enriched, cooked",Cereal Grains and Pasta,28.17,0.05,0.40,27.72,estimated,0.0018,0.0142,0.9840
598,"Doongara rice, cooked in rice cooker",CEREAL GRAINS,boiled,67,review,0.825,168878,"Rice, white, long-grain, regular, enriched, cooked",Cereal Grains and Pasta,28.17,0.05,0.40,27.72,estimated,0.0018,0.0142,0.9840
599,"Jasmine rice, white Thai (Double FP brand, NTUC Fairprice Co-operative Ltd., Singapore), chewed 15 times",CEREAL GRAINS,,68,accepted,1.075,168877,"Rice, white, long-grain, regular, raw, enriched",Cereal Grains and Pasta,79.95,0.12,1.30,78.53,estimated,0.0015,0.0163,0.9822
600,"Jasmine rice, cooked in rice cooker (SunRice; Ricegrowers Ltd., NSW, Australia)",CEREAL GRAINS,boiled,68,accepted,1.075,168878,"Rice, white, long-grain, regular, enriched, cooked",Cereal Grains and Pasta,28.17,0.05,0.40,27.72,estimated,0.0018,0.0142,0.9840
601,"Jasmine rice, steamed for 30 min, 31.6 g rice cooked with 35 mL water (COFCO China)",CEREAL GRAINS,boiled,76,accepted,1.075,168878,"Rice, white, long-grain, regular, enriched, cooked",Cereal Grains and Pasta,28.17,0.05,0.40,27.72,estimated,0.0018,0.0142,0.9840
602,"Jasmine Fragrant rice, white (SunRice brand, Ricegrowers Limited, Australia)",CEREAL GRAINS,,79,none,,,,,,,,,,,,
603,"Jasmine Fragrant rice (SunRice, Ricegrowers Limited, NSW)",CEREAL GRAINS,,80,none,,,,,,,,,,,,
604,"Jasmine rice, cooked in rice cooker (SunRice; Ricegrowers Ltd., NSW, Australia)",CEREAL GRAINS,boiled,80,accepted,1.075,168878,"Rice, white, long-grain, regular, enriched, cooked",Cereal Grains and Pasta,28.17,0.05,0.40,27.72,estimated,0.0018,0.0142,0.9840
605,Jasmine long grain rice,CEREAL GRAINS,,82,accepted,1.075,168877,"Rice, white, long-grain, regular, raw, enriched",Cereal Grains and Pasta,79.95,0.12,1.30,78.53,estimated,0.0015,0.0163,0.9822
606,"Jasmine white rice (Uncle Ben's Jasmine Rice, Mars Canada, Bolton, Ontario, Canada)",CEREAL GRAINS,,84,accepted,1.080,168877,"Rice, white, long-grain, regular, raw, enriched",Cereal Grains and Pasta,79.95,0.12,1.30,78.53,estimated,0.0015,0.0163,0.9822
607,"Jasmine rice, white Thai (Double FP brand, NTUC Fairprice Co-operative Ltd., Singapore); chewed 30 times",CEREAL GRAINS,,88,accepted,1.075,168877,"Rice, white, long-grain, regular, raw, enriched",Cereal Grains and Pasta,79.95,0.12,1.30,78.53,estimated,0.0015,0.0163,0.9822
608,"Jasmine Fragrant rice, white (SunRice brand, Ricegrowers Limited, Australia)",CEREAL GRAINS,,89,none,,,,,,,,,,,,
609,"Jasmine rice (Double FP Thai Hom Mali premium quality fragrant rice, Thailand)",CEREAL GRAINS,,90,accepted,1.075,168877,"Rice, white, long-grain, regular, raw, enriched",Cereal Grains and Pasta,79.95,0.12,1.30,78.53,estimated,0.0015,0.0163,0.9822
610,"Jasmine rice (Double FP Thai Hom Mali premium quality fragrant rice, Thailand)",CEREAL GRAINS,,91,accepted,1.075,168877,"Rice, white, long-grain, regular, raw, enriched",Cereal Grains and Pasta,79.95,0.12,1.30,78.53,estimated,0.0015,0.0163,0.9822
611,"Jasmine rice (Double FP Thai Hom Mali premium quality fragrant rice, Thailand)",CEREAL GRAINS,,92,accepted,1.075,168877,"Rice, white, long-grain, regular, raw, enriched",Cereal Grains and Pasta,79.95,0.12,1.30,78.53,estimated,0.0015,0.0163,0.9822
612,"Rice, white, Thai Hom Mali fragrant rice, cooked in rice cooker (NTUC Fairprice, Singapore)",CEREAL GRAINS,boiled,96,accepted,1.100,168878,"Rice, white, long-grain, regular, enriched, cooked",Cereal Grains and Pasta,28.17,0.05,0.40,27.72,estimated,0.0018,0.0142,0.9840
613,"Jasmine rice, Jazzmen, cooked in rice cooker (Jazzmen Rice, Inc., USA)",CEREAL GRAINS,boiled,106,accepted,1.075,168878,"Rice, white, long-grain, regular, enriched, cooked",Cereal Grains and Pasta,28.17,0.05,0.40,27.72,estimated,0.0018,0.0142,0.9840
614,"Jasmine rice, white, cooked in rice cooker (Golden World Foods, Bangkok, Thailand)",CEREAL GRAINS,boiled,109,accepted,1.075,168878,"Rice, white, long-grain, regular, enriched, cooked",Cereal Grains and Pasta,28.17,0.05,0.40,27.72,estimated,0.0018,0.0142,0.9840
615,"Jasmine rice, Mahatma, cooked in rice cooker (Riviana Foods Inc., Thailand)",CEREAL GRAINS,boiled,115,accepted,1.075,168878,"Rice, white, long-grain, regular, enriched, cooked",Cereal Grains and Pasta,28.17,0.05,0.40,27.72,estimated,0.0018,0.0142,0.9840
616,"Jasmine rice, Reindeer, cooked in rice cooker (Oriental Jasmine Rice Co., Thailand)",CEREAL GRAINS,boiled,116,accepted,1.075,168878,"Rice, white, long-grain, regular, enriched, cooked",Cereal Grains and Pasta,28.17,0.05,0.40,27.72,estimated,0.0018,0.0142,0.9840
617,"Brown Doongara rice (SunRice; Ricegrowers Ltd., NSW, Australia)",CEREAL GRAINS,,51,accepted,1.080,169703,"Rice, brown, long-grain, raw (Includes foods for USDA's Food Distribution Program)",Cereal Grains and Pasta,76.25,0.66,3.60,72.51,measured,0.0087,0.0472,0.9510
618,"Brown Doongara rice (SunRice; Ricegrowers Ltd., NSW, Australia)",CEREAL GRAINS,,54,accepted,1.080,169703,"Rice, brown, long-grain, raw (Includes foods for USDA's Food Distribution Program)",Cereal Grains and Pasta,76.25,0.66,3.60,72.51,measured,0.0087,0.0472,0.9510
619,"Brown rice, boiled in excess water for 25 min (SunRice brand, Rice Growers Co-op, Australia)",CEREAL GRAINS,boiled,72,none,,,,,,,,,,,,
620,Brown rice,CEREAL GRAINS,,87,none,,,,,,,,,,,,
621,"Brown rice (SunRice, Ricegrowers Ltd., NSW, Australia)",CEREAL GRAINS,,65,none,,,,,,,,,,,,
622,"Brown rice (SunRice, Ricegrowers Ltd., NSW, Australia)",CEREAL GRAINS,,78,none,,,,,,,,,,,,
623,"Brown rice, variety Tai Ken #9; Oryza sativa L. japonica (Union Rice Company; Taipei), soaked overnight and cooked in a rice cooker",CEREAL GRAINS,boiled,58,none,,,,,,,,,,,,
624,"Brown rice (0% polished), prepared from the Indian rice variety ""Bapatla"" (BPT-5204), pressure cooked for 8 min",CEREAL GRAINS,boiled,58,none,,,,,,,,,,,,
625,"Brown Rice, Uncle Ben's® Ready Whole Grain (pouch) (Effem Foods, USA)",CEREAL GRAINS,instant,48,accepted,0.950,168876,"Rice, brown, parboiled, dry, UNCLE BEN'S",Cereal Grains and Pasta,78.68,0.50,3.50,73.83,measured,0.0064,0.0445,0.9384
626,"Brown & Wild, Uncle Ben's® Ready Whole Grain Medley™ (pouch) (Effem Foods, USA)",CEREAL GRAINS,instant,45,none,,,,,,,,,,,,
627,"Chicken Flavored Brown Rice, Uncle Ben's® Ready Whole Grain (pouch) (Effem Foods, USA)",CEREAL GRAINS,instant,46,none,,,,,,,,,,,,
628,"Medium Grain Brown Rice in 90 sec, microwaved on high (SunRice brand, Rice Growers Co-Op., Australia)",CEREAL GRAINS,microwaved,59,review,0.825,169704,"Rice, brown, long-grain, cooked (Includes foods for USDA's Food Distribution Program)",Cereal Grains and Pasta,25.58,0.24,1.60,24.79,measured,0.0094,0.0625,0.9691
629,"Long grain, white (Uncle Ben ’ s, Auckland, New Zealand)",CEREAL GRAINS,boiled,56,accepted,1.100,168878,"Rice, white, long-grain, regular, enriched, cooked",Cereal Grains and Pasta,28.17,0.05,0.40,27.72,estimated,0.0018,0.0142,0.9840
630,"Premium long grain, white (SunRice brand, Rice Growers Co- Op., Australia)",CEREAL GRAINS,boiled,59,accepted,1.067,168878,"Rice, white, long-grain, regular, enriched, cooked",Cereal Grains and Pasta,28.17,0.05,0.40,27.72,estimated,0.0018,0.0142,0.9840
631,"Long grain, white, boiled 7 min (Star brand, Gouda Food Products, Canada)",CEREAL GRAINS,boiled,64,accepted,1.100,168878,"Rice, white, long-grain, regular, enriched, cooked",Cereal Grains and Pasta,28.17,0.05,0.40,27.72,estimated,0.0018,0.0142,0.9840
632,"Long grain, boiled (Star Brand, Goudas Food Products, Canada)",CEREAL GRAINS,boiled,69,accepted,1.100,168878,"Rice, white, long-grain, regular, enriched, cooked",Cereal Grains and Pasta,28.17,0.05,0.40,27.72,estimated,0.0018,0.0142,0.9840
633,"Long grain, boiled (Star Brand, Goudas Food Products, Canada)",CEREAL GRAINS,boiled,76,accepted,1.100,168878,"Rice, white, long-grain, regular, enriched, cooked",Cereal Grains and Pasta,28.17,0.05,0.40,27.72,estimated,0.0018,0.0142,0.9840
634,"Long-grain rice (Indica-type long-grain rice, polished), cooked 15 min",CEREAL GRAINS,boiled,47,accepted,1.100,168878,"Rice, white, long-grain, regular, enriched, cooked",Cereal Grains and Pasta,28.17,0.05,0.40,27.72,estimated,0.0018,0.0142,0.9840
635,"Long grain, easy-cook (heat-treated white polished long-grain rice), cooked 15 min",CEREAL GRAINS,boiled,47,accepted,1.100,168878,"Rice, white, long-grain, regular, enriched, cooked",Cereal Grains and Pasta,28.17,0.05,0.40,27.72,estimated,0.0018,0.0142,0.9840
636,"DGI SunRice Low GI Rice, heated in microwave (Imported by Methuselah Shanghai Medical Technology from SunRice Australia)",CEREAL GRAINS,microwaved,49,none,,,,,,,,,,,,
637,"Instant Doongara, white, cooked 5 min (Rice Growers Co-op, Australia)",CEREAL GRAINS,instant,94,review,0.925,169709,"Rice, white, long-grain, precooked or instant, enriched, dry",Cereal Grains and Pasta,82.32,0.05,1.90,73.77,measured,0.0006,0.0231,0.8961
638,"Instant rice, white, cooked 3 min",CEREAL GRAINS,instant,46,none,,,,,,,,,,,,
639,"Instant rice, white, cooked 6 min",CEREAL GRAINS,instant,87,none,,,,,,,,,,,,
640,"Long grain, white, pre-cooked, microwaved 2 min (Express Rice, plain, Uncle Ben's, Masterfoods, UK)",CEREAL GRAINS,instant,52,accepted,1.100,168878,"Rice, white, long-grain, regular, enriched, cooked",Cereal Grains and Pasta,28.17,0.05,0.40,27.72,estimated,0.0018,0.0142,0.9840
641,"Long grain, white, cooked in microwave for 90 sec (Uncle Ben’s® , Masterfoods, Australia)",CEREAL GRAINS,microwaved,59,accepted,1.100,168878,"Rice, white, long-grain, regular, enriched, cooked",Cereal Grains and Pasta,28.17,0.05,0.40,27.72,estimated,0.0018,0.0142,0.9840
642,"Long Grain White Rice in 90 Seconds, microwaved (SunRice brand, Rice Growers Co-Op., Australia)",CEREAL GRAINS,microwaved,76,accepted,1.080,168878,"Rice, white, long-grain, regular, enriched, cooked",Cereal Grains and Pasta,28.17,0.05,0.40,27.72,estimated,0.0018,0.0142,0.9840
643,"Long Grain White Rice, steamed rice, heated in microwave for 40 sec (SunRice® brand, Rice Growers Co-Op., Australia)",CEREAL GRAINS,microwaved,45,accepted,1.100,168878,"Rice, white, long-grain, regular, enriched, cooked",Cereal Grains and Pasta,28.17,0.05,0.40,27.72,estimated,0.0018,0.0142,0.9840
644,"Long Grain & Wild, Uncle Ben's® Ready Rice (pouch) (Effem Foods, USA)",CEREAL GRAINS,instant,49,review,1.067,168878,"Rice, white, long-grain, regular, enriched, cooked",Cereal Grains and Pasta,28.17,0.05,0.40,27.72,estimated,0.0018,0.0142,0.9840
645,"Original Long Grain, Uncle Ben's® Ready Rice pouch) (Effem Foods, USA)",CEREAL GRAINS,instant,48,accepted,1.067,168878,"Rice, white, long-grain, regular, enriched, cooked",Cereal Grains and Pasta,28.17,0.05,0.40,27.72,estimated,0.0018,0.0142,0.9840
646,"Rice, parboiled, pre-cooked, ready to eat (Riso Blond Espresso (Riso Gallo, Italy)",CEREAL GRAINS,instant,67,review,0.750,169707,"Rice, white, long-grain, parboiled, enriched, dry",Cereal Grains and Pasta,80.89,0.33,1.80,68.29,measured,0.0041,0.0223,0.8442
647,"Steamed Low GI White Rice (SunRice® brand, Rice Growers Co-Op., Australia), heated in microwave",CEREAL GRAINS,microwaved,52,none,,,,,,,,,,,,
648,"Arborio, risotto rice, boiled (SunRice brand, Rice Growers Co-Op., Australia)",CEREAL GRAINS,boiled,69,none,,,,,,,,,,,,
649,"Medium grain white rice, boiled 12 min (SunRice brand, Rice Growers Co-Op., Australia)",CEREAL GRAINS,boiled,75,review,0.825,168878,"Rice, white, long-grain, regular, enriched, cooked",Cereal Grains and Pasta,28.17,0.05,0.40,27.72,estimated,0.0018,0.0142,0.9840
650,"Moolgiri white rice (Tajmahal Agro Industries, India)",CEREAL GRAINS,boiled,54,none,,,,,,,,,,,,
651,"White rice, NS",CEREAL GRAINS,boiled,83,none,,,,,,,,,,,,
652,"White rice, fully polished, prepared from the Indian rice variety ""Bapatla"" (BPT-5204), pressure cooked for 18 min",CEREAL GRAINS,boiled,80,none,,,,,,,,,,,,
653,"White rice, Carnaroli, regular (Scotti, Italy)",CEREAL GRAINS,boiled,64,none,,,,,,,,,,,,
654,"White rice, Ponni, cooked in rice cooker for 33 min",CEREAL GRAINS,boiled,70,none,,,,,,,,,,,,
655,"White rice, Ponni, refined, harvested 2013, pressure-cooked for 30 min",CEREAL GRAINS,boiled,81,none,,,,,,,,,,,,
656,"White rice, Ponni, refined, harvested 2014, pressure-cooked for 30 min",CEREAL GRAINS,boiled,77,none,,,,,,,,,,,,
657,"White rice, Sona Masuri variety, cooked in rice cooker for 35 min",CEREAL GRAINS,boiled,72,none,,,,,,,,,,,,
658,"White rice, Surti Kolam variety, cooked in rice cooker for 32 min",CEREAL GRAINS,boiled,77,none,,,,,,,,,,,,
659,"Rice porridge, made with Jasmine rice, steamed for 40 min, 31.6 g rice cooked with 250 mL water (COFCO China)",CEREAL GRAINS,boiled,80,none,,,,,,,,,,,,
660,"Rice porridge, NS",CEREAL GRAINS,,66,none,,,,,,,,,,,,
661,"Rice porridge , NS",CEREAL GRAINS,,69,none,,,,,,,,,,,,
662,"Rice porridge , NS",CEREAL GRAINS,,88,none,,,,,,,,,,,,
663,"Rice porridge, made from rice bran",CEREAL GRAINS,,19,none,,,,,,,,,,,,
664,"Rice porridge, made from black rice",CEREAL GRAINS,,42,none,,,,,,,,,,,,
665,"Rice porridge, made from sticky rice",CEREAL GRAINS,,65,none,,,,,,,,,,,,
666,"Broke n rice, white, cooked in rice cooker (Lion foods, Bangkok, Thailand)",CEREAL GRAINS,boiled,86,none,,,,,,,,,,,,
667,"Glutinous rice, white, cooked in rice cooker (Bangsue Chia Meng Rice Co., Bangkok, Thailand)",CEREAL GRAINS,boiled,94,accepted,1.100,169711,"Rice, white, glutinous, unenriched, cooked",Cereal Grains and Pasta,21.09,0.05,1.00,20.04,estimated,0.0024,0.0474,0.9502
668,"Glutinous rice, white, cooked in rice cooker (Bangsue Chia Meng Rice Mill, Bangkok, Thailand)",CEREAL GRAINS,boiled,98,accepted,1.100,169711,"Rice, white, glutinous, unenriched, cooked",Cereal Grains and Pasta,21.09,0.05,1.00,20.04,estimated,0.0024,0.0474,0.9502
669,"Guilin rice vermicelli (Chinese rice vermicelli), cooked 8 min",CEREAL GRAINS,boiled,37,none,,,,,,,,,,,,
670,"Hassawi rice (Al-Hassa, Saudi Arabia)",CEREAL GRAINS,,59,none,,,,,,,,,,,,
671,"High-fiber white rice, harvested 2013 (Kharif), pressure- cooked for 32 min",CEREAL GRAINS,boiled,59,none,,,,,,,,,,,,
672,"High-fiber white rice, harvested 2014 (Rabi), pressure-cooked for 32 min",CEREAL GRAINS,boiled,64,none,,,,,,,,,,,,
673,"Japanese Style Sushi rice, white (SunRice brand, Rice Growers Co-Op., Australia)",CEREAL GRAINS,,85,none,,,,,,,,,,,,
674,"Jiangxi rice vermicelli (Chinese rice vermicelli), cooked for 8 min",CEREAL GRAINS,boiled,40,none,,,,,,,,,,,,
675,"Koshihikari rice, white (SunRice brand, Rice Growers Co- Op., Australia",CEREAL GRAINS,,73,none,,,,,,,,,,,,
676,"Mighty Rice, short grain white rice, boiled for 16 min (VitaRice, Mauritius)",CEREAL GRAINS,boiled,48,none,,,,,,,,,,,,
677,"Red Raw rice, Sri Lankan, cooked in rice cooker",CEREAL GRAINS,boiled,59,none,,,,,,,,,,,,
678,"Red rice, Thai, unpolished, cooked 25 min",CEREAL GRAINS,boiled,76,none,,,,,,,,,,,,
679,"Roasted Chicken Flavored, Uncle Ben's® Ready Rice (pouch) (Effem Foods, USA)",CEREAL GRAINS,roasted,51,none,,,,,,,,,,,,
680,"Santa Fe, Uncle Ben's® Ready Whole Grain Medley™ (pouch) (Effem Foods, USA)",CEREAL GRAINS,,48,none,,,,,,,,,,,,
681,"Spanish Style, Uncle Ben's® Ready Rice (pouch) (Effem Foods, USA)",CEREAL GRAINS,,51,none,,,,,,,,,,,,
682,Sticky rice,CEREAL GRAINS,,87,none,,,,,,,,,,,,
683,Sticky rice,CEREAL GRAINS,,88,none,,,,,,,,,,,,
684,"Sticky rice, high-amylose",CEREAL GRAINS,,50,none,,,,,,,,,,,,
685,"Sticky rice, Thai glutinous rice, cooked for 10 min",CEREAL GRAINS,boiled,92,none,,,,,,,,,,,,
686,"Rice, under milled, minimally polished 2.3%, prepared from the Indian rice variety ""Bapatla"" (BPT-5204), pressure cooked for 10 min",CEREAL GRAINS,boiled,73,none,,,,,,,,,,,,
687,"Vegetable Harvest, Uncle Ben's® Ready Whole Grain Medley™ (pouch) (Effem Foods, USA)",CEREAL GRAINS,,48,none,,,,,,,,,,,,
688,"Parboiled brown rice, Uncle Ben’s® Natural Wholegrain Instant brown rice, cooked for 20 min",CEREAL GRAINS,instant,88,accepted,1.150,168876,"Rice, brown, parboiled, dry, UNCLE BEN'S",Cereal Grains and Pasta,78.68,0.50,3.50,73.83,measured,0.0064,0.0445,0.9384
689,"Parboiled rice, cooked 20 min, Uncle Ben's Natur-reis® (Masterfoods, Belgium)",CEREAL GRAINS,parboiled,64,review,0.900,173263,"Rice, brown, parboiled, cooked, UNCLE BENS",Cereal Grains and Pasta,31.33,0.15,1.70,29.27,measured,0.0048,0.0543,0.9342
690,"Parboiled rice, long grain white Uncle Ben's®",CEREAL GRAINS,parboiled,54,accepted,1.100,169708,"Rice, white, long-grain, parboiled, enriched, cooked",Cereal Grains and Pasta,26.05,0.11,0.90,25.04,estimated,0.0042,0.0345,0.9612
691,"Parboiled, long-grain rice (Harlem Foods AS, Oslo)",CEREAL GRAINS,parboiled,57,review,0.900,169708,"Rice, white, long-grain, parboiled, enriched, cooked",Cereal Grains and Pasta,26.05,0.11,0.90,25.04,estimated,0.0042,0.0345,0.9612
692,"Parboiled, long grain, 10 min cooking time (Uncle Ben's, Masterfoods, Belgium)",CEREAL GRAINS,parboiled,68,review,0.900,169708,"Rice, white, long-grain, parboiled, enriched, cooked",Cereal Grains and Pasta,26.05,0.11,0.90,25.04,estimated,0.0042,0.0345,0.9612
693,"Parboiled, long grain, 20 min cooking time (Uncle Ben's, Masterfoods, Belgium)",CEREAL GRAINS,parboiled,75,review,0.900,169708,"Rice, white, long-grain, parboiled, enriched, cooked",Cereal Grains and Pasta,26.05,0.11,0.90,25.04,estimated,0.0042,0.0345,0.9612
694,"Rice, parboiled, NS",CEREAL GRAINS,parboiled,51,none,,,,,,,,,,,,
695,"Parboiled rice, NS (Riso Blond Risotti, Riso Gallo, Italy)",CEREAL GRAINS,parboiled,53,none,,,,,,,,,,,,
696,"Parboiled rice, NS (Uncle Ben’s, Masterfoods Australia New Zealand, NSW, Australia)",CEREAL GRAINS,parboiled,57,none,,,,,,,,,,,,
697,"Parboiled rice, NS (Riso Blond Veloce e Versatile, Riso Gallo, Italy)",CEREAL GRAINS,parboiled,61,none,,,,,,,,,,,,
698,"Parboiled rice, NS (Uncle Ben's, Masterfoods Australia New Zealand, NSW, Australia)",CEREAL GRAINS,parboiled,72,none,,,,,,,,,,,,
699,"Parboiled rice, white, cooked 5 min, Uncle Ben's Snabbris® (Masterfoods, Belgium)",CEREAL GRAINS,parboiled,74,review,0.700,169708,"Rice, white, long-grain, parboiled, enriched, cooked",Cereal Grains and Pasta,26.05,0.11,0.90,25.04,estimated,0.0042,0.0345,0.9612
700,"Rice, whole-meal, parboiled (Riso Blond Integrale, Riso Gallo, Italy)",CEREAL GRAINS,parboiled,56,none,,,,,,,,,,,,
701,"Durum wheat, precooked, cooked 20 min (Ebly, Chateaudun, France)",CEREAL GRAINS,instant,52,none,,,,,,,,,,,,
702,"Durum wheat, precooked, cooked 10 min (Ebly, France)",CEREAL GRAINS,instant,50,none,,,,,,,,,,,,
703,"Durum wheat, precooked in pouch, reheated in microwave, Ebly Express (Ebly, France)",CEREAL GRAINS,instant,40,none,,,,,,,,,,,,
704,"Wheat, pearled (Grano, Barilla, Italy)",CEREAL GRAINS,instant,72,none,,,,,,,,,,,,
705,Whole wheat powder,CEREAL GRAINS,instant,42,none,,,,,,,,,,,,
706,"Wheat flour, raw (2005 from Griffith NSW, Chara, Row10, Plot 6:181), consumed suspended in 250 mL water",CEREAL GRAINS,raw,22,review,0.767,168913,"Wheat flours, bread, unenriched",Cereal Grains and Pasta,72.53,0.31,2.40,69.82,estimated,0.0043,0.0331,0.9626
707,"Wheat flour, raw, consumed suspended in 250 mL water (Coles Smart Buy Plain Flour, Coles Supermarkets Pty Ltd)",CEREAL GRAINS,raw,20,review,0.767,168913,"Wheat flours, bread, unenriched",Cereal Grains and Pasta,72.53,0.31,2.40,69.82,estimated,0.0043,0.0331,0.9626
708,"Beta Flour (oat, flaxseed, buckwheat, pearl barley, soybean and wheat flours ), tested prepared with water, steamed (Inner Mongolia Golden Flax Biotech Pty Ltd, China)",CEREAL GRAINS,steamed,27,none,,,,,,,,,,,,
709,"Mixed cereals powder, NS",CEREAL GRAINS,,58,none,,,,,,,,,,,,
710,"3 Cereals (rice, oat, kamut) (Riso Gallo, Italy)",CEREAL GRAINS,,41,none,,,,,,,,,,,,
711,"3 Cereals (rice, spelt, barley) (Riso Gallo, Italy)",CEREAL GRAINS,,44,none,,,,,,,,,,,,
712,"Cereal powder, various cereals NS",CEREAL GRAINS,,58,none,,,,,,,,,,,,
713,"Teff, brown (Macro brand, Woolworths Australia Pty Ltd), boiled in water for 15 min",CEREAL GRAINS,boiled,57,none,,,,,,,,,,,,
714,"Spelt, pearled (Farro, Barilla, Italy)",CEREAL GRAINS,,63,accepted,1.100,169745,"Spelt, uncooked",Cereal Grains and Pasta,70.19,6.82,10.70,53.92,measured,0.0972,0.1524,0.7682
715,"Apricot Temptation fruit cookies, 97% fat-free (Freedom Foods, Australia)",COOKIES,,47,none,,,,,,,,,,,,
716,"Barquette Abricot (LU, Ris, Orangis, France)",COOKIES,,71,none,,,,,,,,,,,,
717,"Bebe Dobre Rano Chocolate (LU, Czech Republic)",COOKIES,,46,none,,,,,,,,,,,,
718,"Bebe Dobre Rano Chocolate (LU, Czech Republic)",COOKIES,,46,none,,,,,,,,,,,,
719,"Bebe Dobre Rano Chocolate (Opavia/LU, Czech Republic)",COOKIES,,57,none,,,,,,,,,,,,
720,"Bebe Dobre Rano Coconut (LU, Czech Republic)",COOKIES,,48,none,,,,,,,,,,,,
721,"Bebe Dobre Rano Four Cereals (LU, Czech Republic)",COOKIES,,51,none,,,,,,,,,,,,
722,"Bebe Dobre Rano Honey and Hazelnuts (Opavia/LU, Czech Republic)",COOKIES,,51,none,,,,,,,,,,,,
723,"Bebe Dobre Rano Nuts and Honey (LU, Czech Republic)",COOKIES,,41,none,,,,,,,,,,,,
724,"Bebe Dobre Rano Nuts and Honey (LU, Czech Republic)",COOKIES,,45,none,,,,,,,,,,,,
725,"Bebe Dobre Rano with Milk (LU, Czech Republic)",COOKIES,,50,none,,,,,,,,,,,,
726,"Bebe Jemne Susenky (Opavia/LU, Czech Republic)",COOKIES,,67,none,,,,,,,,,,,,
727,"Better Choice Multicereals (LU, Denmark)",COOKIES,,51,none,,,,,,,,,,,,
728,Better Choice Wholegrain (LU Denmark),COOKIES,,46,none,,,,,,,,,,,,
729,"Biscuit, Danone, NS",COOKIES,,39,none,,,,,,,,,,,,
730,"Biscuit, Danone, NS",COOKIES,,47,none,,,,,,,,,,,,
731,"Biscuit, NS",COOKIES,,72,none,,,,,,,,,,,,
732,"Biscuit, thin, NS",COOKIES,,81,none,,,,,,,,,,,,
733,"Biscuits, rolled oat, wholemeal wheat flour, wheat fibre (Gran Cereale Classico, Italy)",COOKIES,,49,none,,,,,,,,,,,,
734,"Biscuits, wheat flour, butter, cream (Macine, Italy)",COOKIES,,52,none,,,,,,,,,,,,
735,"Biscuits, wheat flour, oat flour, wholemeal buckwheat flour (6.2%) (Molinetti, Italy)",COOKIES,,58,none,,,,,,,,,,,,
736,"Biscuit, wholegrain",COOKIES,,54,none,,,,,,,,,,,,
737,"Biscuits, wholegrain, filled with peanut butter",COOKIES,,44,none,,,,,,,,,,,,
738,"Breakfast biscuit (Frollino), gluten free (Dr Schär AG/SPA, Italy)",COOKIES,,37,none,,,,,,,,,,,,
739,"Chocolate chip cookies, containing wheat flour and coconut flour",COOKIES,,44,review,0.850,172717,"Cookies, chocolate chip, commercially prepared, soft-type",Baked Products,65.75,37.10,1.80,23.97,measured,0.5643,0.0274,0.3646
740,"Cookie, fiber enriched (Bahlsen GmbH&Co.KG, Hannover, Germany)",COOKIES,,42,none,,,,,,,,,,,,
741,"Cookie, decreased GI variant (sugar-to-flour ratio: 0.45)",COOKIES,,37,none,,,,,,,,,,,,
742,Digestives,COOKIES,,39,none,,,,,,,,,,,,
743,"Evergreen met Krenten (LU, Netherlands)",COOKIES,,66,none,,,,,,,,,,,,
744,"Fior di Latte (Mulino Bianco, Barilla, Italy)",COOKIES,,47,none,,,,,,,,,,,,
745,"Gemme Integrali (Mulino Bianco, Barilla, Italy)",COOKIES,,46,none,,,,,,,,,,,,
746,Gingerbread cookies,COOKIES,,66,none,,,,,,,,,,,,
747,"Golden Flaxseed biscuits (SCIQ Biotech Pty Ltd, Australia)",COOKIES,,36,none,,,,,,,,,,,,
748,"Gran Cereale Cioccolato (Grancereale, Barilla, Italy)",COOKIES,,52,none,,,,,,,,,,,,
749,"Gran Cereale Frutta (Grancereale, Barilla, Italy)",COOKIES,,51,none,,,,,,,,,,,,
750,"Gran Cereale Classico (Grancereale, Barilla, Italy)",COOKIES,,49,none,,,,,,,,,,,,
751,"Gran'Dia Banana, Oats and Honey (LU, Brazil)",COOKIES,,28,none,,,,,,,,,,,,
752,"Gran'Dia Chocolate with five cereals (Danone, Brazil)",COOKIES,,39,none,,,,,,,,,,,,
753,"Grany en-cas Abricot (LU, France)",COOKIES,,55,none,,,,,,,,,,,,
754,"Grany en-cas Fruits des bois (LU, France)",COOKIES,,50,none,,,,,,,,,,,,
755,"Grany Rush Apricot (LU, Netherlands)",COOKIES,,62,none,,,,,,,,,,,,
756,"Grain biscuit, Mixed Berry flavor (belVita, Mondel ēz, Shanghai, China)",COOKIES,,55,none,,,,,,,,,,,,
757,"Grain biscuits, Milk & Cereal flavor (belVita, Mondel ēz, Shanghai, China)",COOKIES,,53,none,,,,,,,,,,,,
758,Györi Édes Jó reggelt! Müzlivel és gyümölccsel / Fruits and Muesli (LU Hungary),COOKIES,,45,none,,,,,,,,,,,,
759,Györi Édes Jó reggelt! Müzlivel és gyümölccsel / Fruits and Muesli (LU Hungary),COOKIES,,49,none,,,,,,,,,,,,
760,Györi Édes Jó reggelt! Müzlivel és gyümölccsel / Fruits and Muesli (LU Hungary),COOKIES,,47,none,,,,,,,,,,,,
761,"Jo Reggelt Fruits and Figs (LU, Hungary)",COOKIES,,41,none,,,,,,,,,,,,
762,"Jubilee Nuts and Honey (LU, Russia)",COOKIES,,44,none,,,,,,,,,,,,
763,"Jubilee Nuts and Honey (LU, Russia)",COOKIES,,45,none,,,,,,,,,,,,
764,Jyväshyvä Paussi Mysli and Fruits (LU Finland),COOKIES,,45,none,,,,,,,,,,,,
765,Jyväshyvä Paussi Mysli and Fruits (LU Finland),COOKIES,,49,none,,,,,,,,,,,,
766,Jyväshyvä Paussi Mysli and Fruits (LU Finland),COOKIES,,47,none,,,,,,,,,,,,
767,Jyväshyvä Paussi Vanilla (LU Finland),COOKIES,,55,none,,,,,,,,,,,,
768,Jyväshyvä Paussi Vanilla (LU Finland),COOKIES,,39,none,,,,,,,,,,,,
769,Jyväshyvä Paussi Wholegrain (LU Finland),COOKIES,,46,none,,,,,,,,,,,,
770,"Kingston, butternut cookies with chocolate filling (Arnott’s Pty Ltd, Australia)",COOKIES,,48,none,,,,,,,,,,,,
771,"Leda Luxury gluten-free chocolate coated cookies (Leda Nutrition, QLD, Australia)",COOKIES,,35,none,,,,,,,,,,,,
772,"LU P'tit Déjeuner Chocolat (LU, France)",COOKIES,,42,none,,,,,,,,,,,,
773,"LU P'tit Déjeuner Miel et Pépites Chocolat (LU, France)",COOKIES,,45,none,,,,,,,,,,,,
774,"LU P'tit Déjeuner Miel et Pépites Chocolat (LU, France)",COOKIES,,49,none,,,,,,,,,,,,
775,"LU P'tit Déjeuner Miel et Pépites Chocolat (LU, France)",COOKIES,,52,none,,,,,,,,,,,,
776,"LU Petit Dejeuner, Chocolate, low in sugar (LU France)",COOKIES,,51,none,,,,,,,,,,,,
777,"LU Petit Dejeuner Chocolate & Cereals (LU, France)",COOKIES,,46,none,,,,,,,,,,,,
778,"LU Petit Dejeuner Chocolate & Cereals (LU, France)",COOKIES,,58,none,,,,,,,,,,,,
779,"LU Petit Dejeuner Cereals & Chocolate Chips, low in sugar (LU France, LU Belgium, LU Czech Republic)",COOKIES,,37,none,,,,,,,,,,,,
780,"LU Petit Dejeuner Coconut, nuts and chocolate (LU France)",COOKIES,,55,none,,,,,,,,,,,,
781,"LU Petit Dejeuner Coconut, nuts and chocolate (LU France)",COOKIES,,51,none,,,,,,,,,,,,
782,LU Petit Dejeuner Fruits and Muesli (LU France),COOKIES,,45,none,,,,,,,,,,,,
783,LU Petit Dejeuner Fruits and Muesli (LU France),COOKIES,,49,none,,,,,,,,,,,,
784,LU Petit Dejeuner Fruits and Muesli (LU France),COOKIES,,47,none,,,,,,,,,,,,
785,LU Petit Dejeuner Honey & Chocolate chips (LU France),COOKIES,,47,none,,,,,,,,,,,,
786,LU Petit Dejeuner Honey & Chocolate chips (LU France),COOKIES,,46,none,,,,,,,,,,,,
787,"LU Petit Dejeuner Milk and Cereals (LU France, LU Belgium)",COOKIES,,55,none,,,,,,,,,,,,
788,"LU Petit Dejeuner Milk and Cereals (LU France, LU Belgium)",COOKIES,,39,none,,,,,,,,,,,,
789,"LU Petit Dejeuner Multicereals (LU France, LU Belgium)",COOKIES,,46,none,,,,,,,,,,,,
790,"LU Petit Dejeuner with Fruits and Figs (LU France, LU Belgium)",COOKIES,,41,none,,,,,,,,,,,,
791,"LU Petit Dejeuner with Prunes (LU, France)",COOKIES,,51,none,,,,,,,,,,,,
792,"Macaroons, containing wheat flour and with coconut flour",COOKIES,,32,none,,,,,,,,,,,,
793,"Maltmeal wafer (Griffin's Foods Ltd., New Zealand)",COOKIES,,50,none,,,,,,,,,,,,
794,"Montana Chocolate Chip Cookies (Kinnikinnic Foods Inc., Edmonton. AB, Canada)",COOKIES,,43,review,0.825,172717,"Cookies, chocolate chip, commercially prepared, soft-type",Baked Products,65.75,37.10,1.80,23.97,measured,0.5643,0.0274,0.3646
795,"Montana Chocolate Chip Cookies (Kinnikinnic Foods Inc., Edmonton. AB, Canada)",COOKIES,,42,review,0.825,172717,"Cookies, chocolate chip, commercially prepared, soft-type",Baked Products,65.75,37.10,1.80,23.97,measured,0.5643,0.0274,0.3646
796,"Montana Chocolate Chip Cookies (Kinnikinnic Foods Inc., Edmonton. AB, Canada)",COOKIES,,42,review,0.825,172717,"Cookies, chocolate chip, commercially prepared, soft-type",Baked Products,65.75,37.10,1.80,23.97,measured,0.5643,0.0274,0.3646
797,"Montana Chocolate Chip Cookies (Kinnikinnic Foods Inc., Edmonton. AB, Canada)",COOKIES,,42,review,0.825,172717,"Cookies, chocolate chip, commercially prepared, soft-type",Baked Products,65.75,37.10,1.80,23.97,measured,0.5643,0.0274,0.3646
798,"Montana Chocolate Chip Cookies (Kinnikinnic Foods Inc., Edmonton. AB, Canada)",COOKIES,,42,review,0.825,172717,"Cookies, chocolate chip, commercially prepared, soft-type",Baked Products,65.75,37.10,1.80,23.97,measured,0.5643,0.0274,0.3646
799,"Montana Chocolate Chip Cookies (Kinnikinnic Foods Inc., Edmonton. AB, Canada)",COOKIES,,43,review,0.825,172717,"Cookies, chocolate chip, commercially prepared, soft-type",Baked Products,65.75,37.10,1.80,23.97,measured,0.5643,0.0274,0.3646
800,"Montana Chocolate Chip Cookies (Kinnikinnic Foods Inc., Edmonton. AB, Canada)",COOKIES,,43,review,0.825,172717,"Cookies, chocolate chip, commercially prepared, soft-type",Baked Products,65.75,37.10,1.80,23.97,measured,0.5643,0.0274,0.3646
801,"Montana Chocolate Chip Cookies (Kinnikinnic Foods Inc., Edmonton. AB, Canada)",COOKIES,,41,review,0.825,172717,"Cookies, chocolate chip, commercially prepared, soft-type",Baked Products,65.75,37.10,1.80,23.97,measured,0.5643,0.0274,0.3646
802,"Nutrigrain Fruits des bois (Kellogg's, France)",COOKIES,,57,none,,,,,,,,,,,,
803,Oat biscuit,COOKIES,,45,none,,,,,,,,,,,,
804,Oat biscuit,COOKIES,,55,none,,,,,,,,,,,,
805,"Oat biscuit, Nairn's™ Stem Ginger Oat Biscuit (Nairn's Oatcakes Ltd, Edinburgh, Scotland)",COOKIES,,55,none,,,,,,,,,,,,
806,"Oro (Saiwa, Italy)",COOKIES,,61,none,,,,,,,,,,,,
807,"Pavesini (Pavesi, Barilla, Italy)",COOKIES,,52,none,,,,,,,,,,,,
808,"Petiki Go ! Fruits and Muesli (LU, Poland)",COOKIES,,45,none,,,,,,,,,,,,
809,"Petiki Go ! Fruits and Muesli (LU, Poland)",COOKIES,,49,none,,,,,,,,,,,,
810,"Petiki Go ! Fruits and Muesli (LU, Poland)",COOKIES,,47,none,,,,,,,,,,,,
811,"Petit brun extra (LU, France)",COOKIES,,77,none,,,,,,,,,,,,
812,"Petit LU Normand (LU, France)",COOKIES,,51,none,,,,,,,,,,,,
813,"Petit LU Roussillon (LU, France)",COOKIES,,48,none,,,,,,,,,,,,
814,"President's Choice® Blue Menu™ Cranberry Orange Cookies (Loblaw Brands Limited, Canada)",COOKIES,,60,none,,,,,,,,,,,,
815,"President's Choice® Blue Menu™ Crunchy Oat Cookies (Loblaw Brands Limited, Canada)",COOKIES,,62,none,,,,,,,,,,,,
816,"President's Choice® Blue Menu™ Ginger & Lemon Cookies (Loblaw Brands Limited, Canada)",COOKIES,,64,none,,,,,,,,,,,,
817,"Prince Energie+ (LU, France)",COOKIES,,73,none,,,,,,,,,,,,
818,"Prince fourré chocolat (LU, France)",COOKIES,,50,none,,,,,,,,,,,,
819,"Prince fourré chocolat (LU, France)",COOKIES,,53,none,,,,,,,,,,,,
820,"Prince gout chocolat (LU, France)",COOKIES,,53,none,,,,,,,,,,,,
821,"Prince Petit Déj Cereals (LU, France)",COOKIES,,52,none,,,,,,,,,,,,
822,"Prince Petit Déj Cereals and Chocolate (LU, France)",COOKIES,,51,none,,,,,,,,,,,,
823,"Prince Petit Déjeuner Vanille (LU, France and Spain)",COOKIES,,45,none,,,,,,,,,,,,
824,"Principe megamanana vanilla (LU, Spain)",COOKIES,,45,none,,,,,,,,,,,,
825,Rich Tea,COOKIES,,40,none,,,,,,,,,,,,
826,Rotary-Molded biscuit,COOKIES,,48,none,,,,,,,,,,,,
827,Rotary-Molded biscuit,COOKIES,,47,none,,,,,,,,,,,,
828,Rotary-Molded biscuit,COOKIES,,45,none,,,,,,,,,,,,
829,"Sablé des Flandres (LU, France)",COOKIES,,57,none,,,,,,,,,,,,
830,Sandwich Rotary-Molded biscuit,COOKIES,,44,none,,,,,,,,,,,,
831,Sandwich Rotary-Molded biscuit,COOKIES,,56,none,,,,,,,,,,,,
832,Sandwich Rotary-Molded biscuit,COOKIES,,52,none,,,,,,,,,,,,
833,"Segreti di Bosco (Mulino Bianco, Barilla, Italy)",COOKIES,,53,none,,,,,,,,,,,,
834,"Snack Right Fruit Pillow, Apple and blackberry (Arnotts, Australia)",COOKIES,,43,none,,,,,,,,,,,,
835,"Snack Right Fruit Pillow, Spicy apple and sultana (Arnotts, Australia)",COOKIES,,45,none,,,,,,,,,,,,
836,"Snack Right Fruit Pillow, Wild berry (Arnott's, Australia)",COOKIES,,52,none,,,,,,,,,,,,
837,"Snack Right Fruit Slice, Mango and passionfruit (Arnott's, Australia)",COOKIES,,49,none,,,,,,,,,,,,
838,"Snack Right Fruit Slice, Mixed berry (Arnott's, Australia)",COOKIES,,50,none,,,,,,,,,,,,
839,"Snack Right Fruit Slice, Original Sultana (97% fat-free) (Arnott's, Australia)",COOKIES,,48,none,,,,,,,,,,,,
840,"Snack Right Fruit Slice, Sultana with chocolate (Arnott's, Australia)",COOKIES,,45,none,,,,,,,,,,,,
841,Sweet biscuit,COOKIES,,47,none,,,,,,,,,,,,
842,Sweet biscuit,COOKIES,,63,none,,,,,,,,,,,,
843,Sweetmeal biscuit,COOKIES,,39,none,,,,,,,,,,,,
844,Sweetmeal biscuit,COOKIES,,42,none,,,,,,,,,,,,
845,"Thé (LU, France)",COOKIES,,41,none,,,,,,,,,,,,
846,"Véritable Petit Beurre (LU, France)",COOKIES,,51,none,,,,,,,,,,,,
847,"Véritable Petit Beurre (LU, France)",COOKIES,,54,none,,,,,,,,,,,,
848,"Véritable Petit Beurre (LU, France)",COOKIES,,54,none,,,,,,,,,,,,
849,"Vitasnella frollini (Saiwa, Italy)",COOKIES,,59,none,,,,,,,,,,,,
850,"BBQ Shapes, savory crackers (Arnott’s Pty Ltd, Australia)",CRACKERS,,48,none,,,,,,,,,,,,
851,"Choice grain crackers (Jacob’s Bakery, UK)",CRACKERS,,49,none,,,,,,,,,,,,
852,"Crispbread, soft wheat flour (54%), rye flour (36%), pumpkin seeds (7.5%) (Spianate croccanti con semi di zucca, Grancereale, Barilla, Italy)",CRACKERS,,53,none,,,,,,,,,,,,
853,"Corn Thins, puffed corn cakes, gluten-free (Real Foods, St Peters, Australia)",CRACKERS,popped,87,none,,,,,,,,,,,,
854,Cracker,CRACKERS,,51,none,,,,,,,,,,,,
855,Cracker,CRACKERS,,61,none,,,,,,,,,,,,
856,Cracker,CRACKERS,,60,none,,,,,,,,,,,,
857,"Crackers, soft wheat flour, salty (Cracker integrali Sfoglia di grano, Mulino Bianco, Barilla, Italy)",CRACKERS,,63,accepted,1.100,174985,"Crackers, wheat, regular",Baked Products,70.73,15.48,6.90,47.38,measured,0.2189,0.0976,0.6699
858,"Crackers, whole-meal soft wheat flour (Cracker salati Sfoglia di grano, Mulino Bianco, Barilla, Italy)",CRACKERS,,63,accepted,1.100,172749,"Crackers, whole-wheat",Baked Products,69.55,1.19,10.30,57.00,measured,0.0171,0.1481,0.8196
859,"Cream cracker (LU Triumfo, Brazil)",CRACKERS,,64,none,,,,,,,,,,,,
860,"Grain cracker (Bestore, Wuhan, China)",CRACKERS,,25,none,,,,,,,,,,,,
861,"Bread stick, Grissini Fibra Activa (with psyllium and oat) (Panmonviso, Italy)",CRACKERS,,52,none,,,,,,,,,,,,
862,"Bread stick, Grissini classici friabili (Mulino Bianco, Barilla, Italy)",CRACKERS,,66,none,,,,,,,,,,,,
863,"Protein cracker, Cheese (Herman Brot Pty Ltd, Australia)",CRACKERS,,22,none,,,,,,,,,,,,
864,"Protein cracker, Mediterranean (Herman Brot Pty Ltd, Australia)",CRACKERS,,31,none,,,,,,,,,,,,
865,"Protein cracker, Natural (Herman Brot Pty Ltd, Australia)",CRACKERS,,24,none,,,,,,,,,,,,
866,"Protein cracker, Olive (Herman Brot Pty Ltd, Australia)",CRACKERS,,29,none,,,,,,,,,,,,
867,"Protein cracker, Spicy (Herman Brot Pty Ltd, Australia)",CRACKERS,,26,none,,,,,,,,,,,,
868,"Protein cracker, Zatar (Herman Brot Pty Ltd, Australia)",CRACKERS,,27,none,,,,,,,,,,,,
869,"High-calcium cracker (Jacob’s, Malaysia)",CRACKERS,,52,none,,,,,,,,,,,,
870,"Melba toast/Rusk, wheat flour (Fette Biscottate Le Dorate, Italy)",CRACKERS,toasted,64,none,,,,,,,,,,,,
871,"Melba toast/Rusk, soft wheat flour, whole-meal barley flour (10%), rolled oat (2%) (Fette biscottate Cuori di orzo, Mulino Bianco, Barilla, Italy)",CRACKERS,toasted,45,none,,,,,,,,,,,,
872,"Melba toast/Rusk, soft wheat flour, bran and rolled oat, with psyllium and soluble fibers (Fette biscottate Fibra Activa, Panmonviso, Italy)",CRACKERS,toasted,47,none,,,,,,,,,,,,
873,"Melba Toast/Rusk, whole-meal wheat flour (50.1%), soft wheat flour (Fette Biscottate Le Integrali, Mulino Bianco, Barilla, Italy)",CRACKERS,toasted,73,none,,,,,,,,,,,,
874,"Melba Toast/Rusk made with rice, oat, wheat, corn, barley and rye (Fette Biscottate Le cereal,(Mulino Bianco, Barilla, Italy)",CRACKERS,toasted,69,none,,,,,,,,,,,,
875,9 Grain cracker,CRACKERS,,68,none,,,,,,,,,,,,
876,"Ancient Grains snack crackers, President's Choice® Blue Menu™ (Loblaw Brands Limited, Canada)",CRACKERS,,65,none,,,,,,,,,,,,
877,"Wheat & Onion snack crackers, President's Choice® Blue Menu™ (Loblaw Brands Limited, Canada)",CRACKERS,,60,none,,,,,,,,,,,,
878,"Wheat & Sesame snack crackers, President's Choice® Blue Menu™ (Loblaw Brands Limited, Canada)",CRACKERS,,56,none,,,,,,,,,,,,
879,"Wheat snack crackers, President's Choice® Blue Menu™ (Loblaw Brands Limited, Canada)",CRACKERS,,65,accepted,1.067,174985,"Crackers, wheat, regular",Baked Products,70.73,15.48,6.90,47.38,measured,0.2189,0.0976,0.6699
880,"Puffed rice cakes, Calrose rice, low-amylose (Rice Growers Co-op, Australia)",CRACKERS,popped,91,review,0.733,168107,"Rice cake, cracker (include hain mini rice cakes)",Snacks,81.10,0.88,4.20,76.02,estimated,0.0109,0.0518,0.9374
881,"Puffed rice cakes, Doongara rice, high-amylose (Rice Growers Co-op, Australia)",CRACKERS,popped,61,review,0.733,168107,"Rice cake, cracker (include hain mini rice cakes)",Snacks,81.10,0.88,4.20,76.02,estimated,0.0109,0.0518,0.9374
882,"Puffed rice cakes, caramel flavored",CRACKERS,popped,82,review,0.733,168107,"Rice cake, cracker (include hain mini rice cakes)",Snacks,81.10,0.88,4.20,76.02,estimated,0.0109,0.0518,0.9374
883,"Rice cracker, plain (Sakada, Japan)",CRACKERS,,91,accepted,1.100,173161,Rice crackers,Snacks,82.64,0.00,0.00,82.64,estimated,0.0000,0.0000,1.0000
884,Rye crackers with oats,CRACKERS,,64,review,0.733,172739,"Crackers, crispbread, rye",Baked Products,82.20,1.07,16.50,64.63,estimated,0.0130,0.2007,0.7863
885,Rye crackers with sesame,CRACKERS,,57,review,0.733,172739,"Crackers, crispbread, rye",Baked Products,82.20,1.07,16.50,64.63,estimated,0.0130,0.2007,0.7863
886,"Pumpkin Seeds & Oats cracker, Ryvita® (George Weston Foods, North Ryde, Australia)",CRACKERS,,46,none,,,,,,,,,,,,
887,"Sunflower Seeds & Oats cracker, Ryvita® (George Weston Foods, North Ryde, Australia)",CRACKERS,,48,none,,,,,,,,,,,,
888,Wholewheat crackers with pumpkin and thyme,CRACKERS,,36,none,,,,,,,,,,,,
889,Wholegrain crackers with sesame seeds and rosemary,CRACKERS,,53,none,,,,,,,,,,,,
890,"Wholewheat sticks, crunchy, yeast extract flavored",CRACKERS,,50,none,,,,,,,,,,,,
891,"Custard, low-fat, vanilla flavored (Nestlé, Australia)",DAIRY PRODUCTS AND ALTERNATIVES,,29,none,,,,,,,,,,,,
892,"No Bake Egg Custard, prepared from powder with whole milk (Nestlé, Australia)",DAIRY PRODUCTS AND ALTERNATIVES,baked,35,none,,,,,,,,,,,,
893,"Reduced-fat custard, TRIM™ (Pauls Ltd, Brisbane, Australia)",DAIRY PRODUCTS AND ALTERNATIVES,,37,none,,,,,,,,,,,,
894,"Custard, low-fat, trifle flavored (Nestlé, Australia)",DAIRY PRODUCTS AND ALTERNATIVES,,30,none,,,,,,,,,,,,
895,"Crème fraiche dessert, peach (Finest, UK)",DAIRY PRODUCTS AND ALTERNATIVES,,28,none,,,,,,,,,,,,
896,"Crème fraiche dessert, raspberry (Finest, UK)",DAIRY PRODUCTS AND ALTERNATIVES,,30,none,,,,,,,,,,,,
897,"Fromage Frais, red fruit: blackcurrant (Healthy Living, UK)",DAIRY PRODUCTS AND ALTERNATIVES,,22,none,,,,,,,,,,,,
898,"Fromage Frais, red fruit: raspberry (Healthy Living, UK)",DAIRY PRODUCTS AND ALTERNATIVES,,31,none,,,,,,,,,,,,
899,"Fromage Frais, red fruit: red cherry (Healthy Living, UK)",DAIRY PRODUCTS AND ALTERNATIVES,,25,none,,,,,,,,,,,,
900,"Fromage Frais, red fruit: strawberry (Healthy Living, UK)",DAIRY PRODUCTS AND ALTERNATIVES,,29,none,,,,,,,,,,,,
901,"Fromage Frais, yellow fruit: mandarin and orange (Healthy Living, UK)",DAIRY PRODUCTS AND ALTERNATIVES,,19,none,,,,,,,,,,,,
902,"Fruche® , low-fat, apricot vanilla honey (National Foods Ltd, Melbourne, Australia)",DAIRY PRODUCTS AND ALTERNATIVES,,34,none,,,,,,,,,,,,
903,"Fruche® , low-fat, berry compote (National Foods Ltd, Melbourne, Australia)",DAIRY PRODUCTS AND ALTERNATIVES,,37,none,,,,,,,,,,,,
904,"Fruche® , low-fat, duet peach on pineapple (National Foods Ltd, Melbourne, Australia)",DAIRY PRODUCTS AND ALTERNATIVES,,34,none,,,,,,,,,,,,
905,"Fruche® , low-fat, lemon sorbetto (National Foods Ltd, Melbourne, Australia)",DAIRY PRODUCTS AND ALTERNATIVES,,34,none,,,,,,,,,,,,
906,"Fruche® , low-fat, orange sorbetto (National Foods Ltd, Melbourne, Australia)",DAIRY PRODUCTS AND ALTERNATIVES,,34,none,,,,,,,,,,,,
907,"Fruche® , low-fat, peach roulade (National Foods Ltd, Melbourne, Australia)",DAIRY PRODUCTS AND ALTERNATIVES,,37,none,,,,,,,,,,,,
908,"Fruche® on Fruit, low-fat, toffee apple (National Foods Ltd, Melbourne, Australia)",DAIRY PRODUCTS AND ALTERNATIVES,,47,none,,,,,,,,,,,,
909,"Ice-cream, low-fat chocolate flavored, Chocollo™ (Wendy's Supa Sundaes Pty Ltd, Australia)",DAIRY PRODUCTS AND ALTERNATIVES,,24,accepted,1.100,168809,"Ice creams, chocolate",Sweets,28.20,25.36,1.20,1.64,estimated,0.8993,0.0426,0.0582
910,"Ice cream, low-fat, Bulla Light Creamy vanilla (Regal Cream Products, VIC, Australia)",DAIRY PRODUCTS AND ALTERNATIVES,,36,accepted,1.100,167572,"Ice creams, vanilla, light",Sweets,29.46,22.12,0.30,7.04,estimated,0.7508,0.0102,0.2390
911,"Ice cream, low-fat, Bulla Light Real Dairy chocolate (Regal Cream Products, VIC, Australia)",DAIRY PRODUCTS AND ALTERNATIVES,,27,accepted,1.100,167585,"Ice creams, chocolate, light",Sweets,25.70,24.71,0.80,0.19,estimated,0.9615,0.0311,0.0074
912,"Ice cream, low-fat, Bulla Light Real Dairy English Toffee (Regal Cream Products, VIC, Australia)",DAIRY PRODUCTS AND ALTERNATIVES,,27,none,,,,,,,,,,,,
913,"Ice cream, low-fat, Bulla Light Real Dairy Mango (Regal Cream Products, Australia)",DAIRY PRODUCTS AND ALTERNATIVES,,30,none,,,,,,,,,,,,
914,"Ice cream, low-fat, Light & Creamy, Raspberry Ripple (Nestlé Peter's, Australia)",DAIRY PRODUCTS AND ALTERNATIVES,,55,none,,,,,,,,,,,,
915,"Ice-cream, low-fat,1.2% fat, Light Prestige rich vanilla (Norco, Australia)",DAIRY PRODUCTS AND ALTERNATIVES,,47,accepted,1.100,167572,"Ice creams, vanilla, light",Sweets,29.46,22.12,0.30,7.04,estimated,0.7508,0.0102,0.2390
916,"Ice-cream, low-fat, 1.4% fat, Light Prestige traditional toffee (Norco, Australia)",DAIRY PRODUCTS AND ALTERNATIVES,,37,none,,,,,,,,,,,,
917,"Ice-cream, reduced-fat, 7.1% fat, Prestige golden macadamia (Norco, Australia)",DAIRY PRODUCTS AND ALTERNATIVES,,37,none,,,,,,,,,,,,
918,"Ice cream, low-fat, vanilla, 'Light' (Nestlé Peter's, Australia)",DAIRY PRODUCTS AND ALTERNATIVES,,46,accepted,1.100,167572,"Ice creams, vanilla, light",Sweets,29.46,22.12,0.30,7.04,estimated,0.7508,0.0102,0.2390
919,"Ice cream, low-fat, Blueberry Pomegranate flavor (ProYo, USA)",DAIRY PRODUCTS AND ALTERNATIVES,,32,none,,,,,,,,,,,,
920,"Ice cream, low-fat, Chocolate Toffee flavor (ProYo, USA)",DAIRY PRODUCTS AND ALTERNATIVES,,25,accepted,1.100,168809,"Ice creams, chocolate",Sweets,28.20,25.36,1.20,1.64,estimated,0.8993,0.0426,0.0582
921,"Ice cream, low-fat, Coconut flavor (ProYo, USA)",DAIRY PRODUCTS AND ALTERNATIVES,,39,none,,,,,,,,,,,,
922,"Ice cream, low-fat, Dutch Chocolate flavor (ProYo, USA)",DAIRY PRODUCTS AND ALTERNATIVES,,34,accepted,1.100,168809,"Ice creams, chocolate",Sweets,28.20,25.36,1.20,1.64,estimated,0.8993,0.0426,0.0582
923,"Ice cream, low-fat, Mint Chip flavor (ProYo, USA)",DAIRY PRODUCTS AND ALTERNATIVES,,34,none,,,,,,,,,,,,
924,"Ice cream, low-fat, Mocha flavor (ProYo, USA)",DAIRY PRODUCTS AND ALTERNATIVES,,37,none,,,,,,,,,,,,
925,"Ice cream, low-fat, Vanilla Bean flavor (ProYo, USA)",DAIRY PRODUCTS AND ALTERNATIVES,,39,accepted,1.100,167575,"Ice creams, vanilla",Sweets,23.60,21.22,0.70,1.68,estimated,0.8992,0.0297,0.0712
926,"Ice cream, premium, Ultra chocolate, 15% fat (Sara Lee, Gosford, NSW, Australia)",DAIRY PRODUCTS AND ALTERNATIVES,,37,accepted,1.100,168809,"Ice creams, chocolate",Sweets,28.20,25.36,1.20,1.64,estimated,0.8993,0.0426,0.0582
927,"Ice cream, premium, French vanilla, 16% fat (Sara Lee, Australia)",DAIRY PRODUCTS AND ALTERNATIVES,,38,accepted,1.100,167575,"Ice creams, vanilla",Sweets,23.60,21.22,0.70,1.68,estimated,0.8992,0.0297,0.0712
928,"Ice-cream, , low-fat chocolate flavored Chocollo™, eaten with a plain cone (Wendy's Supa Sundaes Pty Ltd, Australia)",DAIRY PRODUCTS AND ALTERNATIVES,,44,accepted,1.100,168809,"Ice creams, chocolate",Sweets,28.20,25.36,1.20,1.64,estimated,0.8993,0.0426,0.0582
929,"Ice-cream, low-fat chocolate flavored, Chocollo™, eaten with a waffle cone (Wendy's Supa Sundaes Pty Ltd, Australia)",DAIRY PRODUCTS AND ALTERNATIVES,,55,accepted,1.100,168809,"Ice creams, chocolate",Sweets,28.20,25.36,1.20,1.64,estimated,0.8993,0.0426,0.0582
930,"Gelati, sucrose-free frozen dessert, chocolate flavor (Alba Foods, Newtown, Australia)",DAIRY PRODUCTS AND ALTERNATIVES,,37,none,,,,,,,,,,,,
931,"Gelati, sucrose-free frozen dessert, vanilla flavor (Alba Foods, Newtown, Australia)",DAIRY PRODUCTS AND ALTERNATIVES,,39,none,,,,,,,,,,,,
932,"Ice fruit confection, Frosty Fruits® Orange Mango Splits (Nestlé Peter's, Australia)",DAIRY PRODUCTS AND ALTERNATIVES,,59,none,,,,,,,,,,,,
933,"Kefir, low-fat, plain (Lifeway Foods, Chicago, USA)",DAIRY PRODUCTS AND ALTERNATIVES,,36,none,,,,,,,,,,,,
934,"Kefir, low-fat strawberry (Lifeway Foods, Chicago, USA)",DAIRY PRODUCTS AND ALTERNATIVES,,60,none,,,,,,,,,,,,
935,"Kefir, orange flavor (Lifeway Foods, Chicago, USA)",DAIRY PRODUCTS AND ALTERNATIVES,,48,none,,,,,,,,,,,,
936,"Milk, condensed, sweetened (Nestlé, Australia)",DAIRY PRODUCTS AND ALTERNATIVES,,61,accepted,1.000,171275,"Milk, canned, condensed, sweetened",Dairy and Egg Products,54.40,54.40,0.00,0.00,estimated,1.0000,0.0000,0.0000
937,"Full-fat, milk",DAIRY PRODUCTS AND ALTERNATIVES,,30,none,,,,,,,,,,,,
938,"Full-fat, pasteurized, fresh, organic milk (Arla, UK)",DAIRY PRODUCTS AND ALTERNATIVES,,34,none,,,,,,,,,,,,
939,"Full-fat, standardized, homogenized, pasteurized, British (Dairy Crest, UK)",DAIRY PRODUCTS AND ALTERNATIVES,,46,none,,,,,,,,,,,,
940,"Banana, honey and malt flavored milk",DAIRY PRODUCTS AND ALTERNATIVES,,31,none,,,,,,,,,,,,
941,"Coffee chocolate flavored milk, Masters® mocha (National Foods Ltd, Australia)",DAIRY PRODUCTS AND ALTERNATIVES,,32,none,,,,,,,,,,,,
942,"Milk, reduced fat (Dairy Farmers Ltd, Australia)",DAIRY PRODUCTS AND ALTERNATIVES,,26,none,,,,,,,,,,,,
943,"Milk, semi-skimmed, pasteurized, organic (Arla, UK)",DAIRY PRODUCTS AND ALTERNATIVES,,34,none,,,,,,,,,,,,
944,"Pura™ HiLo milk (National Foods Ltd, Australia)",DAIRY PRODUCTS AND ALTERNATIVES,,20,none,,,,,,,,,,,,
945,"Pura™ Skimmer milk (National Foods Ltd, Australia)",DAIRY PRODUCTS AND ALTERNATIVES,,20,none,,,,,,,,,,,,
946,"Pura™ Light Start milk (National Foods Ltd, Australia)",DAIRY PRODUCTS AND ALTERNATIVES,,30,none,,,,,,,,,,,,
947,"Pura™ Tone milk (National Foods Ltd, Australia)",DAIRY PRODUCTS AND ALTERNATIVES,,30,none,,,,,,,,,,,,
948,"Flavored milk, chocolate or strawberry, Big M™ (National Foods Ltd, Australia)",DAIRY PRODUCTS AND ALTERNATIVES,,37,none,,,,,,,,,,,,
949,"Flavored milk, chocolate or mocha, Masters® Light, 99% fat free (National Foods Ltd, Australia)",DAIRY PRODUCTS AND ALTERNATIVES,,27,none,,,,,,,,,,,,
950,"Flavored milk, chocolate or strawberry, Masters® , reduced fat, (National Foods Ltd, Australia)",DAIRY PRODUCTS AND ALTERNATIVES,,35,none,,,,,,,,,,,,
951,"® Flavored milk, Rush Heavenly Vanilla Malt milk",DAIRY PRODUCTS AND ALTERNATIVES,,31,none,,,,,,,,,,,,
952,"® Flavored milk, Rush Intense Coffee milk",DAIRY PRODUCTS AND ALTERNATIVES,,24,none,,,,,,,,,,,,
953,"® Flavored milk, Rush Ultimate Chocolate milk",DAIRY PRODUCTS AND ALTERNATIVES,,26,none,,,,,,,,,,,,
954,"® Flavored milk, Rush Wicked Latte milk",DAIRY PRODUCTS AND ALTERNATIVES,,26,none,,,,,,,,,,,,
955,"Milkshake, made from Chocollo™, low-fat chocolate ice cream, skim milk and malted milk powder (Wendy's Supa Sundaes Pty Ltd, Australia)",DAIRY PRODUCTS AND ALTERNATIVES,,21,none,,,,,,,,,,,,
956,"Nestlé Milo Combo mousse (Nestlé, Australia)",DAIRY PRODUCTS AND ALTERNATIVES,,42,none,,,,,,,,,,,,
957,"Nestlé Milo flavored mousse (Nestlé, Australia)",DAIRY PRODUCTS AND ALTERNATIVES,,46,none,,,,,,,,,,,,
958,"Butterscotch, 1.9% fat (Nestlé, Australia), prepared from commercial mousse mix with water",DAIRY PRODUCTS AND ALTERNATIVES,,36,none,,,,,,,,,,,,
959,"Chocolate, 2% fat (Nestlé, Australia), prepared from commercial mousse mix with water",DAIRY PRODUCTS AND ALTERNATIVES,,31,none,,,,,,,,,,,,
960,"Citrus (Nestlé, Australia), prepared from commercial mousse mix with water",DAIRY PRODUCTS AND ALTERNATIVES,,47,none,,,,,,,,,,,,
961,"Hazelnut, 2.4% fat (Nestlé, Australia), prepared from commercial mousse mix with water",DAIRY PRODUCTS AND ALTERNATIVES,,36,none,,,,,,,,,,,,
962,"Mango, 1.8% fat (Nestlé, Australia), prepared from commercial mousse mix with water",DAIRY PRODUCTS AND ALTERNATIVES,,33,none,,,,,,,,,,,,
963,"Mixed berry, 2.2% fat (Nestlé, Australia), prepared from commercial mousse mix with water",DAIRY PRODUCTS AND ALTERNATIVES,,36,none,,,,,,,,,,,,
964,"Strawberry, 2.3% fat (Nestlé, Australia), prepared from commercial mousse mix with water",DAIRY PRODUCTS AND ALTERNATIVES,,32,none,,,,,,,,,,,,
965,"Flavored milk pudding, chocolate (Danette al cioccolato, Danone, Italy)",DAIRY PRODUCTS AND ALTERNATIVES,,51,review,0.717,168780,"Puddings, chocolate, dry mix, regular, prepared with 2% milk",Sweets,19.76,11.85,0.80,7.11,estimated,0.5997,0.0405,0.3598
966,"Flavored milk pudding, chocolate, made from powder and whole milk, instant (White Wings, Australia)",DAIRY PRODUCTS AND ALTERNATIVES,instant,47,review,0.867,168780,"Puddings, chocolate, dry mix, regular, prepared with 2% milk",Sweets,19.76,11.85,0.80,7.11,estimated,0.5997,0.0405,0.3598
967,"Flavored milk pudding, vanilla, made from powder and whole milk, instant (White Wings, Australia)",DAIRY PRODUCTS AND ALTERNATIVES,instant,40,review,0.867,168785,"Puddings, vanilla, dry mix, instant, prepared with whole milk",Sweets,19.70,18.03,0.00,1.67,estimated,0.9152,0.0000,0.0848
968,"Milk rice pudding, Yoplait Le Rice® , Apple & Cinnamon flavor (National Foods Ltd, Australia)",DAIRY PRODUCTS AND ALTERNATIVES,,52,none,,,,,,,,,,,,
969,"Milk rice pudding, Yoplait Le Rice® , Apricot & Almond Muesli flavor (National Foods Ltd, Australia)",DAIRY PRODUCTS AND ALTERNATIVES,,45,none,,,,,,,,,,,,
970,"Milk rice pudding, Yoplait Le Rice® , Caramel flavor (National Foods Ltd, Australia)",DAIRY PRODUCTS AND ALTERNATIVES,,41,none,,,,,,,,,,,,
971,"Milk rice pudding, Yoplait Le Rice®, Forest Berries flavor (National Foods Ltd, Australia)",DAIRY PRODUCTS AND ALTERNATIVES,,45,none,,,,,,,,,,,,
972,"Milk rice pudding, Yoplait Le Rice® , Lemon Meringue flavor (National Foods Ltd, Australia)",DAIRY PRODUCTS AND ALTERNATIVES,,54,none,,,,,,,,,,,,
973,"Milk rice pudding, Yoplait Le Rice® , Mocha flavor (National Foods Ltd, Australia)",DAIRY PRODUCTS AND ALTERNATIVES,,46,none,,,,,,,,,,,,
974,"Milk rice pudding, Yoplait Le Rice® , Raspberry & Apple flavor (National Foods Ltd)",DAIRY PRODUCTS AND ALTERNATIVES,,52,none,,,,,,,,,,,,
975,"Milk rice pudding, Yoplait Le Rice® , Strawberry flavor (National Foods Ltd)",DAIRY PRODUCTS AND ALTERNATIVES,,54,none,,,,,,,,,,,,
976,"Milk rice pudding, Yoplait Le Rice® , Tropical Mango flavor (National Foods Ltd)",DAIRY PRODUCTS AND ALTERNATIVES,,54,none,,,,,,,,,,,,
977,"Milk rice pudding, Yoplait Le Rice® , Vanilla flavor (National Foods Ltd)",DAIRY PRODUCTS AND ALTERNATIVES,,43,none,,,,,,,,,,,,
978,"Yoghurt, black cherry (Finest, UK)",DAIRY PRODUCTS AND ALTERNATIVES,,17,none,,,,,,,,,,,,
979,"Yoghurt, black cherry (Healthy Living Light, UK)",DAIRY PRODUCTS AND ALTERNATIVES,,67,none,,,,,,,,,,,,
980,"Yoghurt, bourbon vanilla (Finest, UK)",DAIRY PRODUCTS AND ALTERNATIVES,,64,none,,,,,,,,,,,,
981,"Yoghurt, Devonshire fudge (Finest, UK)",DAIRY PRODUCTS AND ALTERNATIVES,,37,none,,,,,,,,,,,,
982,"Yoghurt, Greek style, honey topped (UK)",DAIRY PRODUCTS AND ALTERNATIVES,,36,none,,,,,,,,,,,,
983,"Yoghurt, Jalna Premium Creamy Vanilla (Jalna Dairy Foods, Australia)",DAIRY PRODUCTS AND ALTERNATIVES,,18,none,,,,,,,,,,,,
984,"Yoghurt, lemon curd (Finest, UK)",DAIRY PRODUCTS AND ALTERNATIVES,,67,none,,,,,,,,,,,,
985,"Yoghurt, peach & apricot (Healthy Living Light, UK)",DAIRY PRODUCTS AND ALTERNATIVES,,28,none,,,,,,,,,,,,
986,"Yoghurt, raspberry (Healthy Living Light, UK)",DAIRY PRODUCTS AND ALTERNATIVES,,43,none,,,,,,,,,,,,
987,"Yoghurt, red fruit: Morello cherry (Healthy Living Light, UK)",DAIRY PRODUCTS AND ALTERNATIVES,,35,review,0.767,169898,"Yogurt, fruit variety, nonfat",Dairy and Egg Products,19.00,19.00,0.00,0.00,estimated,1.0000,0.0000,0.0000
988,"Yoghurt, red fruit: raspberry and black cherry (Healthy Living Light, UK)",DAIRY PRODUCTS AND ALTERNATIVES,,37,review,0.767,169898,"Yogurt, fruit variety, nonfat",Dairy and Egg Products,19.00,19.00,0.00,0.00,estimated,1.0000,0.0000,0.0000
989,"Yoghurt, Scottish raspberry (Finest, UK)",DAIRY PRODUCTS AND ALTERNATIVES,,32,none,,,,,,,,,,,,
990,"Yoghurt, strawberry (Healthy Living Light, UK)",DAIRY PRODUCTS AND ALTERNATIVES,,30,none,,,,,,,,,,,,
991,"Yoghurt, strawberry (Astro yoghurt, Canada)",DAIRY PRODUCTS AND ALTERNATIVES,,44,none,,,,,,,,,,,,
992,"Yoghurt, strawberry and cream (Finest, UK)",DAIRY PRODUCTS AND ALTERNATIVES,,41,none,,,,,,,,,,,,
993,"Yoghurt, summer fruit: apricot (Healthy Living Light, UK)",DAIRY PRODUCTS AND ALTERNATIVES,,11,review,0.767,169898,"Yogurt, fruit variety, nonfat",Dairy and Egg Products,19.00,19.00,0.00,0.00,estimated,1.0000,0.0000,0.0000
994,"Yoghurt, summer fruit: peach and vanilla (Healthy Living Light, UK)",DAIRY PRODUCTS AND ALTERNATIVES,,26,review,0.767,169898,"Yogurt, fruit variety, nonfat",Dairy and Egg Products,19.00,19.00,0.00,0.00,estimated,1.0000,0.0000,0.0000
995,"Yoghurt, summer fruit: raspberry (Healthy Living Light, UK)",DAIRY PRODUCTS AND ALTERNATIVES,,28,review,0.767,169898,"Yogurt, fruit variety, nonfat",Dairy and Egg Products,19.00,19.00,0.00,0.00,estimated,1.0000,0.0000,0.0000
996,"Yoghurt, summer fruit: strawberry (Healthy Living Light, UK)",DAIRY PRODUCTS AND ALTERNATIVES,,36,review,0.767,169898,"Yogurt, fruit variety, nonfat",Dairy and Egg Products,19.00,19.00,0.00,0.00,estimated,1.0000,0.0000,0.0000
997,"Yoghurt, tropical fruit: guava and passionfruit (Healthy Living Light, UK)",DAIRY PRODUCTS AND ALTERNATIVES,,24,review,0.767,169898,"Yogurt, fruit variety, nonfat",Dairy and Egg Products,19.00,19.00,0.00,0.00,estimated,1.0000,0.0000,0.0000
998,"Yoghurt, tropical fruit: mango (Healthy Living Light, UK)",DAIRY PRODUCTS AND ALTERNATIVES,,32,review,0.767,169898,"Yogurt, fruit variety, nonfat",Dairy and Egg Products,19.00,19.00,0.00,0.00,estimated,1.0000,0.0000,0.0000
999,"Yoghurt, tropical fruit: peach and apricot (Healthy Living Light, UK)",DAIRY PRODUCTS AND ALTERNATIVES,,27,review,0.767,169898,"Yogurt, fruit variety, nonfat",Dairy and Egg Products,19.00,19.00,0.00,0.00,estimated,1.0000,0.0000,0.0000
1000,"Yoghurt, tropical pineapple (Healthy Living Light, UK)",DAIRY PRODUCTS AND ALTERNATIVES,,38,none,,,,,,,,,,,,
1001,"Yoghurt, Valencia orange (Finest, UK)",DAIRY PRODUCTS AND ALTERNATIVES,,34,none,,,,,,,,,,,,
1002,"Yoghurt, Yitangping (Beijing Sanyuan Foods, Beijing, China)",DAIRY PRODUCTS AND ALTERNATIVES,,21,none,,,,,,,,,,,,
1003,"Moch accino frozen yoghurt, President's Choice® Blue Menu™ brand (Loblaw Brands Limited, Canada)",DAIRY PRODUCTS AND ALTERNATIVES,,51,none,,,,,,,,,,,,
1004,"Strawberry Banana frozen yoghurt, President's Choice® Blue Menu™ brand (Loblaw Brands Limited, Canada)",DAIRY PRODUCTS AND ALTERNATIVES,,55,none,,,,,,,,,,,,
1005,"Vanilla frozen yoghurt, President's Choice® Blue Menu™ brand (Loblaw Brands Limited, Canada)",DAIRY PRODUCTS AND ALTERNATIVES,,46,none,,,,,,,,,,,,
1006,"Diet Passionfruit yoghurt, Dairy Dream (Aldi, Australia)",DAIRY PRODUCTS AND ALTERNATIVES,,21,none,,,,,,,,,,,,
1007,"Diet Raspberry yoghurt, Dairy Dream (Aldi, Australia)",DAIRY PRODUCTS AND ALTERNATIVES,,21,none,,,,,,,,,,,,
1008,"Diet yoghurt, Vaalia™, exotic fruits (Pauls Ltd., Australia), sweetened with acesulfame K and Splenda",DAIRY PRODUCTS AND ALTERNATIVES,,23,none,,,,,,,,,,,,
1009,"Diet yoghurt, Vaalia™, mango (Pauls Ltd., Australia), sweetened with acesulfame K and Splenda",DAIRY PRODUCTS AND ALTERNATIVES,,23,none,,,,,,,,,,,,
1010,"Diet yoghurt, Vaalia™, mixed berry (Pauls Ltd., Australia), sweetened with acesulfame K and Splenda",DAIRY PRODUCTS AND ALTERNATIVES,,25,none,,,,,,,,,,,,
1011,"Diet yoghurt, Vaalia™, strawberry (Pauls Ltd., Australia), sweetened with acesulfame K and Splenda",DAIRY PRODUCTS AND ALTERNATIVES,,23,none,,,,,,,,,,,,
1012,"Diet yoghurt, Vaalia™, vanilla (Pauls Ltd, Australia) sweetened with acesulfame K and Splenda",DAIRY PRODUCTS AND ALTERNATIVES,,23,none,,,,,,,,,,,,
1013,"Low-fat, sugar sweetened, strawberry classic, Yoplait™ Lite (National Foods Ltd, Australia)",DAIRY PRODUCTS AND ALTERNATIVES,,33,none,,,,,,,,,,,,
1014,"Low-fat (0.9%), fruit, wild strawberry, Ski d'lite™ (Dairy Farmers Ltd, Australia)",DAIRY PRODUCTS AND ALTERNATIVES,,31,review,0.767,170889,"Yogurt, fruit, low fat,9 g protein/8 oz",Dairy and Egg Products,18.64,18.64,0.00,0.00,estimated,1.0000,0.0000,0.0000
1015,"Low-fat, Nestlé Diet, Blueberry (Nestlé, Australia)",DAIRY PRODUCTS AND ALTERNATIVES,,32,none,,,,,,,,,,,,
1016,"Low-fat, Nestlé Diet, Mixed Berry (Nestlé, Australia)",DAIRY PRODUCTS AND ALTERNATIVES,,28,none,,,,,,,,,,,,
1017,"Low-fat, Nestlé Diet, Peaches & Cream (Nestlé, Australia)",DAIRY PRODUCTS AND ALTERNATIVES,,28,none,,,,,,,,,,,,
1018,"Low-fat, apricot",DAIRY PRODUCTS AND ALTERNATIVES,,42,none,,,,,,,,,,,,
1019,"Low-fat, black cherry",DAIRY PRODUCTS AND ALTERNATIVES,,41,none,,,,,,,,,,,,
1020,"Low-fat, hazelnut",DAIRY PRODUCTS AND ALTERNATIVES,,53,none,,,,,,,,,,,,
1021,"Low-fat, peach melba (Value, UK)",DAIRY PRODUCTS AND ALTERNATIVES,,56,none,,,,,,,,,,,,
1022,"Low-fat, raspberry",DAIRY PRODUCTS AND ALTERNATIVES,,34,none,,,,,,,,,,,,
1023,"Low-fat, strawberry",DAIRY PRODUCTS AND ALTERNATIVES,,61,none,,,,,,,,,,,,
1024,"Low-fat, sugar sweetened, Heavenly Honey flavor, Vaalia (Pauls Ltd)",DAIRY PRODUCTS AND ALTERNATIVES,,32,none,,,,,,,,,,,,
1025,"Low-fat, sugar sweetened, Lemon Crème flavor, Vaalia (Pauls Ltd)",DAIRY PRODUCTS AND ALTERNATIVES,,43,none,,,,,,,,,,,,
1026,"Low-fat, sugar sweetened, Luscious Berries flavor, Vaalia (Pauls Ltd)",DAIRY PRODUCTS AND ALTERNATIVES,,29,none,,,,,,,,,,,,
1027,"Low-fat, sugar sweetened, Passionfruit flavor, Vaalia (Pauls Ltd)",DAIRY PRODUCTS AND ALTERNATIVES,,32,none,,,,,,,,,,,,
1028,"Low-fat, sugar sweetened, Strawberry flavor, Vaalia (Pauls Ltd)",DAIRY PRODUCTS AND ALTERNATIVES,,28,none,,,,,,,,,,,,
1029,"No Added Sugar Passionfruit yoghurt, Tamar Valley (Aldi, Australia)",DAIRY PRODUCTS AND ALTERNATIVES,,21,none,,,,,,,,,,,,
1030,"No Added Sugar Raspberry yoghurt, Tamar Valley (Aldi, Australia)",DAIRY PRODUCTS AND ALTERNATIVES,,21,none,,,,,,,,,,,,
1031,"Reduced-fat, Vaalia™, apricot & mango (Pauls Ltd., Australia)",DAIRY PRODUCTS AND ALTERNATIVES,,26,none,,,,,,,,,,,,
1032,"Reduced-fat, Vaalia™, French vanilla (Pauls Ltd., Australia)",DAIRY PRODUCTS AND ALTERNATIVES,,26,none,,,,,,,,,,,,
1033,"Reduced-fat, Extra-Lite™, strawberry (Pauls Ltd., Australia)",DAIRY PRODUCTS AND ALTERNATIVES,,28,none,,,,,,,,,,,,
1034,"Reduced-fat, strawberry",DAIRY PRODUCTS AND ALTERNATIVES,,43,none,,,,,,,,,,,,
1035,"Reduced-fat, Yoplait™ Lite, berry fruit flavors (National Foods Ltd, Australia)",DAIRY PRODUCTS AND ALTERNATIVES,,25,none,,,,,,,,,,,,
1036,"Reduced-fat, Yoplait™ Lite, tropical fruit flavors (National Foods Ltd, Australia)",DAIRY PRODUCTS AND ALTERNATIVES,,37,none,,,,,,,,,,,,
1037,"Reduced-fat, Yoplait™ Lite, various flavors (National Foods Ltd, Australia)",DAIRY PRODUCTS AND ALTERNATIVES,,27,none,,,,,,,,,,,,
1038,"Reduced-fat, Yoplait™ Lite, Fruit Salad flavor (National Foods Ltd, Australia)",DAIRY PRODUCTS AND ALTERNATIVES,,32,none,,,,,,,,,,,,
1039,"Non-fat, Honey flavor, sugar sweetened, Ski™ (Dairy Farmers Ltd, Australia),",DAIRY PRODUCTS AND ALTERNATIVES,,40,none,,,,,,,,,,,,
1040,"Non-fat, Vanilla flavor, sugar sweetened, Ski™, (Dairy Farmers Ltd, Australia),",DAIRY PRODUCTS AND ALTERNATIVES,,40,accepted,1.100,170906,"Yogurt, vanilla, non-fat",Dairy and Egg Products,17.04,5.88,0.00,11.16,estimated,0.3451,0.0000,0.6549
1041,"No Fat berry fruit flavors, artificially sweetened yoghurts, Yoplait™ (National Foods Ltd, Australia)",DAIRY PRODUCTS AND ALTERNATIVES,,16,none,,,,,,,,,,,,
1042,"No Fat Strawberry Classic flavor, artificially sweetened yoghurts, Yoplait™(National Foods Ltd, Australia)",DAIRY PRODUCTS AND ALTERNATIVES,,19,none,,,,,,,,,,,,
1043,"No Fat tropical fruit flavors, artificially sweetened yoghurts, Yoplait™(National Foods Ltd, Australia)",DAIRY PRODUCTS AND ALTERNATIVES,,20,none,,,,,,,,,,,,
1044,"No Fat yoghurt, various flavors, artificially sweetened yoghurts, Yoplait™(National Foods Ltd, Australia)",DAIRY PRODUCTS AND ALTERNATIVES,,18,none,,,,,,,,,,,,
1045,"Fat-free, Passionfruit yoghurt (Jalna Dairy Foods, Australia)",DAIRY PRODUCTS AND ALTERNATIVES,,27,none,,,,,,,,,,,,
1046,"No Added Sugar Natural yoghurt (Tamar Valley Dairy, Australia)",DAIRY PRODUCTS AND ALTERNATIVES,,17,none,,,,,,,,,,,,
1047,"Yoghurt, low fat, natural",DAIRY PRODUCTS AND ALTERNATIVES,,35,none,,,,,,,,,,,,
1048,"Yoghurt, probiotic, prune",DAIRY PRODUCTS AND ALTERNATIVES,,44,none,,,,,,,,,,,,
1049,"Yoghurt, probiotic, raspberry",DAIRY PRODUCTS AND ALTERNATIVES,,45,none,,,,,,,,,,,,
1050,"Probiotic drink, cranberry",DAIRY PRODUCTS AND ALTERNATIVES,,56,none,,,,,,,,,,,,
1051,"Probiotic drink, orange",DAIRY PRODUCTS AND ALTERNATIVES,,30,none,,,,,,,,,,,,
1052,"Probiotic drink, original",DAIRY PRODUCTS AND ALTERNATIVES,,34,none,,,,,,,,,,,,
1053,"Cultured Multivitamin Milk Fruit Drink, Vitalise (Jalna Dairy Foods, Australia)",DAIRY PRODUCTS AND ALTERNATIVES,,24,none,,,,,,,,,,,,
1054,"Yoghurt drink, Wildberry Yoghurt on the Go (Jalna Dairy Foods, Australia)",DAIRY PRODUCTS AND ALTERNATIVES,,19,none,,,,,,,,,,,,
1055,"Yoghurt drink, reduced-fat, Vaalia™, tropical passionfruit (Pauls Ltd., Australia)",DAIRY PRODUCTS AND ALTERNATIVES,,38,none,,,,,,,,,,,,
1056,Control dairy beverage,DAIRY PRODUCTS AND ALTERNATIVES,,70,none,,,,,,,,,,,,
1057,Dairy beverage with soy-soluble polysaccharides (2.5 g fiber),DAIRY PRODUCTS AND ALTERNATIVES,,65,none,,,,,,,,,,,,
1058,Dairy beverage with flaxseed gum (2.5 g fiber),DAIRY PRODUCTS AND ALTERNATIVES,,54,none,,,,,,,,,,,,
1059,Control dairy pudding (0.25 g fiber),DAIRY PRODUCTS AND ALTERNATIVES,,63,none,,,,,,,,,,,,
1060,Dairy pudding with soy-soluble polysaccharides (2.5 g fiber),DAIRY PRODUCTS AND ALTERNATIVES,,61,none,,,,,,,,,,,,
1061,Dairy pudding with flaxseed gum (2.5 g fiber),DAIRY PRODUCTS AND ALTERNATIVES,,57,none,,,,,,,,,,,,
1062,"Soy milk beverage, Original flavored, President's Choice® Blue Menu™ (Loblaw Brands Limited, Canada)",DAIRY PRODUCTS AND ALTERNATIVES,,15,none,,,,,,,,,,,,
1063,"Soy milk, full-fat, with sucrose (Sanitarium, Australia)",DAIRY PRODUCTS AND ALTERNATIVES,,31,none,,,,,,,,,,,,
1064,"Soy milk, full-fat (3%), Original, 0 mg calcium, with maltodextrin (So Natural Foods, Australia)",DAIRY PRODUCTS AND ALTERNATIVES,,44,none,,,,,,,,,,,,
1065,"Soy milk, full-fat (3%), Calciforte, 120 mg calcium, with maltodextrin (So Natural Foods, Australia)",DAIRY PRODUCTS AND ALTERNATIVES,,36,none,,,,,,,,,,,,
1066,"Soy milk, full-fat (3%), 120 mg calcium, Calciforte (So Natural Foods, Australia)",DAIRY PRODUCTS AND ALTERNATIVES,,41,none,,,,,,,,,,,,
1067,"Soy milk, Vitasoy® Organic (National Foods Ltd, Australia)",DAIRY PRODUCTS AND ALTERNATIVES,,43,none,,,,,,,,,,,,
1068,"Soy milk, Vitasoy® So Milky Regular (National Foods Ltd, Australia)",DAIRY PRODUCTS AND ALTERNATIVES,,21,none,,,,,,,,,,,,
1069,"Soy milk, low-fat (0.7%), Vitasoy® Light Original (National Foods Ltd, Australia)",DAIRY PRODUCTS AND ALTERNATIVES,,45,none,,,,,,,,,,,,
1070,"Soy milk, reduced-fat (1.5%), Vitasoy® So Milky Lite (National Foods Ltd, Australia)",DAIRY PRODUCTS AND ALTERNATIVES,,17,none,,,,,,,,,,,,
1071,"Soy milk, reduced-fat (1.5%), 120 mg calcium, Light, containing maltodextrin (So Natural Foods, Australia)",DAIRY PRODUCTS AND ALTERNATIVES,,44,none,,,,,,,,,,,,
1072,"Soy milk, reduced-fat (1.8%), 120 mg calcium, Vitasoy® Premium Vitality+ (National Foods Ltd, Australia)",DAIRY PRODUCTS AND ALTERNATIVES,,18,none,,,,,,,,,,,,
1073,"Soy Beverage, Chocolate flavored, President's Choice® Blue Menu™(Loblaw Brands Limited, Canada)",DAIRY PRODUCTS AND ALTERNATIVES,,40,review,0.814,171873,"Beverages, chocolate drink, milk and soy based, ready to drink, fortified",Beverages,17.30,8.44,1.30,7.56,estimated,0.4879,0.0751,0.4370
1074,"Soy Beverage, Vanilla flavored, President's Choice® Blue Menu™ (Loblaw Brands Limited, Canada)",DAIRY PRODUCTS AND ALTERNATIVES,,28,none,,,,,,,,,,,,
1075,"Soy milk, reduced-fat (1.5%), Vitasoy® Lush, Chocolate (National Foods Ltd, Australia)",DAIRY PRODUCTS AND ALTERNATIVES,,31,none,,,,,,,,,,,,
1076,"Soy milk, reduced-fat (1.5%), Vitasoy® Lush, Vanilla (National Foods Ltd, Australia)",DAIRY PRODUCTS AND ALTERNATIVES,,31,none,,,,,,,,,,,,
1077,"Soy yoghurt, peach and mango, 2% fat, sugar (So Natural Foods, Australia)",DAIRY PRODUCTS AND ALTERNATIVES,,50,none,,,,,,,,,,,,
1078,"Apples, raw",FRUIT AND FRUIT PRODUCTS,raw,44,accepted,1.150,171688,"Apples, raw, with skin (Includes foods for USDA's Food Distribution Program)",Fruits and Fruit Juices,13.81,10.39,2.40,0.05,measured,0.7524,0.1738,0.0036
1079,"Apples, canned in juice",FRUIT AND FRUIT PRODUCTS,canned,42,none,,,,,,,,,,,,
1080,"Sliced Apples, canned, solid packed without juice (Langeberg and Ashton Foods Pty Ltd, South Africa)",FRUIT AND FRUIT PRODUCTS,canned,42,none,,,,,,,,,,,,
1081,"Apple, dried",FRUIT AND FRUIT PRODUCTS,dried,29,none,,,,,,,,,,,,
1082,"Apples, dried (Malus pumila Mill.)",FRUIT AND FRUIT PRODUCTS,dried,43,none,,,,,,,,,,,,
1083,"Apricots, raw, NS",FRUIT AND FRUIT PRODUCTS,raw,34,accepted,1.150,171697,"Apricots, raw",Fruits and Fruit Juices,11.12,9.24,2.00,0.00,estimated,0.8309,0.1799,0.0000
1084,"Apricots, raw, NS",FRUIT AND FRUIT PRODUCTS,raw,42,accepted,1.150,171697,"Apricots, raw",Fruits and Fruit Juices,11.12,9.24,2.00,0.00,estimated,0.8309,0.1799,0.0000
1085,"Apricot Halves canned in fruit juice (Langeberg and Ashton Foods Pty Ltd, South Africa)",FRUIT AND FRUIT PRODUCTS,canned,51,none,,,,,,,,,,,,
1086,"Apricots, dried, ready to eat, bite size",FRUIT AND FRUIT PRODUCTS,dried,32,none,,,,,,,,,,,,
1087,"Apricots, dried (Armeniaca vulgaris Lam.)",FRUIT AND FRUIT PRODUCTS,dried,56,none,,,,,,,,,,,,
1088,"Banana, raw",FRUIT AND FRUIT PRODUCTS,raw,47,accepted,1.150,173944,"Bananas, raw",Fruits and Fruit Juices,22.84,12.23,2.60,5.38,measured,0.5355,0.1138,0.2356
1089,"Banana, lady finger (Moraitis, Australia)",FRUIT AND FRUIT PRODUCTS,raw,49,accepted,1.150,173944,"Bananas, raw",Fruits and Fruit Juices,22.84,12.23,2.60,5.38,measured,0.5355,0.1138,0.2356
1090,"Banana, lady finger (Moraitis, Australia)",FRUIT AND FRUIT PRODUCTS,raw,53,accepted,1.150,173944,"Bananas, raw",Fruits and Fruit Juices,22.84,12.23,2.60,5.38,measured,0.5355,0.1138,0.2356
1091,"Banana, raw, overripe",FRUIT AND FRUIT PRODUCTS,raw,57,accepted,1.150,173944,"Bananas, raw",Fruits and Fruit Juices,22.84,12.23,2.60,5.38,measured,0.5355,0.1138,0.2356
1092,"Blueberries, wild (Wild Blueberries Association, Canada)",FRUIT AND FRUIT PRODUCTS,,53,accepted,1.130,171711,"Blueberries, raw",Fruits and Fruit Juices,14.49,9.96,2.40,0.03,measured,0.6874,0.1656,0.0021
1093,"Breadfruit, peeled, boiled 10 min",FRUIT AND FRUIT PRODUCTS,boiled,47,none,,,,,,,,,,,,
1094,"Breadfruit, roasted on preheated charcoal",FRUIT AND FRUIT PRODUCTS,roasted,72,none,,,,,,,,,,,,
1095,"Jackfruit365 Green Jackfruit, prepared as a porridge with water",FRUIT AND FRUIT PRODUCTS,,65,none,,,,,,,,,,,,
1096,"Cranberries, sweetened, dried (Ocean Spray, USA)",FRUIT AND FRUIT PRODUCTS,dried,62,accepted,1.150,171723,"Cranberries, dried, sweetened (Includes foods for USDA's Food Distribution Program)",Fruits and Fruit Juices,82.80,72.56,5.30,4.94,estimated,0.8763,0.0640,0.0597
1097,"Cherries, sour, pitted, canned (Always Fresh brand, Australia)",FRUIT AND FRUIT PRODUCTS,canned,41,accepted,1.150,167769,"Cherries, sour, canned, water pack, drained",Fruits and Fruit Juices,10.45,6.99,1.20,2.26,estimated,0.6689,0.1148,0.2163
1098,"Custard apple, raw, flesh only",FRUIT AND FRUIT PRODUCTS,raw,54,none,,,,,,,,,,,,
1099,"Dates, Bo ma'an variety (Al Saad date factory, Al Ain, UAE)",FRUIT AND FRUIT PRODUCTS,,46,none,,,,,,,,,,,,
1100,"Dates, Dabbas variety (Al Saad date factory, Al Ain, UAE)",FRUIT AND FRUIT PRODUCTS,,49,none,,,,,,,,,,,,
1101,"Dates, Deglet noir variety",FRUIT AND FRUIT PRODUCTS,,52,review,0.767,171726,"Dates, deglet noor",Fruits and Fruit Juices,75.03,63.35,8.00,3.68,estimated,0.8443,0.1066,0.0490
1102,"Dates, Fara'd variety (Al Saad date factory, Al Ain, UAE)",FRUIT AND FRUIT PRODUCTS,,54,none,,,,,,,,,,,,
1103,"Dates, H'mira variety",FRUIT AND FRUIT PRODUCTS,,48,none,,,,,,,,,,,,
1104,"Dates, Khalas (Rutab, soft early ripened) variety",FRUIT AND FRUIT PRODUCTS,,47,none,,,,,,,,,,,,
1105,"Dates, Khalas variety (Al Saad date factory, Al Ain, UAE)",FRUIT AND FRUIT PRODUCTS,,55,none,,,,,,,,,,,,
1106,"Dates, Khalas (Phoenix dactylifera L.)",FRUIT AND FRUIT PRODUCTS,,55,none,,,,,,,,,,,,
1107,"Dates, Lulu variety (Al Saad date factory, Al Ain, UAE)",FRUIT AND FRUIT PRODUCTS,,54,none,,,,,,,,,,,,
1108,"Dates, NS",FRUIT AND FRUIT PRODUCTS,,68,none,,,,,,,,,,,,
1109,"Dates, Tinissine variety",FRUIT AND FRUIT PRODUCTS,,44,none,,,,,,,,,,,,
1110,"Dates, Ajwah cultivar, Tamer stage",FRUIT AND FRUIT PRODUCTS,dried,60,none,,,,,,,,,,,,
1111,"Dates, Khalas (Tamer, sun dried stored in traditional Bedu manner) variety",FRUIT AND FRUIT PRODUCTS,dried,45,none,,,,,,,,,,,,
1112,"Dates, Khalas variety, dried and vacuum packed",FRUIT AND FRUIT PRODUCTS,dried,36,none,,,,,,,,,,,,
1113,"Dates, Khudri cultivar, Tamer stage",FRUIT AND FRUIT PRODUCTS,dried,62,none,,,,,,,,,,,,
1114,"Dates, Maktoomi cultivar, Tamer stage",FRUIT AND FRUIT PRODUCTS,dried,71,none,,,,,,,,,,,,
1115,"Dates, Medjool cultivar, Tamer stage",FRUIT AND FRUIT PRODUCTS,dried,55,accepted,1.100,168191,"Dates, medjool",Fruits and Fruit Juices,74.97,66.47,6.70,1.80,estimated,0.8866,0.0894,0.0240
1116,"Dates, Nabtat-ali cultivar, Tamer stage",FRUIT AND FRUIT PRODUCTS,dried,60,none,,,,,,,,,,,,
1117,"Dates, Nabtat-seyf cultivar, Tamer stage",FRUIT AND FRUIT PRODUCTS,dried,54,none,,,,,,,,,,,,
1118,"Dates, Osilah cultivar, Tamer stage",FRUIT AND FRUIT PRODUCTS,dried,57,none,,,,,,,,,,,,
1119,"Dates, Rashodia cultivar, Tamer stage",FRUIT AND FRUIT PRODUCTS,dried,51,none,,,,,,,,,,,,
1120,"Dates, Ruthana cultivar, Tamer stage",FRUIT AND FRUIT PRODUCTS,dried,53,none,,,,,,,,,,,,
1121,"Dates, Sag'ai cultivar, Tamer stage",FRUIT AND FRUIT PRODUCTS,dried,45,none,,,,,,,,,,,,
1122,"Dates, Sayer, dried, Trident™ brand",FRUIT AND FRUIT PRODUCTS,dried,56,none,,,,,,,,,,,,
1123,"Dates, Sellaj cultivar, Tamer stage",FRUIT AND FRUIT PRODUCTS,dried,75,none,,,,,,,,,,,,
1124,"Dates, Shaqra cultivar, Tamer stage",FRUIT AND FRUIT PRODUCTS,dried,43,none,,,,,,,,,,,,
1125,"Dates, Shishi cultivar, Tamer stage",FRUIT AND FRUIT PRODUCTS,dried,50,none,,,,,,,,,,,,
1126,"Dates, Sukkary cultivar, Tamer stage",FRUIT AND FRUIT PRODUCTS,dried,43,none,,,,,,,,,,,,
1127,"Dates, Um-Kabar cultivar, Tamer stage",FRUIT AND FRUIT PRODUCTS,dried,59,none,,,,,,,,,,,,
1128,"Dates, Wannanah cultivar, Tamer stage",FRUIT AND FRUIT PRODUCTS,dried,51,none,,,,,,,,,,,,
1129,"Figs, dried, no added, sugar, organic, Turkish (Woolworths Macro brand, Australia)",FRUIT AND FRUIT PRODUCTS,dried,54,accepted,1.150,174665,"Figs, dried, uncooked",Fruits and Fruit Juices,63.87,47.92,9.80,5.07,measured,0.7503,0.1534,0.0794
1130,"Figs, dried, tenderized, Dessert Maid brand (Ernest Hall & Sons, Sydney, Australia)",FRUIT AND FRUIT PRODUCTS,dried,61,none,,,,,,,,,,,,
1131,"Guava, raw, cut into bite size pieces",FRUIT AND FRUIT PRODUCTS,raw,29,accepted,1.150,173044,"Guavas, common, raw",Fruits and Fruit Juices,14.32,8.92,5.40,0.00,estimated,0.6229,0.3771,0.0000
1132,"Guava, raw, puree",FRUIT AND FRUIT PRODUCTS,raw,47,accepted,1.150,173044,"Guavas, common, raw",Fruits and Fruit Juices,14.32,8.92,5.40,0.00,estimated,0.6229,0.3771,0.0000
1133,"Grapes, Crimson seedless",FRUIT AND FRUIT PRODUCTS,,50,none,,,,,,,,,,,,
1134,"Grapes, green, Menidee, seedless",FRUIT AND FRUIT PRODUCTS,,54,review,0.797,174683,"Grapes, red or green (European type, such as Thompson seedless), raw",Fruits and Fruit Juices,18.10,15.48,0.90,0.00,measured,0.8552,0.0497,0.0000
1135,"Grapes, black, Waltham Cross",FRUIT AND FRUIT PRODUCTS,,59,none,,,,,,,,,,,,
1136,"Grapefruit, ruby red segments, canned in juice (Woolworths Select, Australia)",FRUIT AND FRUIT PRODUCTS,canned,47,review,0.817,173036,"Grapefruit, sections, canned, juice pack, solids and liquids",Fruits and Fruit Juices,9.21,8.80,0.40,0.01,estimated,0.9555,0.0434,0.0011
1137,"Jujubes, dried (Ziziphus jujubu Mill.)",FRUIT AND FRUIT PRODUCTS,dried,55,none,,,,,,,,,,,,
1138,"Lychee, fresh",FRUIT AND FRUIT PRODUCTS,,57,none,,,,,,,,,,,,
1139,"Lychee, canned in syrup and drained, Narcissus brand",FRUIT AND FRUIT PRODUCTS,canned,79,none,,,,,,,,,,,,
1140,Mandarin orange (Citrus reticulata),FRUIT AND FRUIT PRODUCTS,,52,none,,,,,,,,,,,,
1141,"Mandarin segments, canned in juice (Woolworths Select, Australia)",FRUIT AND FRUIT PRODUCTS,canned,47,none,,,,,,,,,,,,
1142,"Mango, raw (Chin-Hwang Mango)",FRUIT AND FRUIT PRODUCTS,raw,48,accepted,1.150,169910,"Mangos, raw",Fruits and Fruit Juices,14.98,13.66,1.60,0.00,estimated,0.9119,0.1068,0.0000
1143,"Mango, low-fat frozen fruit dessert, Frutia™ (Weis Frozen Foods, Toowong, Australia)",FRUIT AND FRUIT PRODUCTS,,42,none,,,,,,,,,,,,
1144,Melon (Cucumis melon),FRUIT AND FRUIT PRODUCTS,,60,none,,,,,,,,,,,,
1145,"Watermelon, raw (Citrullus vulgaris-red variety)",FRUIT AND FRUIT PRODUCTS,raw,55,accepted,1.150,167765,"Watermelon, raw",Fruits and Fruit Juices,7.55,6.20,0.40,0.00,measured,0.8212,0.0530,0.0000
1146,"Watermelon (Citrullus lanatus ), raw, red-fleshed, seeded",FRUIT AND FRUIT PRODUCTS,raw,48,accepted,1.150,167765,"Watermelon, raw",Fruits and Fruit Juices,7.55,6.20,0.40,0.00,measured,0.8212,0.0530,0.0000
1147,"Watermelon (Citrullus lanatus ), raw, red-fleshed, seedless",FRUIT AND FRUIT PRODUCTS,raw,51,accepted,1.150,167765,"Watermelon, raw",Fruits and Fruit Juices,7.55,6.20,0.40,0.00,measured,0.8212,0.0530,0.0000
1148,"Watermelon (Citrullus lanatus ), raw, yellow-fleshed, seedless",FRUIT AND FRUIT PRODUCTS,raw,47,accepted,1.150,167765,"Watermelon, raw",Fruits and Fruit Juices,7.55,6.20,0.40,0.00,measured,0.8212,0.0530,0.0000
1149,"Nectarines, raw",FRUIT AND FRUIT PRODUCTS,raw,43,accepted,1.150,169914,"Nectarines, raw",Fruits and Fruit Juices,10.55,7.89,1.70,0.07,measured,0.7479,0.1611,0.0066
1150,"Oranges, navel",FRUIT AND FRUIT PRODUCTS,,45,accepted,1.130,169917,"Oranges, raw, navels (Includes foods for USDA's Food Distribution Program)",Fruits and Fruit Juices,12.54,8.50,2.20,0.00,measured,0.6778,0.1754,0.0000
1151,"Orange & Grapefruit segments, canned in juice (Woolworths Select, Australia)",FRUIT AND FRUIT PRODUCTS,canned,53,none,,,,,,,,,,,,
1152,"Passionfruit pulp, canned, 55% passionfruit pulp with added sugar",FRUIT AND FRUIT PRODUCTS,canned,46,none,,,,,,,,,,,,
1153,"Papaya/paw paw, raw, cut into bite size pieces",FRUIT AND FRUIT PRODUCTS,raw,38,accepted,1.150,169926,"Papayas, raw",Fruits and Fruit Juices,10.82,7.82,1.70,0.00,measured,0.7227,0.1571,0.0000
1154,"Papaya/paw paw, raw, puree",FRUIT AND FRUIT PRODUCTS,raw,42,accepted,1.150,169926,"Papayas, raw",Fruits and Fruit Juices,10.82,7.82,1.70,0.00,measured,0.7227,0.1571,0.0000
1155,Peach (Prunus persica),FRUIT AND FRUIT PRODUCTS,canned,76,accepted,1.150,169929,"Peaches, canned, water pack, solids and liquids",Fruits and Fruit Juices,6.11,4.81,1.30,0.00,estimated,0.7872,0.2128,0.0000
1156,"Peach, canned in natural juice (SPC Ardmona Ltd, Shepparton, VIC, Australia)",FRUIT AND FRUIT PRODUCTS,canned,46,accepted,1.150,169930,"Peaches, canned, juice pack, solids and liquids",Fruits and Fruit Juices,11.57,10.27,1.30,0.00,estimated,0.8876,0.1124,0.0000
1157,"Peach, canned in heavy syrup (Homebrand, Yennora, NSW, Australia)",FRUIT AND FRUIT PRODUCTS,canned,64,accepted,1.150,168181,"Peaches, canned, heavy syrup, drained",Fruits and Fruit Juices,18.43,14.66,1.20,2.57,estimated,0.7954,0.0651,0.1394
1158,"Peach & Grapes, canned in natural fruit juice (Woolworths Select, Australia)",FRUIT AND FRUIT PRODUCTS,canned,46,none,,,,,,,,,,,,
1159,"Peach & Pineapple, canned in natural fruit juice (Woolworths Select, Australia)",FRUIT AND FRUIT PRODUCTS,canned,45,none,,,,,,,,,,,,
1160,"Pear, Williams, raw, under ripe/crunchy",FRUIT AND FRUIT PRODUCTS,raw,24,accepted,1.150,169118,"Pears, raw",Fruits and Fruit Juices,15.23,9.75,3.10,2.38,estimated,0.6402,0.2035,0.1563
1161,"Pear, Williams, raw, ripe/soft",FRUIT AND FRUIT PRODUCTS,raw,33,accepted,1.150,169118,"Pears, raw",Fruits and Fruit Juices,15.23,9.75,3.10,2.38,estimated,0.6402,0.2035,0.1563
1162,"Pear slices, canned in natural juice (SPC Ltd, Australia)",FRUIT AND FRUIT PRODUCTS,canned,31,none,,,,,,,,,,,,
1163,Persimmon (Diospyros kaki),FRUIT AND FRUIT PRODUCTS,,61,none,,,,,,,,,,,,
1164,"Pineapple, raw (Ananas comosa)",FRUIT AND FRUIT PRODUCTS,raw,82,none,,,,,,,,,,,,
1165,"Pineapple pieces, canned in fruit juice (Woolworths Select, Australia)",FRUIT AND FRUIT PRODUCTS,canned,43,none,,,,,,,,,,,,
1166,"Pineapple pieces, canned in natural fruit juice (Woolworths Select, Australia)",FRUIT AND FRUIT PRODUCTS,canned,55,none,,,,,,,,,,,,
1167,"Pineapple & Papaya pieces, canned in natural juice (Woolworths Select, Australia)",FRUIT AND FRUIT PRODUCTS,canned,53,none,,,,,,,,,,,,
1168,"Prunes, pitted (Sunsweet Growers Inc., Yuba City, USA)",FRUIT AND FRUIT PRODUCTS,,29,none,,,,,,,,,,,,
1169,"Prunes, pitted, Californian (Sunsweet Growers Inc., Yuba City, USA)",FRUIT AND FRUIT PRODUCTS,,40,none,,,,,,,,,,,,
1170,"Raisins (Sun Maid, USA)",FRUIT AND FRUIT PRODUCTS,,49,none,,,,,,,,,,,,
1171,Raisins,FRUIT AND FRUIT PRODUCTS,,55,none,,,,,,,,,,,,
1172,Raisins (Vitis vinifera Linn.),FRUIT AND FRUIT PRODUCTS,,56,none,,,,,,,,,,,,
1173,Raisins,FRUIT AND FRUIT PRODUCTS,,61,none,,,,,,,,,,,,
1174,"Strawberries, fresh, raw",FRUIT AND FRUIT PRODUCTS,raw,40,accepted,1.150,167762,"Strawberries, raw",Fruits and Fruit Juices,7.68,4.89,2.00,0.04,measured,0.6367,0.2604,0.0052
1175,"Sultanas (Value, UK)",FRUIT AND FRUIT PRODUCTS,,56,none,,,,,,,,,,,,
1176,Sultanas,FRUIT AND FRUIT PRODUCTS,,51,none,,,,,,,,,,,,
1177,"Fruit Salad canned in fruit juice, containing peach, pear, apricot, pineapple and cherries (Langeberg and Ashton Foods Pty Ltd, South Africa)",FRUIT AND FRUIT PRODUCTS,canned,54,none,,,,,,,,,,,,
1178,"Mixed fruit, dried (Value, UK)",FRUIT AND FRUIT PRODUCTS,dried,60,none,,,,,,,,,,,,
1179,"Frozen fruit dessert, Vitari, wild berry, non-dairy (Nestlé, Australia)",FRUIT AND FRUIT PRODUCTS,,59,none,,,,,,,,,,,,
1180,"Apple juice, unsweetened, reconstituted (Berrivale Orchards Ltd, Berri, Australia)",FRUIT AND FRUIT PRODUCTS,,39,none,,,,,,,,,,,,
1181,"Apple juice, Granny Smith, unsweetened",FRUIT AND FRUIT PRODUCTS,,44,none,,,,,,,,,,,,
1182,"Apple juice, green apple (100%) (Pfanner, Italy)",FRUIT AND FRUIT PRODUCTS,,67,none,,,,,,,,,,,,
1183,"Apple juice, pure, clear, unsweetened (The Wild About Fruit Company, Wandin, VIC, Australia)",FRUIT AND FRUIT PRODUCTS,,44,none,,,,,,,,,,,,
1184,"Apple juice, pure, cloudy, unsweetened (The Wild About Fruit Company, Australia)",FRUIT AND FRUIT PRODUCTS,,37,none,,,,,,,,,,,,
1185,"Apple and blackcurrant juice, no added sugar (Berri Ltd, Australia)",FRUIT AND FRUIT PRODUCTS,,45,none,,,,,,,,,,,,
1186,"Apple and cherry juice, pure, unsweetened (The Wild About Fruit Company, Australia)",FRUIT AND FRUIT PRODUCTS,,43,none,,,,,,,,,,,,
1187,"Apple and mandarin juice, pure, unsweetened (The Wild About Fruit Company, Australia)",FRUIT AND FRUIT PRODUCTS,,47,none,,,,,,,,,,,,
1188,"Apple and mango juice, pure, unsweetened (The Wild About Fruit Company, Australia)",FRUIT AND FRUIT PRODUCTS,,47,none,,,,,,,,,,,,
1189,"Apple, pineapple and passionfruit juice, unsweetened (The Wild About Fruit Company, Australia)",FRUIT AND FRUIT PRODUCTS,,48,none,,,,,,,,,,,,
1190,"Carrot juice, freshly made",FRUIT AND FRUIT PRODUCTS,,43,accepted,1.000,170491,"Carrot juice, canned",Vegetables and Vegetable Products,9.28,3.91,0.80,4.57,estimated,0.4213,0.0862,0.4925
1191,"Cranberry juice cocktail (Ocean Spray, Melbourne, Australia)",FRUIT AND FRUIT PRODUCTS,,52,review,0.850,171903,"Cranberry juice cocktail, bottled",Beverages,13.52,11.87,0.00,1.65,estimated,0.8780,0.0000,0.1220
1192,"Cranberry juice cocktail (Ocean Spray Inc., Lakeville- Middleboro, MA, USA)",FRUIT AND FRUIT PRODUCTS,,68,review,0.850,171903,"Cranberry juice cocktail, bottled",Beverages,13.52,11.87,0.00,1.65,estimated,0.8780,0.0000,0.1220
1193,"Cranberry juice drink, Ocean Spray® (Gerber Ltd., Bridgewater, Somerset, UK)",FRUIT AND FRUIT PRODUCTS,,56,none,,,,,,,,,,,,
1194,"Grape juice, 100%, Daily C (W eichuan Shanghai, China)",FRUIT AND FRUIT PRODUCTS,,63,none,,,,,,,,,,,,
1195,"Grape Nectar (Chateau Barossa, Lyndoch, SA, Australia)",FRUIT AND FRUIT PRODUCTS,,52,none,,,,,,,,,,,,
1196,Orange juice,FRUIT AND FRUIT PRODUCTS,,41,accepted,1.130,169098,"Orange juice, raw (Includes foods for USDA's Food Distribution Program)",Fruits and Fruit Juices,10.40,8.40,0.20,1.80,estimated,0.8077,0.0192,0.1731
1197,"Orange juice beverage, President's Choice® Blue Menu™ Oh- Mega j (Loblaw Brands Limited, Canada)",FRUIT AND FRUIT PRODUCTS,,48,review,0.850,169044,"Beverages, Orange juice drink",Beverages,13.41,9.36,0.20,3.85,estimated,0.6980,0.0149,0.2871
1198,"Orange juice, unsweetened, reconstituted concentrate, Mr Juicy brand (Berri Ltd, Australia)",FRUIT AND FRUIT PRODUCTS,,54,accepted,1.130,169098,"Orange juice, raw (Includes foods for USDA's Food Distribution Program)",Fruits and Fruit Juices,10.40,8.40,0.20,1.80,estimated,0.8077,0.0192,0.1731
1199,"POM Pomegranate juice (POM Wonderful LLC, USA)",FRUIT AND FRUIT PRODUCTS,,53,review,0.733,167787,"Pomegranate juice, bottled",Fruits and Fruit Juices,13.13,12.65,0.10,0.38,estimated,0.9634,0.0076,0.0289
1200,"Prune juice (Golden Circle, Australia)",FRUIT AND FRUIT PRODUCTS,,43,accepted,1.000,167753,"Prune juice, canned",Fruits and Fruit Juices,17.45,16.45,1.00,0.00,estimated,0.9427,0.0573,0.0000
1201,"Tomato juice, low sodium, President's Choice® Blue Menu™ (Loblaw Brands Limited, Canada)",FRUIT AND FRUIT PRODUCTS,,23,accepted,1.000,170458,"Tomato juice, canned, with salt added",Vegetables and Vegetable Products,3.53,2.58,0.40,0.55,estimated,0.7309,0.1133,0.1558
1202,"Tomato juice, canned, no added sugar (Berri Ltd, Australia)",FRUIT AND FRUIT PRODUCTS,canned,38,accepted,1.150,170458,"Tomato juice, canned, with salt added",Vegetables and Vegetable Products,3.53,2.58,0.40,0.55,estimated,0.7309,0.1133,0.1558
1203,"Watermelon (Citrullus lanatus ), raw, red-fleshed, seedless, blended using an automatic juicer to form a juice",FRUIT AND FRUIT PRODUCTS,raw,51,none,,,,,,,,,,,,
1204,"SuperJuice Greenzone, containing apple, orange and pineapple juice",FRUIT AND FRUIT PRODUCTS,,47,none,,,,,,,,,,,,
1205,"SuperJuice Immune, containing apple juice, pineapple juice and guava puree",FRUIT AND FRUIT PRODUCTS,,47,none,,,,,,,,,,,,
1206,"SuperJuice Kickstart, containing apple juice, blueberry puree and banana puree",FRUIT AND FRUIT PRODUCTS,,39,none,,,,,,,,,,,,
1207,"Apricot 100% Pure Fruit spread, no added sugar (Freedom Foods, Australia)",FRUIT AND FRUIT PRODUCTS,,43,none,,,,,,,,,,,,
1208,"Apricot 100% Fruit Spread, Cottees™ (Cadbury Schweppes, Australia)",FRUIT AND FRUIT PRODUCTS,,50,none,,,,,,,,,,,,
1209,"Apricot fruit spread, reduced sugar (Glen Ewin Jams, Para Hills, Australia)",FRUIT AND FRUIT PRODUCTS,,55,none,,,,,,,,,,,,
1210,"Apricot spread, President's Choice® Blue Menu™ Twice the Fruit Apricot spread (Loblaw Brands Limited, Canada)",FRUIT AND FRUIT PRODUCTS,,56,none,,,,,,,,,,,,
1211,"Fruit spread, with thick apricot (Rhapsodie de Fruit Thick Apricot, St Dalfour, Italy)",FRUIT AND FRUIT PRODUCTS,,63,none,,,,,,,,,,,,
1212,"Apricot jam, organic apricot, with apple juice (Fiordifrutta albicocca, Rigoni di Asiago, Italy)",FRUIT AND FRUIT PRODUCTS,,63,none,,,,,,,,,,,,
1213,"Apricot jam (Confettura extra albicocche, Bonne Maman, Italy)",FRUIT AND FRUIT PRODUCTS,,69,none,,,,,,,,,,,,
1214,"Berry compote, organic (Fruttosa frutti di bosco, Rigoni di Asiago, Italy)",FRUIT AND FRUIT PRODUCTS,,44,none,,,,,,,,,,,,
1215,"Blackberry 100% Fruit Spread, Cottees™ brand (Cadbury Schweppes, Australia)",FRUIT AND FRUIT PRODUCTS,,46,none,,,,,,,,,,,,
1216,"Blueberry fruit spread, wild blueberry (Rhapsodie de Fruit Wild Blueberry, St. Dalfour, Italy)",FRUIT AND FRUIT PRODUCTS,,74,none,,,,,,,,,,,,
1217,"Blueberry jam, wild blueberry (Confettura extra mirtilli selvatici, Bonne Maman, Italy)",FRUIT AND FRUIT PRODUCTS,,63,none,,,,,,,,,,,,
1218,"Blueberry jam, organic blueberry, with apple juice (Fiordifrutta Mirtilli neri, Rigoni di Asiago, Italy)",FRUIT AND FRUIT PRODUCTS,,51,none,,,,,,,,,,,,
1219,"Date spread, Divine (Buderim Ginger, Buderim, QLD, Australia)",FRUIT AND FRUIT PRODUCTS,,29,none,,,,,,,,,,,,
1220,"Ginger Spread, sucrose-free (Buderim Ginger, Australia)",FRUIT AND FRUIT PRODUCTS,,10,none,,,,,,,,,,,,
1221,"Ginger marmalade, Original (Buderim Ginger, Australia)",FRUIT AND FRUIT PRODUCTS,,50,none,,,,,,,,,,,,
1222,"Orange fruit spread, with thick cut orange (Rhapsodie de Fruit Orange Spread, Thick Cut St Dalfour, Italy)",FRUIT AND FRUIT PRODUCTS,,68,none,,,,,,,,,,,,
1223,"Orange jam, organic bitter orange, with apple juice (Fiordifrutta arance amare, Rigoni di Asiago, Italy)",FRUIT AND FRUIT PRODUCTS,,51,none,,,,,,,,,,,,
1224,"Orange marmalade, bitter orange (Marmellata arance amare, Bonne Maman, Italy)",FRUIT AND FRUIT PRODUCTS,,55,accepted,1.100,168819,"Marmalade, orange",Sweets,66.30,60.00,0.70,5.60,estimated,0.9050,0.0106,0.0845
1225,"Orange marmalade, orange 100% Pure Fruit spread, no added sugar (Freedom Foods, Australia)",FRUIT AND FRUIT PRODUCTS,,27,accepted,1.100,168819,"Marmalade, orange",Sweets,66.30,60.00,0.70,5.60,estimated,0.9050,0.0106,0.0845
1226,Orange marmalade,FRUIT AND FRUIT PRODUCTS,,48,accepted,1.100,168819,"Marmalade, orange",Sweets,66.30,60.00,0.70,5.60,estimated,0.9050,0.0106,0.0845
1227,"Orange marmalade 100% Fruit Spread, Cottees™ (Cadbury Schweppes, Australia)",FRUIT AND FRUIT PRODUCTS,,55,none,,,,,,,,,,,,
1228,"Peach/Apricot compote, organic (Fruttosa pesca/albicocca, Rigoni di Asiago, Italy)",FRUIT AND FRUIT PRODUCTS,,47,none,,,,,,,,,,,,
1229,"Raspberry 100% Pure Fruit spread, no added sugar (Freedom Foods, Australia)",FRUIT AND FRUIT PRODUCTS,,26,none,,,,,,,,,,,,
1230,"Raspberry 100% Fruit Spread, Cottees™ brand (Cadbury Schweppes, Australia)",FRUIT AND FRUIT PRODUCTS,,46,none,,,,,,,,,,,,
1231,Strawberry jam,FRUIT AND FRUIT PRODUCTS,,51,none,,,,,,,,,,,,
1232,"Strawberry 100% Pure Fruit spread, no added sugar (Freedom Foods, Australia)",FRUIT AND FRUIT PRODUCTS,,29,none,,,,,,,,,,,,
1233,"Strawberry100% Fruit Spread, Cottees™ brand (Cadbury Schweppes, Australia)",FRUIT AND FRUIT PRODUCTS,,46,none,,,,,,,,,,,,
1234,"Strawberry & Rhubarb Fruit Spread, President's Choice® Blue Menu™ Twice the Fruit Spread (Loblaw Brands Limited, Canada)",FRUIT AND FRUIT PRODUCTS,,69,none,,,,,,,,,,,,
1235,"Breast milk, human, unpasteurized",INFANT FORMULA AND WEANING FOODS,,38,none,,,,,,,,,,,,
1236,"Infasoy™, soy-based, milk-free (Wyeth Nutritionals, Baulkham Hills, NSW, Australia)",INFANT FORMULA AND WEANING FOODS,,55,none,,,,,,,,,,,,
1237,"Karicare from Birth Infant formula, containing 83% lactose, 17% maltodextrins (Nutricia Australia Pty Ltd) (40.8 g powder + 271.7 g water)",INFANT FORMULA AND WEANING FOODS,,30,none,,,,,,,,,,,,
1238,"Karicare DeLact Formula for special medical needs, containing 100% corn syrup solids (Nutricia Australia Pty Ltd) (42.0 g powder + 291.3 g water)",INFANT FORMULA AND WEANING FOODS,,67,none,,,,,,,,,,,,
1239,"Karicare™ gold starter formula with omega plus LCP oils (Nutricia, Auckland, New Zealand)",INFANT FORMULA AND WEANING FOODS,,35,none,,,,,,,,,,,,
1240,"Karicare Soy Formula for special medical needs, containing 51% corn syrup solids, 49% maltodextrins (Nutricia Australia Pty Ltd) (47.0 g powder + 331.8 g water)",INFANT FORMULA AND WEANING FOODS,,60,none,,,,,,,,,,,,
1241,"Nan-1™ infant formula with iron (Nestlé, Australia)",INFANT FORMULA AND WEANING FOODS,,30,none,,,,,,,,,,,,
1242,"Novalac Colic Formula for special medical needs, containing maltodextrins, lactose (Bayer Australia Limited) (42.9 g powder + 299.6 g water)",INFANT FORMULA AND WEANING FOODS,,57,none,,,,,,,,,,,,
1243,"Novalac Reflux Formula for special medical needs, containing lactose, starch (Bayer Australia Limited) (42.4 g powder + 295.4 g water)",INFANT FORMULA AND WEANING FOODS,,38,none,,,,,,,,,,,,
1244,"Novalac Sweet Dreams Formula for special medical needs, containing maltodextrins, lactose, dextrose, starch (Bayer Australia Limited) (43.5 g powder + 303.7 g water)",INFANT FORMULA AND WEANING FOODS,,52,none,,,,,,,,,,,,
1245,"S-26™ infant formula (Wyeth Nutritionals, Australia)",INFANT FORMULA AND WEANING FOODS,,36,none,,,,,,,,,,,,
1246,"S-26 Gold Newborn Infant formula, containing 100% lactose (Wyeth Australia Pty Ltd) (42.5 g powder + 300 g water)",INFANT FORMULA AND WEANING FOODS,,19,none,,,,,,,,,,,,
1247,"S-26 Gold PremGro Formula for special medical needs, containing 76% lactose, 24% corn syrup solids (Wyeth Australia Pty Ltd) (45.2 g powder + 288.1 g water)",INFANT FORMULA AND WEANING FOODS,,26,none,,,,,,,,,,,,
1248,"S-26 Gold Progress Infant formula, containing 100% lactose (Wyeth Australia Pty Ltd) (44.0 g powder + 303.2 g water)",INFANT FORMULA AND WEANING FOODS,,34,none,,,,,,,,,,,,
1249,"Karicare Follow On Follow-on formula, containing 86% lactose, 14% maltodextrins (Nutricia Australia Pty Ltd) (39.9 g powder + 261.9 g water)",INFANT FORMULA AND WEANING FOODS,,37,none,,,,,,,,,,,,
1250,"S-26 Gold Progress Follow-on formula, containing 100% lactose (Wyeth Australia Pty Ltd) (44.0 g powder + 303.2 g water)",INFANT FORMULA AND WEANING FOODS,,23,none,,,,,,,,,,,,
1251,"S-26 Gold Toddler Follow-on formula, containing 86% lactose, 14% maltodextrins (Wyeth Australia Pty Ltd) (16.7 g powder + 233.3 g water)",INFANT FORMULA AND WEANING FOODS,,18,none,,,,,,,,,,,,
1252,"Growing up beverage powder, product 1",INFANT FORMULA AND WEANING FOODS,,66,none,,,,,,,,,,,,
1253,"Growing up beverage powder, product 2",INFANT FORMULA AND WEANING FOODS,,55,none,,,,,,,,,,,,
1254,"Growing up beverage powder, product 3",INFANT FORMULA AND WEANING FOODS,,23,none,,,,,,,,,,,,
1255,"Growing up beverage powder, product 4",INFANT FORMULA AND WEANING FOODS,,51,none,,,,,,,,,,,,
1256,"Growing up beverage powder, product 5",INFANT FORMULA AND WEANING FOODS,,54,none,,,,,,,,,,,,
1257,"Growing up beverage powder, product 6",INFANT FORMULA AND WEANING FOODS,,43,none,,,,,,,,,,,,
1258,"Growing up beverage powder, product 7",INFANT FORMULA AND WEANING FOODS,,68,none,,,,,,,,,,,,
1259,"Apple, apricot and banana cereal, Robinsons First Tastes from 4 months (Nutricia, Wells, UK)",INFANT FORMULA AND WEANING FOODS,,56,none,,,,,,,,,,,,
1260,Apple baby food,INFANT FORMULA AND WEANING FOODS,,46,none,,,,,,,,,,,,
1261,"Apple, pear and cinnamon fruit puree, homemade, puree consistency",INFANT FORMULA AND WEANING FOODS,,29,none,,,,,,,,,,,,
1262,"Apple, Pear and Cinnamon fruit puree, Rafferty’s Garden, for ages 4 – 6 months, commercial",INFANT FORMULA AND WEANING FOODS,,44,none,,,,,,,,,,,,
1263,"Chicken and noodles with vegetables, strained, Heinz for Baby from 4 months (Heinz Wattie's Ltd, Australia)",INFANT FORMULA AND WEANING FOODS,,67,none,,,,,,,,,,,,
1264,"Creamed rice porridge Robinsons First Tastes from 4 months (Nutricia, Wells, UK)",INFANT FORMULA AND WEANING FOODS,,59,none,,,,,,,,,,,,
1265,"Fruit Muesli, containing wheat germ, rolled oats, apple juice, pear, and orange juice, homemade, porridge with lumps consistency",INFANT FORMULA AND WEANING FOODS,,38,none,,,,,,,,,,,,
1266,"Fruity Muesli, Farex™, ages 7 – 9 months, prepared with 272 mL water",INFANT FORMULA AND WEANING FOODS,,65,none,,,,,,,,,,,,
1267,"Lentils and vegetable puree, containing red lentils, sweet potato, and carrot, homemade, mashed with lumps consistency",INFANT FORMULA AND WEANING FOODS,mashed,36,none,,,,,,,,,,,,
1268,"Lentils and vegetables puree, commercial, for ages 7 – months, Heinz™ Mum’s Recipe (Heinz Wattie's Ltd, Australia)",INFANT FORMULA AND WEANING FOODS,,52,none,,,,,,,,,,,,
1269,"Farex™ baby rice (Heinz Wattie's Ltd., Malvern, Australia), prepared with 239 mL water",INFANT FORMULA AND WEANING FOODS,,74,none,,,,,,,,,,,,
1270,"Farex™ baby rice, 7 g cereal with 80 g water (Heinz Wattie's Ltd., Malvern, Australia)",INFANT FORMULA AND WEANING FOODS,,95,none,,,,,,,,,,,,
1271,"Organix™ organic wholegrain baby rice, prepared with 259 mL water",INFANT FORMULA AND WEANING FOODS,,74,none,,,,,,,,,,,,
1272,"Rice pudding, Robinsons First Tastes from 4 months (Nutricia, Wells, UK)",INFANT FORMULA AND WEANING FOODS,,59,none,,,,,,,,,,,,
1273,"Sweetcorn and rice, Heinz for Baby from 4 months (Heinz Wattie's Ltd, Australia)",INFANT FORMULA AND WEANING FOODS,,65,none,,,,,,,,,,,,
1274,"Sweet potato and pumpkin vegetable puree, homemade, puree consistency",INFANT FORMULA AND WEANING FOODS,,61,none,,,,,,,,,,,,
1275,"Pasta and vegetables puree, containing pasta, tomatoes, sweet potato, carrot and onion, homemade, pureed with soft pieces consistency",INFANT FORMULA AND WEANING FOODS,,54,none,,,,,,,,,,,,
1276,"Vegetable Mash, Harvest Veggies with Pasta puree, commercial, for ages 7 – 9 months, Heinz™ Mum’s Recipe (Heinz Wattie's Ltd, Australia)",INFANT FORMULA AND WEANING FOODS,,46,none,,,,,,,,,,,,
1277,"Vegetable Mash, Heinz™ Organic Golden commercial, containing pumpkin and sweet potato puree, for aged 4 – months",INFANT FORMULA AND WEANING FOODS,,43,none,,,,,,,,,,,,
1278,"Baked Beans in Cheesy Tomato sauce (HJ Heinz, Australia)",LEGUMES,canned,44,none,,,,,,,,,,,,
1279,"Baked Beans in Barbecue sauce (HJ Heinz, Australia)",LEGUMES,canned,47,none,,,,,,,,,,,,
1280,"Baked Beans in Ham sauce (HJ Heinz, Australia)",LEGUMES,canned,53,none,,,,,,,,,,,,
1281,"Baked Beans in Sweet Chilli sauce (HJ Heinz, Australia)",LEGUMES,canned,46,none,,,,,,,,,,,,
1282,"Baked Beans in Tomato sauce (HJ Heinz, Australia)",LEGUMES,canned,40,none,,,,,,,,,,,,
1283,"Baked Beans in Tomato sauce, canned, reheated in microwave for 1.5 min (HJ Heinz, Australia)",LEGUMES,microwaved,57,none,,,,,,,,,,,,
1284,"Chickpeas, canned, drained (Edgell, Simplot Australia, Australia)",LEGUMES,canned,35,none,,,,,,,,,,,,
1285,"Chickpeas (Garbanzo beans, Bengal gram), canned, drained, Edgell's™ brand (Simplot Australia, Australia)",LEGUMES,canned,38,none,,,,,,,,,,,,
1286,"Chickpeas, dried, roasted (‘chicknuts’)",LEGUMES,roasted,39,none,,,,,,,,,,,,
1287,"Chickpea Hommus dip, Chris' Traditional brand (Capitol Chilled Foods Pty Ltd, ACT, Australia)",LEGUMES,,22,none,,,,,,,,,,,,
1288,"Hummus (Sabra Classic Hummus; Sabra Dipping Co., S. Chesterfield, VA)",LEGUMES,,15,accepted,1.100,174289,"Hummus, commercial",Legumes and Legume Products,15.00,0.62,5.50,8.08,measured,0.0413,0.3667,0.5387
1289,"Dark Red Kidney beans, canned in brine, drained, Edgell's™ brand (Simplot Australia, Australia)",LEGUMES,canned,43,accepted,1.125,174285,"Beans, kidney, red, mature seeds, canned, drained solids",Legumes and Legume Products,21.49,3.80,5.50,12.19,estimated,0.1768,0.2559,0.5672
1290,"Red Kidney beans, canned, drained, Edgell's™ brand (Simplot Australia, Australia)",LEGUMES,canned,36,accepted,1.150,174285,"Beans, kidney, red, mature seeds, canned, drained solids",Legumes and Legume Products,21.49,3.80,5.50,12.19,estimated,0.1768,0.2559,0.5672
1291,"Lentil, Asterix, washed, brought to boil in water (1:2.5 seed:water ratio) at 500°C (~ 11 min), once boiling was achieved temperature reduced to 280°C and continued to boil until soft (Saskatchewan Pulse Growers , Canada)",LEGUMES,boiled,10,accepted,1.150,172421,"Lentils, mature seeds, cooked, boiled, without salt",Legumes and Legume Products,20.13,1.80,7.90,10.43,estimated,0.0894,0.3924,0.5181
1292,"Lentil, Greenland, washed, brought to boil in water (1:2.5 seed:water ratio) at 500°C (~ 11 min), once boiling was achieved temperature reduced to 280°C and continued to boil until soft (Saskatchewan Pulse Growers , Canada)",LEGUMES,boiled,23,accepted,1.150,172421,"Lentils, mature seeds, cooked, boiled, without salt",Legumes and Legume Products,20.13,1.80,7.90,10.43,estimated,0.0894,0.3924,0.5181
1293,"Lentil, Imigreen, washed, brought to boil in water (1:2.5 seed:water ratio) at 500°C (~ 11 min), once boiling was achieved temperature reduced to 280°C and continued to boil until soft (Saskatchewan Pulse Growers , Canada)",LEGUMES,boiled,14,accepted,1.150,172421,"Lentils, mature seeds, cooked, boiled, without salt",Legumes and Legume Products,20.13,1.80,7.90,10.43,estimated,0.0894,0.3924,0.5181
1294,"Lentil, Impower, washed, brought to boil in water (1:2.5 seed:water ratio) at 500°C (~ 11 min), once boiling was achieved temperature reduced to 280°C and continued to boil until soft (Saskatchewan Pulse Growers , Canada)",LEGUMES,boiled,17,accepted,1.150,172421,"Lentils, mature seeds, cooked, boiled, without salt",Legumes and Legume Products,20.13,1.80,7.90,10.43,estimated,0.0894,0.3924,0.5181
1295,"Lentil, Improve, washed, brought to boil in water (1:2.5 seed:water ratio) at 500°C (~ 11 min), once boiling was achieved temperature reduced to 280°C and continued to boil until soft (Saskatchewan Pulse Growers , Canada)",LEGUMES,boiled,15,accepted,1.150,172421,"Lentils, mature seeds, cooked, boiled, without salt",Legumes and Legume Products,20.13,1.80,7.90,10.43,estimated,0.0894,0.3924,0.5181
1296,"Lentil, Redberry, washed, brought to boil in water (1:2.5 seed:water ratio) at 500°C (~ 11 min), once boiling was achieved temperature reduced to 280°C and continued to boil until soft (Saskatchewan Pulse Growers , Canada)",LEGUMES,boiled,13,accepted,1.150,172421,"Lentils, mature seeds, cooked, boiled, without salt",Legumes and Legume Products,20.13,1.80,7.90,10.43,estimated,0.0894,0.3924,0.5181
1297,"Lentil, Redbow, washed, brought to boil in water (1:2.5 seed:water ratio) at 500°C (~ min), once boiling was achieved temperature reduced to 280°C and continued to boil until soft (Saskatchewan Pulse Growers , Canada)",LEGUMES,boiled,18,accepted,1.150,172421,"Lentils, mature seeds, cooked, boiled, without salt",Legumes and Legume Products,20.13,1.80,7.90,10.43,estimated,0.0894,0.3924,0.5181
1298,"Lentil, Redcliff, washed, brought to boil in water (1:2.5 seed:water ratio) at 500°C (~ 11 min), once boiling was achieved temperature reduced to 280°C and continued to boil until soft (Saskatchewan Pulse Growers , Canada)",LEGUMES,boiled,18,accepted,1.150,172421,"Lentils, mature seeds, cooked, boiled, without salt",Legumes and Legume Products,20.13,1.80,7.90,10.43,estimated,0.0894,0.3924,0.5181
1299,"Lentils, brown, canned, drained, Edgell's™ brand (Simplot Australia, Australia)",LEGUMES,canned,42,none,,,,,,,,,,,,
1300,"Mung bean, fried",LEGUMES,fried,53,none,,,,,,,,,,,,
1301,"Mung bean, germinated",LEGUMES,germinated,25,accepted,1.100,168499,"Mung beans, mature seeds, sprouted, cooked, boiled, drained, with salt",Vegetables and Vegetable Products,3.60,2.84,0.80,0.00,estimated,0.7889,0.2222,0.0000
1302,"Mung bean, pressure cooked",LEGUMES,boiled,42,accepted,1.150,174257,"Mung beans, mature seeds, cooked, boiled, without salt",Legumes and Legume Products,19.15,2.00,7.60,9.55,estimated,0.1044,0.3969,0.4987
1303,"Broad beans, frozen, heated in microwave (Logan Farm Pty Ltd, Australia)",LEGUMES,microwaved,63,none,,,,,,,,,,,,
1304,"Butter beans, canned, drained, Edgell's™ brand (Simplot Australia, Cheltenham, Australia)",LEGUMES,canned,36,none,,,,,,,,,,,,
1305,"Cannellini beans, canned, drained, Edgell's™ brand (Simplot Australia, Cheltenham, Australia)",LEGUMES,canned,31,none,,,,,,,,,,,,
1306,"Four bean mix, canned, drained, Edgell's™ brand (Simplot Australia, Australia)",LEGUMES,canned,37,none,,,,,,,,,,,,
1307,"Freekeh, Lentils & Beans Superblend Fibre, dried, cooked in boiling water for 15 min (Ward McKenzies Pty Ltd, Australia)",LEGUMES,boiled,29,none,,,,,,,,,,,,
1308,"Lentils, Quinoa & Beans Superblend Protein, dried, cooked in boiling water for 15 min (Ward McKenzies Pty Ltd, Australia)",LEGUMES,boiled,36,review,1.150,172421,"Lentils, mature seeds, cooked, boiled, without salt",Legumes and Legume Products,20.13,1.80,7.90,10.43,estimated,0.0894,0.3924,0.5181
1309,"Refried Pinto beans, Casa Fiesta™ brand (Capital Foods Pty Ltd, Australia), heated in microwave for 1.5 min",LEGUMES,microwaved,38,accepted,1.117,173796,"Beans, pinto, mature seeds, cooked, boiled, with salt",Legumes and Legume Products,26.22,0.34,9.00,15.15,measured,0.0130,0.3432,0.5778
1310,"Chocolate weight management bar (Shaklee Corporation, Pleasanton, CA, USA)",MEAL REPLACEMENT & WEIGHT MANAGEMENT PRODUCTS,,29,none,,,,,,,,,,,,
1311,"Hazelnut & Apricot bar (Dietworks, South Yarra, Australia)",MEAL REPLACEMENT & WEIGHT MANAGEMENT PRODUCTS,,42,none,,,,,,,,,,,,
1312,"L.E.A.N Fibergy™ bar, Harvest Oat (Usana Inc., Salt Lake City, UT, USA)",MEAL REPLACEMENT & WEIGHT MANAGEMENT PRODUCTS,,45,none,,,,,,,,,,,,
1313,"L.E.A.N (Life long) Nutribar™, Peanut Crunch (Usana Inc., Salt Lake City, UT, USA)",MEAL REPLACEMENT & WEIGHT MANAGEMENT PRODUCTS,,30,none,,,,,,,,,,,,
1314,"L.E.A.N (Life long) Nutribar™, Chocolate Crunch (Usana Inc., Salt Lake City, UT, USA)",MEAL REPLACEMENT & WEIGHT MANAGEMENT PRODUCTS,,32,none,,,,,,,,,,,,
1315,"Lemon weight management bar (Shaklee Corporation, USA)",MEAL REPLACEMENT & WEIGHT MANAGEMENT PRODUCTS,,23,none,,,,,,,,,,,,
1316,"Optifast® VLCD™ Berry Crunch Flavor Bar (Nestlé Health Science, Australia)",MEAL REPLACEMENT & WEIGHT MANAGEMENT PRODUCTS,,25,none,,,,,,,,,,,,
1317,"Optifast® VLCD™ Cappuccino Flavor Bar (Nestlé Health Science, Australia)",MEAL REPLACEMENT & WEIGHT MANAGEMENT PRODUCTS,,29,none,,,,,,,,,,,,
1318,"Optifast® VLCD™ Cereal with Cranberry Bar (Nestlé Health Science, Australia)",MEAL REPLACEMENT & WEIGHT MANAGEMENT PRODUCTS,,30,none,,,,,,,,,,,,
1319,"Optifast® VLCD™ Chocolate Bar (Nestlé Health Science, Australia)",MEAL REPLACEMENT & WEIGHT MANAGEMENT PRODUCTS,,20,none,,,,,,,,,,,,
1320,"Optifast® VLCD™ Chocolate Dessert (Nestlé Health Science, Australia)",MEAL REPLACEMENT & WEIGHT MANAGEMENT PRODUCTS,,27,none,,,,,,,,,,,,
1321,"Optifast® VLCD™ Lemon Crème Dessert (Nestlé Health Science, Australia)",MEAL REPLACEMENT & WEIGHT MANAGEMENT PRODUCTS,,27,none,,,,,,,,,,,,
1322,"Peanut Butter weight management bar (Shaklee Corporation, USA)",MEAL REPLACEMENT & WEIGHT MANAGEMENT PRODUCTS,,22,none,,,,,,,,,,,,
1323,"Protein Meal Replacement Cookies (Bao Bei Er (Chengdu Tianyi Cuisine Nutritional Food, China)",MEAL REPLACEMENT & WEIGHT MANAGEMENT PRODUCTS,,43,none,,,,,,,,,,,,
1324,"SlimFast® bar, chocolate caramel meal replacement bar (SlimFast Foods Ltd, Slough, Berks, UK)",MEAL REPLACEMENT & WEIGHT MANAGEMENT PRODUCTS,,54,none,,,,,,,,,,,,
1325,"SlimFast® bar, chocolate meal replacement bar (SlimFast Foods Ltd, UK)",MEAL REPLACEMENT & WEIGHT MANAGEMENT PRODUCTS,,27,none,,,,,,,,,,,,
1326,"SlimFast® bar, Chocolate Muesli snack bar (SlimFast Foods Ltd, UK)",MEAL REPLACEMENT & WEIGHT MANAGEMENT PRODUCTS,,49,none,,,,,,,,,,,,
1327,"Aussie Bodies Trim Protein Shake, Chocolate flavored (Aussie Bodies Pty Ltd, Australia)",MEAL REPLACEMENT & WEIGHT MANAGEMENT PRODUCTS,,39,none,,,,,,,,,,,,
1328,"Aussie Bodies Trim Protein Shake, French Vanilla flavored (Aussie Bodies Pty Ltd, Australia)",MEAL REPLACEMENT & WEIGHT MANAGEMENT PRODUCTS,,41,none,,,,,,,,,,,,
1329,"Formula 1 Healthy Meal Nutritional Shake Mix: Doce de leite (Herbalife International of America, Inc.)",MEAL REPLACEMENT & WEIGHT MANAGEMENT PRODUCTS,,22,none,,,,,,,,,,,,
1330,"Formula 1 Healthy Meal Nutritional Shake Mix: Caramel Apple (Herbalife International of America, Inc.)",MEAL REPLACEMENT & WEIGHT MANAGEMENT PRODUCTS,,15,none,,,,,,,,,,,,
1331,"Formula 1 Healthy Meal Nutritional Shake Mix: Pralines & Cream (Herbalife International of America, Inc.)",MEAL REPLACEMENT & WEIGHT MANAGEMENT PRODUCTS,,15,none,,,,,,,,,,,,
1332,"Formula 1 Healthy Meal Nutritional Shake Mix: Cookies and Cream (1 serv e ) + Protein Drink Mix: Vanilla (1/2 serv e ) + Prolessa Duo (1 serv e ) (Herbalife International of America, Inc.)",MEAL REPLACEMENT & WEIGHT MANAGEMENT PRODUCTS,,29,none,,,,,,,,,,,,
1333,"Formula 1 Healthy Meal Nutritional Shake Mix: Cookies and Cream (1 serv e ) + Protein Drink Mix: Vanilla (1 serv e ) + Prolessa Duo (1 serv e ) (Herbalife International of America, Inc.)",MEAL REPLACEMENT & WEIGHT MANAGEMENT PRODUCTS,,29,none,,,,,,,,,,,,
1334,"Formula 1 Healthy Meal Nutritional Shake Mix: French Vanilla (1 serv e ) + Protein Drink Mix: Vanilla (1/2 serv e ) + Prolessa Duo (1 serv e ) (Herbalife International of America, Inc.)",MEAL REPLACEMENT & WEIGHT MANAGEMENT PRODUCTS,,32,none,,,,,,,,,,,,
1335,"Formula 1 Healthy Meal Nutritional Shake Mix: French Vanilla (1 serv e ) + Protein Drink Mix: Vanilla (1 serv e ) + Prolessa Duo (1 serv e ) (Herbalife International of America, Inc.)",MEAL REPLACEMENT & WEIGHT MANAGEMENT PRODUCTS,,29,none,,,,,,,,,,,,
1336,"Formula 1 Nutritional Shake Mix: Berry (Herbalife Australasia Pty Ltd, Australia), prepared with water",MEAL REPLACEMENT & WEIGHT MANAGEMENT PRODUCTS,,21,none,,,,,,,,,,,,
1337,"Formula 1 Nutritional Shake Mix: Cookies n’ Cream (Herbalife Australasia Pty Ltd, Australia), prepared with water",MEAL REPLACEMENT & WEIGHT MANAGEMENT PRODUCTS,,15,none,,,,,,,,,,,,
1338,"Formula 1 Nutritional Shake Mix: Dutch Chocolate (Herbalife Australasia Pty Ltd, Australia), prepared with water",MEAL REPLACEMENT & WEIGHT MANAGEMENT PRODUCTS,,19,none,,,,,,,,,,,,
1339,"Formula 1 Nutritional Shake Mix: French Vanilla (Herbalife Australasia Pty Ltd, Australia), prepared with water",MEAL REPLACEMENT & WEIGHT MANAGEMENT PRODUCTS,,20,none,,,,,,,,,,,,
1340,"Fruit & Vegetable cereal powder A (The Fast Diet A, Ebany Biomedical Technology, Beijing, China)",MEAL REPLACEMENT & WEIGHT MANAGEMENT PRODUCTS,,35,none,,,,,,,,,,,,
1341,"Fruit & Vegetable cereal powder B (The Fast Diet A, Ebany Biomedical Technology, Beijing, China)",MEAL REPLACEMENT & WEIGHT MANAGEMENT PRODUCTS,,47,none,,,,,,,,,,,,
1342,"Herbalife24 Achieve Protein Bar: Dark Chocolate Brownie (Herbalife International of America, Inc.)",MEAL REPLACEMENT & WEIGHT MANAGEMENT PRODUCTS,,49,none,,,,,,,,,,,,
1343,"Herbalife24 Achieve Protein Bar: Chocolate Chip Cookie Dough (Herbalife International of America, Inc.)",MEAL REPLACEMENT & WEIGHT MANAGEMENT PRODUCTS,,42,none,,,,,,,,,,,,
1344,"Isowhey Complete Double Chocolate meal replacement beverage powder, prepared with water (FIT Bioceuticals Pty Ltd, Australia)",MEAL REPLACEMENT & WEIGHT MANAGEMENT PRODUCTS,,23,none,,,,,,,,,,,,
1345,"Isowhey Complete Strawberries & Cream meal replacement beverage powder, prepared with water (FIT Bioceuticals Pty Ltd, Australia)",MEAL REPLACEMENT & WEIGHT MANAGEMENT PRODUCTS,,30,none,,,,,,,,,,,,
1346,"Isowhey Complete French Vanilla meal replacement beverage powder, prepared with water (FIT Bioceuticals Pty Ltd, Australia)",MEAL REPLACEMENT & WEIGHT MANAGEMENT PRODUCTS,,30,none,,,,,,,,,,,,
1347,"Juice Plus+® Complete meal replacement powder, Dutch chocolate flavor",MEAL REPLACEMENT & WEIGHT MANAGEMENT PRODUCTS,,35,none,,,,,,,,,,,,
1348,"Juice Plus+® Complete meal replacement powder, French vanilla flavor",MEAL REPLACEMENT & WEIGHT MANAGEMENT PRODUCTS,,32,none,,,,,,,,,,,,
1349,"Meal Shake Solid Beverage, Lychee Rose (Mary Kay, China)",MEAL REPLACEMENT & WEIGHT MANAGEMENT PRODUCTS,,44,none,,,,,,,,,,,,
1350,"Nongfu Spring Meal Replacement, low GI (Nongfu Spring Hangzhou, China)",MEAL REPLACEMENT & WEIGHT MANAGEMENT PRODUCTS,,27,none,,,,,,,,,,,,
1351,"Nutrimeal™, drink powder, Dutch Chocolate (Usana, Salt Lake City, USA)",MEAL REPLACEMENT & WEIGHT MANAGEMENT PRODUCTS,,26,none,,,,,,,,,,,,
1352,"Nutrimeal™, meal replacement drink, all flavors, prepared with 600 mL water (Usana Australia Pty Ltd, Baulkham Hills, Australia)",MEAL REPLACEMENT & WEIGHT MANAGEMENT PRODUCTS,,20,none,,,,,,,,,,,,
1353,"Nutrimeal™ Free Vanilla vegan meal replacement beverage powder, prepared with 434.5 mL water (Usana Australia Pty Ltd, Baulkham Hills, Australia)",MEAL REPLACEMENT & WEIGHT MANAGEMENT PRODUCTS,,49,none,,,,,,,,,,,,
1354,"Optifast® VLCD™ Shake, Banana (Nestlé Health Science, Australia), prepared with water",MEAL REPLACEMENT & WEIGHT MANAGEMENT PRODUCTS,,24,none,,,,,,,,,,,,
1355,"Optifast® VLCD™ Shake, Caramel (Nestlé Health Science, Australia), prepared with water",MEAL REPLACEMENT & WEIGHT MANAGEMENT PRODUCTS,,34,none,,,,,,,,,,,,
1356,"Optifast® VLCD™ Shake, Chocolate (Nestlé Health Science, Australia), prepared with water",MEAL REPLACEMENT & WEIGHT MANAGEMENT PRODUCTS,,31,none,,,,,,,,,,,,
1357,"Optifast® VLCD™ Shake, Coffee (Nestlé Health Science, Australia), prepared with water",MEAL REPLACEMENT & WEIGHT MANAGEMENT PRODUCTS,,31,none,,,,,,,,,,,,
1358,"Optifast® VLCD™ Shake, Strawberry (Nestlé Health Science, Australia), prepared with water",MEAL REPLACEMENT & WEIGHT MANAGEMENT PRODUCTS,,27,none,,,,,,,,,,,,
1359,"Optifast® VLCD™ Shake, Vanilla (Nestlé Health Science, Australia), prepared with water",MEAL REPLACEMENT & WEIGHT MANAGEMENT PRODUCTS,,27,none,,,,,,,,,,,,
1360,"Provide™ nutritious beverage powder, prepared with water (Indevex AB, Sweden)",MEAL REPLACEMENT & WEIGHT MANAGEMENT PRODUCTS,,28,none,,,,,,,,,,,,
1361,"SICCON D2™ nutritious beverage powder, prepared with water (Indevex AB, Sweden)",MEAL REPLACEMENT & WEIGHT MANAGEMENT PRODUCTS,,28,none,,,,,,,,,,,,
1362,"SlimFast® beverage, French Vanilla ready-to-drink shake (SlimFast Foods Company, Englewood, NJ, USA)",MEAL REPLACEMENT & WEIGHT MANAGEMENT PRODUCTS,,37,none,,,,,,,,,,,,
1363,"SlimFast® beverage, Strawberry Supreme ready-to-drink shake (SlimFast Foods Ltd, UK)",MEAL REPLACEMENT & WEIGHT MANAGEMENT PRODUCTS,,33,none,,,,,,,,,,,,
1364,"Tony Ferguson's Meal Replacement Shake, all flavors, prepared with 356.2 mL water",MEAL REPLACEMENT & WEIGHT MANAGEMENT PRODUCTS,,22,none,,,,,,,,,,,,
1365,"Optifast® VLCD™ Soup, Chicken (Nestlé Health Science, Australia), prepared with water",MEAL REPLACEMENT & WEIGHT MANAGEMENT PRODUCTS,,31,none,,,,,,,,,,,,
1366,"Optifast® VLCD™ Soup, Tomato (Nestlé Health Science, Australia), prepared with water",MEAL REPLACEMENT & WEIGHT MANAGEMENT PRODUCTS,,25,none,,,,,,,,,,,,
1367,"Optifast® VLCD™ Soup, Vegetable (Nestlé Health Science, Australia), prepared with water",MEAL REPLACEMENT & WEIGHT MANAGEMENT PRODUCTS,,24,none,,,,,,,,,,,,
1368,"SlimFast® , Garden vegetable soup with peppers and croutons (SlimFast Foods Ltd, UK), prepared with water",MEAL REPLACEMENT & WEIGHT MANAGEMENT PRODUCTS,,20,none,,,,,,,,,,,,
1369,"Diasip ready-to-drink (Nutricia Advanced Medical Nutrition, Zoetermeer, Netherlands)",NUTRITIONAL SUPPORT PRODUCTS,,34,none,,,,,,,,,,,,
1370,"Diasip, ready-to-drink (Nutricia Advanced Medical Nutrition, Zoetermeer, Netherlands)",NUTRITIONAL SUPPORT PRODUCTS,,33,none,,,,,,,,,,,,
1371,"Diasip, ready-to-drink (Nutricia Advanced Medical Nutrition, Zoetermeer, Netherlands)",NUTRITIONAL SUPPORT PRODUCTS,,28,none,,,,,,,,,,,,
1372,"Ensure™, vanilla (Abbott Australasia, Kurnell, NSW, Australia)",NUTRITIONAL SUPPORT PRODUCTS,,50,none,,,,,,,,,,,,
1373,"Ensure™, vanilla (Abbott Australasia)",NUTRITIONAL SUPPORT PRODUCTS,,48,none,,,,,,,,,,,,
1374,"Ensure™ bar, chocolate fudge brownie (Abbott Australasia)",NUTRITIONAL SUPPORT PRODUCTS,,43,none,,,,,,,,,,,,
1375,"Ensure™ Hospital, nutritional supplement powder, prepared with 304.2 mL water (Abbott Nutrition International)",NUTRITIONAL SUPPORT PRODUCTS,,51,none,,,,,,,,,,,,
1376,"Ensure Plus™, vanilla (Abbott Australasia)",NUTRITIONAL SUPPORT PRODUCTS,,40,none,,,,,,,,,,,,
1377,"Ensure Pudding™, old fashioned vanilla (Abbott Laboratories Inc, Ashland, USA)",NUTRITIONAL SUPPORT PRODUCTS,,36,none,,,,,,,,,,,,
1378,"GluCare Gold beverage powder (Nutricare Nutrition, Vietnam), prepared with water",NUTRITIONAL SUPPORT PRODUCTS,,48,none,,,,,,,,,,,,
1379,"Glucerna Chocolate Graham nutritional supplement bar (Ross Nutrition, Canada)",NUTRITIONAL SUPPORT PRODUCTS,,20,none,,,,,,,,,,,,
1380,"Glucerna, diabetes-specific enteral formula (Abbott Laboratories Inc, USA)",NUTRITIONAL SUPPORT PRODUCTS,,15,none,,,,,,,,,,,,
1381,"Glucerna™, vanilla flavor (Abbott Nutrition International)",NUTRITIONAL SUPPORT PRODUCTS,,19,none,,,,,,,,,,,,
1382,"Glucerna™, vanilla flavor (Abbott Nutrition International)",NUTRITIONAL SUPPORT PRODUCTS,,20,none,,,,,,,,,,,,
1383,"Glucerna Nutritional Drink, Vanilla Flavor (Abbott Laboratories)",NUTRITIONAL SUPPORT PRODUCTS,,23,none,,,,,,,,,,,,
1384,"Glucerna™, vanilla (Abbott Laboratories Inc., USA)",NUTRITIONAL SUPPORT PRODUCTS,,31,none,,,,,,,,,,,,
1385,"Glucerna Select, enteral nutritional supplement (Abbott Nutrition International)",NUTRITIONAL SUPPORT PRODUCTS,,16,none,,,,,,,,,,,,
1386,"Glucerna SR, diabetes-specific enteral formula (Abbott Laboratories Inc., USA)",NUTRITIONAL SUPPORT PRODUCTS,,23,none,,,,,,,,,,,,
1387,"High protein, high fiber nutritional supplement (flavor 1) mixed in 670 mL water (Dr. Reddy's Laboratories, India)",NUTRITIONAL SUPPORT PRODUCTS,,27,none,,,,,,,,,,,,
1388,"High protein, high fiber nutritional supplement (flavor 2) mixed in 765 mL water (Dr. Reddy's Laboratories, India)",NUTRITIONAL SUPPORT PRODUCTS,,37,none,,,,,,,,,,,,
1389,"HINEX Diabetes Care Vanilla powder (Otsuka Pharmaceutical India Pvt. Ltd.), prepared with 457.8 mL water",NUTRITIONAL SUPPORT PRODUCTS,,36,none,,,,,,,,,,,,
1390,Inslow™ (Abbott Nutrition International-Japan),NUTRITIONAL SUPPORT PRODUCTS,,25,none,,,,,,,,,,,,
1391,"Isocal, ready-to-drink (Nestlé Nutrition, Tainan, Taiwan)",NUTRITIONAL SUPPORT PRODUCTS,,79,none,,,,,,,,,,,,
1392,"Isocal, ready-to-drink (Nestlé Nutrition, Tainan, Taiwan)",NUTRITIONAL SUPPORT PRODUCTS,,82,none,,,,,,,,,,,,
1393,"Isocal, ready-to-drink (Nestlé Nutrition, Tainan, Taiwan)",NUTRITIONAL SUPPORT PRODUCTS,,85,none,,,,,,,,,,,,
1394,Jevity™ (Abbott Australasia),NUTRITIONAL SUPPORT PRODUCTS,,48,none,,,,,,,,,,,,
1395,"Jevity™ HiCal, enteral nutritional supplement (Abbott Nutrition International)",NUTRITIONAL SUPPORT PRODUCTS,,59,none,,,,,,,,,,,,
1396,"Lactona Dia-βbeverage powder, tested prepared with 269.6 mL water (PT Mirota KSM, Indonesia)",NUTRITIONAL SUPPORT PRODUCTS,,27,none,,,,,,,,,,,,
1397,"Nutritional beverage powder (SU YOUTH (Ningbo Yu Fang Tang Biological Science and Technology, China)",NUTRITIONAL SUPPORT PRODUCTS,,52,none,,,,,,,,,,,,
1398,"Peptide 1.5 Plain nutrition formula (Kate Farms, Inc.)",NUTRITIONAL SUPPORT PRODUCTS,,26,none,,,,,,,,,,,,
1399,"Promote with fiber™ nutritional supplement (Ross Nutrition, USA)",NUTRITIONAL SUPPORT PRODUCTS,,49,none,,,,,,,,,,,,
1400,"Prosure™, ready-to-drink supplement, vanilla flavor (Abbott Nutrition International)",NUTRITIONAL SUPPORT PRODUCTS,,54,none,,,,,,,,,,,,
1401,"Prosure™, ready-to-drink supplement, vanilla flavor (Abbott Nutrition International)",NUTRITIONAL SUPPORT PRODUCTS,,55,none,,,,,,,,,,,,
1402,"Resource Diabetic™, French vanilla (Novartis Nutrition Corp., Young America, USA), prepared with water",NUTRITIONAL SUPPORT PRODUCTS,,34,none,,,,,,,,,,,,
1403,"Resource Diabetic™, Swiss chocolate (Novartis, Auckland, New Zealand)",NUTRITIONAL SUPPORT PRODUCTS,,16,none,,,,,,,,,,,,
1404,"Resource™ fruit beverage, peach flavor (Novartis, New Zealand)",NUTRITIONAL SUPPORT PRODUCTS,,40,none,,,,,,,,,,,,
1405,"Resource™ thickened orange juice, honey consistency (Novartis, New Zealand)",NUTRITIONAL SUPPORT PRODUCTS,,47,none,,,,,,,,,,,,
1406,"Resource™ thickened orange juice, nectar consistency (Novartis, New Zealand)",NUTRITIONAL SUPPORT PRODUCTS,,54,none,,,,,,,,,,,,
1407,"SDC (SDS (SUSTRA™ 2434 slowly digestible carbohydrate; blend of tapioca flour and corn starch) (Ingredion Incorporated, Bridgewater, NJ), prepared with water",NUTRITIONAL SUPPORT PRODUCTS,,27,none,,,,,,,,,,,,
1408,"Sport beverage based on oligosaccharides (low molecular weight carbohydrate), orange flavor (CPT, Competitor Co. Ltd., Beijing, China)",NUTRITIONAL SUPPORT PRODUCTS,,118,none,,,,,,,,,,,,
1409,"Sport beverage based on hydrolyzed starch (high molecular weight carbohydrate), orange flavor (Vitargo, Swecarb AB, Kalmar, Sweden)",NUTRITIONAL SUPPORT PRODUCTS,,106,none,,,,,,,,,,,,
1410,"Standard 1.0 Chocolate nutrition formula (Kate Farms, Inc., USA)",NUTRITIONAL SUPPORT PRODUCTS,,31,none,,,,,,,,,,,,
1411,"Standard 1.0 Vanilla nutrition formula (Kate Farms, Inc., USA)",NUTRITIONAL SUPPORT PRODUCTS,,26,none,,,,,,,,,,,,
1412,"Standard 1.4 Plain nutrition formula (Kate Farms, Inc., USA)",NUTRITIONAL SUPPORT PRODUCTS,,51,none,,,,,,,,,,,,
1413,"Sustagen® Diabetic, Vanilla (Nestlé Health Science, Australia), prepared with water",NUTRITIONAL SUPPORT PRODUCTS,,34,none,,,,,,,,,,,,
1414,"Sustagen® Diabetic Ready To Drink, Vanilla (Nestlé Health Science, Australia)",NUTRITIONAL SUPPORT PRODUCTS,,30,none,,,,,,,,,,,,
1415,"Sustagen™, Dutch Chocolate (Mead Johnson, Bristol Myers Squibb, Rydalmere, Australia)",NUTRITIONAL SUPPORT PRODUCTS,,31,none,,,,,,,,,,,,
1416,"Sustagen® Hospital with extra fiber, drink made from powdered mix (Mead Johnson, Australia), prepared with water",NUTRITIONAL SUPPORT PRODUCTS,,33,none,,,,,,,,,,,,
1417,"Sustagen® Hospital Formula Active, Banana (Nestlé Health Science, Australia), prepared with water",NUTRITIONAL SUPPORT PRODUCTS,,46,none,,,,,,,,,,,,
1418,"Sustagen® Hospital Formula Active, Chocolate (Nestlé Health Science, Australia), prepared with water",NUTRITIONAL SUPPORT PRODUCTS,,49,none,,,,,,,,,,,,
1419,"Sustagen® Hospital Formula Active, Coffee (Nestlé Health Science, Australia), prepared with water",NUTRITIONAL SUPPORT PRODUCTS,,48,none,,,,,,,,,,,,
1420,"Sustagen® Hospital Formula Active, Neutral (Nestlé Health Science, Australia), prepared with water",NUTRITIONAL SUPPORT PRODUCTS,,46,none,,,,,,,,,,,,
1421,"Sustagen® Hospital Formula Active, Strawberry (Nestlé Health Science, Australia), prepared with water",NUTRITIONAL SUPPORT PRODUCTS,,37,none,,,,,,,,,,,,
1422,"Sustagen® Hospital Formula Active, Vanilla (Nestlé Health Science, Australia), prepared with water",NUTRITIONAL SUPPORT PRODUCTS,,54,none,,,,,,,,,,,,
1423,"Sustagen® Hospital Formula Active Plus Fibre, Chocolate (Nestlé Health Science, Australia), prepared with water",NUTRITIONAL SUPPORT PRODUCTS,,42,none,,,,,,,,,,,,
1424,"Sustagen® Hospital Formula Active Plus Fibre, Vanilla (Nestlé Health Science, Australia), prepared with water",NUTRITIONAL SUPPORT PRODUCTS,,45,none,,,,,,,,,,,,
1425,"Sustagen® Instant Pudding, vanilla, made from powdered mix (Mead Johnson, Australia), prepared with water",NUTRITIONAL SUPPORT PRODUCTS,instant,27,none,,,,,,,,,,,,
1426,"Sustagen® Optimum, Vanilla (Nestlé Health Science, Australia), prepared with water",NUTRITIONAL SUPPORT PRODUCTS,,45,none,,,,,,,,,,,,
1427,"Sustagen® Ready to Drink, Vanilla (Nestlé Health Science, Australia)",NUTRITIONAL SUPPORT PRODUCTS,,39,none,,,,,,,,,,,,
1428,Tapion™ nutritional supplement (Abbott Nutrition International-Japan),NUTRITIONAL SUPPORT PRODUCTS,,27,none,,,,,,,,,,,,
1429,"TwoCal HN™, high nitrogen nutritional supplement, vanilla flavor (Abbott Nutrition International)",NUTRITIONAL SUPPORT PRODUCTS,,55,none,,,,,,,,,,,,
1430,"ViPlus Diabetic Formula, Vanilla flavor, prepared with water (Viplus Dairy Pty Ltd, Australia)",NUTRITIONAL SUPPORT PRODUCTS,,42,none,,,,,,,,,,,,
1431,"Cashew nuts, salted (Coles Supermarkets, Australia)",NUTS,,22,accepted,1.100,170162,"Nuts, cashew nuts, raw",Nut and Seed Products,30.19,5.91,3.30,23.49,measured,0.1958,0.1093,0.7781
1432,Mixed nuts and raisins,NUTS,,21,none,,,,,,,,,,,,
1433,"Mixed nuts, roasted and salted",NUTS,roasted,24,none,,,,,,,,,,,,
1434,"Barley pasta (celebrity, whole grain fraction), cooked 5 min",PASTA AND NOODLES,boiled,71,none,,,,,,,,,,,,
1435,"Barley pasta (celebrity white pearled fraction), cooked 5 min",PASTA AND NOODLES,boiled,58,none,,,,,,,,,,,,
1436,"Barley pasta (AC Parkhill, whole grain fraction), cooked 5 min",PASTA AND NOODLES,boiled,73,none,,,,,,,,,,,,
1437,"Barley pasta (AC Parkhill, white pearled fraction), cooked 5 min",PASTA AND NOODLES,boiled,64,none,,,,,,,,,,,,
1438,"70%+ Black Highland Barley Noodles (COFCO Flour Industry, Puyang, China)",PASTA AND NOODLES,,46,none,,,,,,,,,,,,
1439,"Fusilli pasta twists (Tesco Stores Ltd, UK), boiled 10 min in salted water",PASTA AND NOODLES,boiled,61,none,,,,,,,,,,,,
1440,"Fusilli pasta twists, wholewheat, dry pasta, boiled 10 min in unsalted water",PASTA AND NOODLES,boiled,55,none,,,,,,,,,,,,
1441,"Corn pasta, gluten-free (Orgran Natural Foods, Carrum Downs, VIC, Australia)",PASTA AND NOODLES,,68,review,0.767,173265,"Pasta, gluten-free, corn and rice flour, cooked",Cereal Grains and Pasta,38.05,0.00,1.40,36.15,measured,0.0000,0.0368,0.9501
1442,"Corn pasta, gluten-free (Orgran Natural Foods, Australia)",PASTA AND NOODLES,,78,review,0.767,173265,"Pasta, gluten-free, corn and rice flour, cooked",Cereal Grains and Pasta,38.05,0.00,1.40,36.15,measured,0.0000,0.0368,0.9501
1443,"Pasta, Penne, gluten free (Dr Schär AG/SPA, Italy)",PASTA AND NOODLES,,48,none,,,,,,,,,,,,
1444,"Rice and Hi-Maize (high-amylose) flour spaghetti, gluten-free (Freedom Foods, Australia)",PASTA AND NOODLES,,51,none,,,,,,,,,,,,
1445,"Rice and maize pasta, gluten-free, Ris'O'Mais (Orgran Foods, Australia)",PASTA AND NOODLES,,76,review,0.933,173265,"Pasta, gluten-free, corn and rice flour, cooked",Cereal Grains and Pasta,38.05,0.00,1.40,36.15,measured,0.0000,0.0368,0.9501
1446,"Rice pasta, gluten-free (Freedom Foods, Australia)",PASTA AND NOODLES,,51,none,,,,,,,,,,,,
1447,"Split pea and soya pasta shells, gluten-free (Orgran Foods, Australia)",PASTA AND NOODLES,,29,none,,,,,,,,,,,,
1448,"Tagliatelle pasta, fresh, gluten free (Sine srl, Italy)",PASTA AND NOODLES,,61,none,,,,,,,,,,,,
1449,"Tortellini pasta, fresh, gluten free (Sine srl, Italy)",PASTA AND NOODLES,,60,none,,,,,,,,,,,,
1450,"Spaghetti, gluten-free, rice and split pea, canned in tomato sauce",PASTA AND NOODLES,canned,68,none,,,,,,,,,,,,
1451,"Instant 'two-minute' noodles, Maggi® (Nestlé, Auckland, New Zealand)",PASTA AND NOODLES,instant,48,none,,,,,,,,,,,,
1452,"Instant 'two-minute' noodles, Maggi® , all flavors (Nestlé Australia), including noodle broth",PASTA AND NOODLES,instant,52,none,,,,,,,,,,,,
1453,"Instant noodles, all flavors (Woolworths Select, Australia), including noodle broth",PASTA AND NOODLES,instant,52,none,,,,,,,,,,,,
1454,"Penne, durum wheat flour (Barilla, Italy)",PASTA AND NOODLES,,50,none,,,,,,,,,,,,
1455,"Penne mezzane, durum wheat flour (De Cecco, Italy)",PASTA AND NOODLES,,47,none,,,,,,,,,,,,
1456,"Penne pasta, white (SanRemo Penne, San Remo Macaroni Co. Pty Ltd, SA), tested by subjects with a low AMY1 copy number",PASTA AND NOODLES,,44,none,,,,,,,,,,,,
1457,"Penne pasta, white (SanRemo Penne, San Remo Macaroni Co. Pty Ltd, SA), tested by subjects with a high AMY1 copy number",PASTA AND NOODLES,,50,none,,,,,,,,,,,,
1458,"Pennette integrali, durum wheat wholemeal (Coop, Italy)",PASTA AND NOODLES,,48,none,,,,,,,,,,,,
1459,"Pennette rigate, durum wheat flour (Barilla, Italy)",PASTA AND NOODLES,,53,none,,,,,,,,,,,,
1460,"Pennette rigate integrali, durum wheat wholemeal (Barilla, Italy)",PASTA AND NOODLES,,73,none,,,,,,,,,,,,
1461,"Penne rigate, mini (Piccolini, Barilla, Italy)",PASTA AND NOODLES,,59,none,,,,,,,,,,,,
1462,"Penne rigate, mini, durum wheat flour, zucchini and spinach pulps (penne rigate con zucchine e spinaci, Piccolini, Barilla, Italy)",PASTA AND NOODLES,,48,none,,,,,,,,,,,,
1463,"Rice noodles, dried, boiled (Thai World, Bangkok, Thailand)",PASTA AND NOODLES,boiled,61,accepted,1.100,168914,"Rice noodles, cooked",Cereal Grains and Pasta,24.01,0.03,1.00,22.98,estimated,0.0012,0.0416,0.9571
1464,"Rice noodles, freshly made, boiled (Sydney, NSW, Australia)",PASTA AND NOODLES,boiled,40,accepted,1.100,168914,"Rice noodles, cooked",Cereal Grains and Pasta,24.01,0.03,1.00,22.98,estimated,0.0012,0.0416,0.9571
1465,"Spaghetti n°5 (Barilla, Italy)",PASTA AND NOODLES,boiled,33,none,,,,,,,,,,,,
1466,"Spaghetti, white, boiled 15 min in salted water (Unico, Concord, ON, Canada)",PASTA AND NOODLES,boiled,44,none,,,,,,,,,,,,
1467,"Spaghetti, white (Unico, Canada)",PASTA AND NOODLES,boiled,45,none,,,,,,,,,,,,
1468,"Spaghetti, white (Nishin Shokuhin, Japan)",PASTA AND NOODLES,boiled,46,none,,,,,,,,,,,,
1469,"Spaghetti, white (Unico, Canada)",PASTA AND NOODLES,boiled,48,none,,,,,,,,,,,,
1470,"Spaghetti, Svevo 2017 durum wheat line",PASTA AND NOODLES,boiled,48,none,,,,,,,,,,,,
1471,"Spaghetti, white (Vetta, Greens Foods, Glendenning, Australia), boiled for 12 min",PASTA AND NOODLES,boiled,49,none,,,,,,,,,,,,
1472,"Spaghetti n°12 (De Cecco, Italy)",PASTA AND NOODLES,boiled,50,none,,,,,,,,,,,,
1473,"Spaghetti classici (Voiello, Italy)",PASTA AND NOODLES,boiled,51,none,,,,,,,,,,,,
1474,"Spaghetti, Svevo 2016 durum wheat line",PASTA AND NOODLES,boiled,52,none,,,,,,,,,,,,
1475,"Spaghetti pasta, dried (Budget, Safeway Traders Ltd, New Zealand)",PASTA AND NOODLES,dried,56,none,,,,,,,,,,,,
1476,"Spaghetti, Svevo durum wheat line SSIIa (silencing of starch synthases enzymes leading to an 28% increase in amylose and 2.8-fold increase in resistant starch)",PASTA AND NOODLES,boiled,49,none,,,,,,,,,,,,
1477,"Spaghetti, Svevo durum wheat line SBEIIa (silencing of starch branching enzymes leading to an 74% increase in amylose and 3.5-fold increase in resistant starch)",PASTA AND NOODLES,boiled,38,none,,,,,,,,,,,,
1478,"President's Choice® Blue Menu™ Whole Wheat spaghetti (Loblaw Brands Limited, Canada)",PASTA AND NOODLES,boiled,45,none,,,,,,,,,,,,
1479,"Spaghetti integrali (wholemeal durum wheat flour ) (Barilla, Italy)",PASTA AND NOODLES,boiled,35,none,,,,,,,,,,,,
1480,"Spaghetti integrali (wholemeal durum wheat flour ) (De Cecco, Italy)",PASTA AND NOODLES,boiled,55,none,,,,,,,,,,,,
1481,"Spaghetti Integrali (wholemeal durum wheat flour ) (Misura, Italy)",PASTA AND NOODLES,boiled,53,none,,,,,,,,,,,,
1482,"Wholemeal spaghetti, boiled for 8 min",PASTA AND NOODLES,boiled,62,none,,,,,,,,,,,,
1483,Buckwheat noodles,PASTA AND NOODLES,,59,none,,,,,,,,,,,,
1484,"Farfalle, mini, durum wheat flour, carrot and pumpkin pulps (Farfalle con carote e zucca, Piccolini, Barilla, Italy)",PASTA AND NOODLES,,44,none,,,,,,,,,,,,
1485,"Fettuccine, egg (Mother Earth Fine Foods, Rowville, Australia)",PASTA AND NOODLES,,47,none,,,,,,,,,,,,
1486,"Lower Carb Pasta (Herman Brot Pty Ltd, Australia), boiled in water for 7 min",PASTA AND NOODLES,boiled,22,none,,,,,,,,,,,,
1487,"Hokkien noodles (Fantastic Fresh, Australia)",PASTA AND NOODLES,,58,none,,,,,,,,,,,,
1488,"Lasagne, egg, dry pasta, boiled in unsalted water for 10 min",PASTA AND NOODLES,boiled,53,none,,,,,,,,,,,,
1489,"LGI & HDF Noodles, low GI and high fiber (SCIQ Biotech Pty Ltd, Australia)",PASTA AND NOODLES,,39,none,,,,,,,,,,,,
1490,"Linguine, fresh (Hollywood Foods More than Pasta, Canada)",PASTA AND NOODLES,,31,none,,,,,,,,,,,,
1491,"Low GI Noodles (Holista Biotech Corp., USA)",PASTA AND NOODLES,,38,none,,,,,,,,,,,,
1492,"Macaroni short pasta (ANCO professional, Soubry N.V., Roeselare, Belgium)",PASTA AND NOODLES,,63,none,,,,,,,,,,,,
1493,"Mung bean noodles (Longkou beanthread), dried, boiled (Yantai cereals, China)",PASTA AND NOODLES,boiled,39,none,,,,,,,,,,,,
1494,"Noodles, Jianxi rice vermicelli, boiled 8 min",PASTA AND NOODLES,boiled,56,none,,,,,,,,,,,,
1495,"Noodles, potato",PASTA AND NOODLES,,14,none,,,,,,,,,,,,
1496,"Noodles, Sau tao Beijing noodles, wheat flour and tapioca starch, boiled 3 min",PASTA AND NOODLES,boiled,61,none,,,,,,,,,,,,
1497,"Noodles, Taiwan vermicelli, rice and maize starch, boiled 2 min",PASTA AND NOODLES,boiled,68,none,,,,,,,,,,,,
1498,"Pasta, NS",PASTA AND NOODLES,,67,accepted,1.100,168928,"Pasta, cooked, unenriched, without added salt",Cereal Grains and Pasta,30.86,0.56,1.80,26.01,measured,0.0181,0.0583,0.8428
1499,"Pipe rigate, mini, durum wheat flour, tomato and carrot pulps (Pipe rigate con pomodori e carote, Piccolini, Barilla, Italy)",PASTA AND NOODLES,,47,none,,,,,,,,,,,,
1500,"Proti pasta, protein-enriched, boiled in water Vital Nature Inc, San Antonio, TX, USA)",PASTA AND NOODLES,boiled,28,none,,,,,,,,,,,,
1501,"Ravioli, durum wheat flour, stuffed with calf meat, fresh (Raviolini con Carne di Vitello, Pastificio Rana SpA, Italy)",PASTA AND NOODLES,,58,none,,,,,,,,,,,,
1502,"Rotini (Banza, LLC, USA)",PASTA AND NOODLES,,44,none,,,,,,,,,,,,
1503,Semolina pasta,PASTA AND NOODLES,,78,none,,,,,,,,,,,,
1504,"Spaghetti, soy, boiled 4 min (Revival Soy®, Physicians Pharmaceuticals, Inc, USA)",PASTA AND NOODLES,boiled,47,none,,,,,,,,,,,,
1505,"Tagliatelle all'uovo (durum wheat flour, eggs, dry ) (Barilla, Italy)",PASTA AND NOODLES,,55,none,,,,,,,,,,,,
1506,"Tagliatelle all'uovo (durum wheat flour, eggs ) (fresh pasta) (Pastificio Lo Scoiattolo, Italy)",PASTA AND NOODLES,,51,none,,,,,,,,,,,,
1507,"Udon noodles, plain, reheated 5 min (Fantastic, Windsor Gardens, SA, Australia)",PASTA AND NOODLES,,62,none,,,,,,,,,,,,
1508,"Vegie Pumpkin & Spinach Linguine, Latina™ Fresh, made from durum semolina, 25% pumpkin puree and 5% spinach puree, boiled in water for 2 min",PASTA AND NOODLES,boiled,67,none,,,,,,,,,,,,
1509,"Wheat noodle, dried",PASTA AND NOODLES,dried,46,none,,,,,,,,,,,,
1510,"Wheat noodle, dried, boiled for 5 min, drained (Sanlian Food, Shandong, China)",PASTA AND NOODLES,boiled,62,none,,,,,,,,,,,,
1511,"Apple Fruit Bar, fat-free, President's Choice® Blue Menu™ (Loblaw Brands Limited, Canada)",SNACK FOODS AND CONFECTIONERY,,90,none,,,,,,,,,,,,
1512,"Apple Cinnamon bar, Fruit & Yogurt Apple Cinnamon Chewy Bars (Soy), President's Choice® Blue Menu™ (Loblaw Brands Limited, Canada)",SNACK FOODS AND CONFECTIONERY,,34,none,,,,,,,,,,,,
1513,Apricot and Almond bar,SNACK FOODS AND CONFECTIONERY,,34,none,,,,,,,,,,,,
1514,Apricot dried fruit snack,SNACK FOODS AND CONFECTIONERY,,42,none,,,,,,,,,,,,
1515,"Apricot & apple fruit strips, gluten-free (Freedom Foods, Australia)",SNACK FOODS AND CONFECTIONERY,,29,none,,,,,,,,,,,,
1516,"Apricot filled fruit bar, pureed dried apricot filling in wholemeal pastry (Mother Earth, New Zealand)",SNACK FOODS AND CONFECTIONERY,,50,review,0.742,168861,"Snacks, granola bar, fruit-filled, nonfat",Snacks,77.60,45.24,7.40,24.00,measured,0.5830,0.0954,0.3093
1517,"Apricot & Yoghurt Healtheries Simple Bar, wheat and gluten- free (Aussie Bodies Pty. Ltd., Australia)",SNACK FOODS AND CONFECTIONERY,,40,none,,,,,,,,,,,,
1518,"Banana chips, dried banana pieces",SNACK FOODS AND CONFECTIONERY,dried,44,accepted,1.100,168849,"Snacks, banana chips",Snacks,58.40,35.34,7.70,15.36,estimated,0.6051,0.1318,0.2630
1519,"Banana Fruit Fingers, Heinz Kidz™ (HJ Heinz, Australia)",SNACK FOODS AND CONFECTIONERY,,61,none,,,,,,,,,,,,
1520,"Banana, processed fruit fingers, Heinz Kidz™ (H J Heinz, Malvern, Australia)",SNACK FOODS AND CONFECTIONERY,,61,review,0.767,168849,"Snacks, banana chips",Snacks,58.40,35.34,7.70,15.36,estimated,0.6051,0.1318,0.2630
1521,"Berry & Yoghurt Healtheries Simple Bar, wheat and gluten free (Aussie Bodies Pty. Ltd., Australia)",SNACK FOODS AND CONFECTIONERY,,51,none,,,,,,,,,,,,
1522,"Berry bar, Berrylicious Trim Bar (Aussie Bodies Pty. Ltd., Australia)",SNACK FOODS AND CONFECTIONERY,,46,review,0.850,174803,"Snack, Mixed Berry Bar",Snacks,58.84,26.32,7.90,24.62,estimated,0.4473,0.1343,0.4184
1523,"Blackberry Sour Buzz dried fruit leather, Sunripe School Straps (Windsor Farm Foods, Australia)",SNACK FOODS AND CONFECTIONERY,,35,none,,,,,,,,,,,,
1524,Citrus Lemon Protein Bar (Herbalife of Japan K.K.),SNACK FOODS AND CONFECTIONERY,,31,none,,,,,,,,,,,,
1525,"Cranberry, Blueberry bar, Fruit & Yogurt Cranberry Blueberry Bars (Soy), President's Choice® Blue Menu™ (Loblaw Brands Limited, Canada)",SNACK FOODS AND CONFECTIONERY,,33,none,,,,,,,,,,,,
1526,"Fig Fruit bar, President's Choice® Blue Menu™ (Loblaw Brands Limited, Canada)",SNACK FOODS AND CONFECTIONERY,,70,none,,,,,,,,,,,,
1527,"Fruit and nut mix (Finest, UK)",SNACK FOODS AND CONFECTIONERY,,15,review,0.733,173151,"Snacks, NUTRI-GRAIN FRUIT AND NUT BAR",Snacks,66.72,32.45,7.50,26.77,estimated,0.4864,0.1124,0.4012
1528,"Fruit snack processed, Roll-Ups® (Uncle Toby's, Australia)",SNACK FOODS AND CONFECTIONERY,,99,review,0.817,167541,"Snacks, fruit leather, rolls",Sweets,85.80,49.16,0.00,36.64,estimated,0.5730,0.0000,0.4270
1529,"Ginger, candied, sucrose-free (Buderim Ginger, Australia)",SNACK FOODS AND CONFECTIONERY,,10,none,,,,,,,,,,,,
1530,"Peach & pear fruit strips, gluten-free (Freedom Foods, Australia)",SNACK FOODS AND CONFECTIONERY,,29,none,,,,,,,,,,,,
1531,"Raspberry Fruit bar, fat-free, President's Choice® Blue Menu™ (Loblaw Brands Limited, Canada)",SNACK FOODS AND CONFECTIONERY,,74,none,,,,,,,,,,,,
1532,"Strawberry processed fruit bar, Real Fruit (Uncle Toby's, Australia)",SNACK FOODS AND CONFECTIONERY,,90,none,,,,,,,,,,,,
1533,"Strawberry Fruit Bar, Kettle Valley (SunOpta, Inc., Brampton, ON, Canada)",SNACK FOODS AND CONFECTIONERY,,32,none,,,,,,,,,,,,
1534,"Strawberry Fruit Bar, Kettle Valley (SunOpta, Inc., Brampton, ON, Canada)",SNACK FOODS AND CONFECTIONERY,,34,none,,,,,,,,,,,,
1535,"Strawberry Fruit Bar, Kettle Valley (SunOpta, Inc., Brampton, ON, Canada)",SNACK FOODS AND CONFECTIONERY,,35,none,,,,,,,,,,,,
1536,"Strawberry Fruit Bar, Kettle Valley (SunOpta, Inc., Brampton, ON, Canada)",SNACK FOODS AND CONFECTIONERY,,31,none,,,,,,,,,,,,
1537,"Strawberry Fruit Bar, Kettle Valley (SunOpta, Inc., Brampton, ON, Canada)",SNACK FOODS AND CONFECTIONERY,,35,none,,,,,,,,,,,,
1538,"Strawberry Fruit Bar, Kettle Valley (SunOpta, Inc., Brampton, ON, Canada)",SNACK FOODS AND CONFECTIONERY,,31,none,,,,,,,,,,,,
1539,"Strawberry Fruit Bar, Kettle Valley (SunOpta, Inc., Brampton, ON, Canada)",SNACK FOODS AND CONFECTIONERY,,36,none,,,,,,,,,,,,
1540,"Strawberry Fruit Bar, Kettle Valley (SunOpta, Inc., Brampton, ON, Canada)",SNACK FOODS AND CONFECTIONERY,,30,none,,,,,,,,,,,,
1541,"Strawberry fruit leather (Stretch Island Fruit Company™, WA, USA)",SNACK FOODS AND CONFECTIONERY,,29,review,0.817,167540,"Snacks, fruit leather, pieces",Sweets,82.82,57.58,0.00,25.24,estimated,0.6952,0.0000,0.3048
1542,"Sweet strawberry fruit leather (Stretch Island Fruit Company™, WA, USA), tested with water",SNACK FOODS AND CONFECTIONERY,,25,none,,,,,,,,,,,,
1543,"Sweet strawberry fruit leather (Stretch Island Fruit Company™, WA, USA), tested with coffee or tea",SNACK FOODS AND CONFECTIONERY,,22,none,,,,,,,,,,,,
1544,"Sweet strawberry fruit leather (Stretch Island Fruit Co, Allyn, WA , USA)",SNACK FOODS AND CONFECTIONERY,,33,none,,,,,,,,,,,,
1545,"Strawberry & wildberry dried fruit leather, Sunripe School Straps (Windsor Farm Foods, Australia)",SNACK FOODS AND CONFECTIONERY,,40,none,,,,,,,,,,,,
1546,Tropical dried fruit snack,SNACK FOODS AND CONFECTIONERY,,41,none,,,,,,,,,,,,
1547,"Tropical fruit and nut mix (Finest, UK)",SNACK FOODS AND CONFECTIONERY,,49,none,,,,,,,,,,,,
1548,Wild berry dried fruit snack,SNACK FOODS AND CONFECTIONERY,,35,none,,,,,,,,,,,,
1549,"ChickPea chips (Freedom Foods, Australia)",SNACK FOODS AND CONFECTIONERY,,44,none,,,,,,,,,,,,
1550,"Combos Snacks Cheddar Cheese Crackers (M&M/Mars, USA)",SNACK FOODS AND CONFECTIONERY,,54,none,,,,,,,,,,,,
1551,"Combos Snacks Cheddar Cheese Pretzels (M&M/Mars, USA)",SNACK FOODS AND CONFECTIONERY,,52,review,0.933,167964,"Snacks, M&M MARS, COMBOS Snacks Cheddar Cheese Pretzel",Snacks,66.50,17.60,3.60,45.30,estimated,0.2647,0.0541,0.6812
1552,"Cheese Puffs, made from rice and corn puffs, aged white cheddar extruded snack, Pirate's Booty brand (Robert's American Gourmet, Sea Cliff, NY, USA)",SNACK FOODS AND CONFECTIONERY,extruded,70,review,0.725,167949,"Snacks, corn-based, extruded, puffs or twists, cheese-flavor",Snacks,54.54,3.57,0.80,50.48,measured,0.0655,0.0147,0.9256
1553,"Cheese Puffs, Pirates Booty brand (Robert’s American Gourmet, Sea Cliff, NY, USA)",SNACK FOODS AND CONFECTIONERY,,74,none,,,,,,,,,,,,
1554,"Cheese Puffs, Pirates Booty brand (Robert’s American Gourmet, Sea Cliff, NY, USA), tested with water",SNACK FOODS AND CONFECTIONERY,,53,none,,,,,,,,,,,,
1555,"Cheese Puffs, Pirates Booty brand (Robert’s American Gourmet, Sea Cliff, NY, USA), tested with coffee or tea",SNACK FOODS AND CONFECTIONERY,,53,none,,,,,,,,,,,,
1556,"Rice and corn cheese flavored extruded snack, Twisties™ (Smith's Snackfood Co., Australia)",SNACK FOODS AND CONFECTIONERY,extruded,74,none,,,,,,,,,,,,
1557,"Brown rice chips with wild rice, gluten-free, SunRice™",SNACK FOODS AND CONFECTIONERY,,70,none,,,,,,,,,,,,
1558,"Corn chips, plain, salted (Doritos™ original, Smith's Snack Food Co., Australia)",SNACK FOODS AND CONFECTIONERY,,42,none,,,,,,,,,,,,
1559,"Grain Waves Original flavored wholegrain chips, Smith’s™",SNACK FOODS AND CONFECTIONERY,,51,none,,,,,,,,,,,,
1560,Finger millet extruded snack,SNACK FOODS AND CONFECTIONERY,extruded,65,none,,,,,,,,,,,,
1561,"Flaxseed Tortilla chips, Sea Salt, President's Choice® Blue Menu™ (Loblaw Brands Limited, Canada)",SNACK FOODS AND CONFECTIONERY,,45,none,,,,,,,,,,,,
1562,"Flaxseed Tortilla chips, Spicy, President's Choice® Blue Menu™ (Loblaw Brands Limited, Canada)",SNACK FOODS AND CONFECTIONERY,,34,none,,,,,,,,,,,,
1563,"Japanese Tamari Rice & Corn Crisps, President's Choice® Blue Menu™ (Loblaw Brands Limited, Canada)",SNACK FOODS AND CONFECTIONERY,,91,none,,,,,,,,,,,,
1564,"Japanese Wasabi & Honey Rice & Corn Crisps, President's Choice® Blue Menu™ (Loblaw Brands Limited, Canada)",SNACK FOODS AND CONFECTIONERY,,82,none,,,,,,,,,,,,
1565,"Prawn crackers, BBQ Rib flavor, Infuzions™, made from tapioca and wheat (Majans Pty Ltd, QLD, Australia)",SNACK FOODS AND CONFECTIONERY,,74,none,,,,,,,,,,,,
1566,"Pretzels, oven-baked, traditional wheat flavor, 97% fat free (Parker's, Smith's Snack Food Co., Australia)",SNACK FOODS AND CONFECTIONERY,baked,84,none,,,,,,,,,,,,
1567,"Thai Curry Rice & Corn Crisps, President's Choice® Blue Menu™ (Loblaw Brands Limited, Canada)",SNACK FOODS AND CONFECTIONERY,,84,none,,,,,,,,,,,,
1568,"Poppin Microwave Popcorn, butter flavor Green's Foods, Australia)",SNACK FOODS AND CONFECTIONERY,microwaved,51,none,,,,,,,,,,,,
1569,"Microwave Popping Corn, natural flavor, President's Choice® Blue Menu™ (Loblaw Brands Limited, Canada)",SNACK FOODS AND CONFECTIONERY,microwaved,58,none,,,,,,,,,,,,
1570,"Poppin Microwave Popcorn, butter flavor Green's Foods, Australia)",SNACK FOODS AND CONFECTIONERY,microwaved,62,none,,,,,,,,,,,,
1571,"Poppin Lite Microwave Popcorn, butter flavor, 50% reduced fat (Green's Foods, Australia)",SNACK FOODS AND CONFECTIONERY,microwaved,67,none,,,,,,,,,,,,
1572,"Microwave Popping Corn, butter flavor, President's Choice® Blue Menu™ (Loblaw Brands Limited, Canada)",SNACK FOODS AND CONFECTIONERY,microwaved,72,none,,,,,,,,,,,,
1573,"Potato chips, crinkle cut, Smith’s™ Original",SNACK FOODS AND CONFECTIONERY,,48,none,,,,,,,,,,,,
1574,"Potato chips, Pringles™ Original",SNACK FOODS AND CONFECTIONERY,,57,none,,,,,,,,,,,,
1575,Potato crisps,SNACK FOODS AND CONFECTIONERY,,60,none,,,,,,,,,,,,
1576,"Baked potato chips (Baked Lays, Original Potato Crisps)",SNACK FOODS AND CONFECTIONERY,baked,72,none,,,,,,,,,,,,
1577,"Baked potato chips (Baked Lays, Original Potato Crisps)",SNACK FOODS AND CONFECTIONERY,baked,71,none,,,,,,,,,,,,
1578,"Sweet potato crisps, Red Rock Deli™ (The Red Rock Deli Chip Company, VIC, Australia)",SNACK FOODS AND CONFECTIONERY,,41,none,,,,,,,,,,,,
1579,"Soy based snack product, SoyCarat Cheese flavor (Otsuka Pharmaceutical Co, Ltd, Japan)",SNACK FOODS AND CONFECTIONERY,,44,none,,,,,,,,,,,,
1580,"Soy based snack product, SoyCarat Olive Oil & Garlic flavor (Otsuka Pharmaceutical Co, Ltd, Japan)",SNACK FOODS AND CONFECTIONERY,,41,none,,,,,,,,,,,,
1581,"Soy based snack product, SoyCarat Nori & Natto flavor (Otsuka Pharmaceutical Co, Ltd, Japan)",SNACK FOODS AND CONFECTIONERY,,37,none,,,,,,,,,,,,
1582,"Sunshine™ soy protein chips, lightly salted (Revival Soy®, Physicians Pharmaceuticals, Inc., USA)",SNACK FOODS AND CONFECTIONERY,,87,none,,,,,,,,,,,,
1583,Puffed rice squares,SNACK FOODS AND CONFECTIONERY,popped,77,none,,,,,,,,,,,,
1584,Wasabi peas,SNACK FOODS AND CONFECTIONERY,,41,review,0.750,173157,"Snacks, peas, roasted, wasabi-flavored",Snacks,62.20,14.11,3.80,44.29,estimated,0.2268,0.0611,0.7121
1585,"Almond Chocolate (Meiji Co. Ltd, Japan)",SNACK FOODS AND CONFECTIONERY,,24,none,,,,,,,,,,,,
1586,"Chocolate crinkles, containing wheat flour and coconut flour",SNACK FOODS AND CONFECTIONERY,,44,none,,,,,,,,,,,,
1587,"® Chocolate, dark, Dove (M&M/Mars, USA)",SNACK FOODS AND CONFECTIONERY,,23,review,0.767,170271,"Chocolate, dark, 45- 59% cacao solids",Sweets,61.17,47.90,7.00,6.27,estimated,0.7831,0.1144,0.1025
1588,"Chocolate, dark, 74% Cocoa (Alpes d'Or, Hangzhou Qiaokemei, China)",SNACK FOODS AND CONFECTIONERY,,44,review,0.767,170271,"Chocolate, dark, 45- 59% cacao solids",Sweets,61.17,47.90,7.00,6.27,estimated,0.7831,0.1144,0.1025
1589,"Chocolate Kouka Cacao 86% (Meiji Co. Ltd, Japan)",SNACK FOODS AND CONFECTIONERY,,18,review,0.733,170271,"Chocolate, dark, 45- 59% cacao solids",Sweets,61.17,47.90,7.00,6.27,estimated,0.7831,0.1144,0.1025
1590,"Chocolate Kouka Cacao 72% (Meiji Co. Ltd, Japan)",SNACK FOODS AND CONFECTIONERY,,29,review,0.733,170271,"Chocolate, dark, 45- 59% cacao solids",Sweets,61.17,47.90,7.00,6.27,estimated,0.7831,0.1144,0.1025
1591,"Chocolate, dark with raisins, peanuts and jam",SNACK FOODS AND CONFECTIONERY,,44,review,0.767,170271,"Chocolate, dark, 45- 59% cacao solids",Sweets,61.17,47.90,7.00,6.27,estimated,0.7831,0.1144,0.1025
1592,"Chocolate, milk, Meiji brand (Meiji Co. Ltd, Japan)",SNACK FOODS AND CONFECTIONERY,,39,none,,,,,,,,,,,,
1593,"Chocolate, milk, Dove® (Mars Confectionery, Ballarat, Australia)",SNACK FOODS AND CONFECTIONERY,,45,none,,,,,,,,,,,,
1594,"Chocolate, milk (Milka, Mondelez, Italy)",SNACK FOODS AND CONFECTIONERY,,54,none,,,,,,,,,,,,
1595,"Chocolate, milk (Nestlé, Sydney, NSW, Australia)",SNACK FOODS AND CONFECTIONERY,,42,none,,,,,,,,,,,,
1596,"Milk chocolate egg (Ovetto cioccolato, Dolci Preziosi, Italy)",SNACK FOODS AND CONFECTIONERY,,48,none,,,,,,,,,,,,
1597,"Chocolate, NS",SNACK FOODS AND CONFECTIONERY,,49,none,,,,,,,,,,,,
1598,"Chocolate, white, Lindt™ Lindor",SNACK FOODS AND CONFECTIONERY,,34,none,,,,,,,,,,,,
1599,"Chocolate, white, Milky Bar® (Nestlé, Australia)",SNACK FOODS AND CONFECTIONERY,,41,none,,,,,,,,,,,,
1600,"Chocolate, white, Milky Bar® (Nestlé, Australia)",SNACK FOODS AND CONFECTIONERY,,44,none,,,,,,,,,,,,
1601,"White chocolate bar (Galak, Nestlè, Italy)",SNACK FOODS AND CONFECTIONERY,,44,none,,,,,,,,,,,,
1602,"Chocolate candy, sugar free, Dove® (M&M/Mars, USA)",SNACK FOODS AND CONFECTIONERY,,23,none,,,,,,,,,,,,
1603,"Cocoavia™ high flavanol chocolate covered almonds (M&M/Mars, USA)",SNACK FOODS AND CONFECTIONERY,,21,none,,,,,,,,,,,,
1604,"Chocolate coated wafer, with whole hazelnut and chocolate cream filling, Duplo nocciolato (Ferrero, Italy)",SNACK FOODS AND CONFECTIONERY,,59,none,,,,,,,,,,,,
1605,"Chocolate coated chocolate soaked cookie, Galbo Chocolate (Meiji Co. Ltd, Japan)",SNACK FOODS AND CONFECTIONERY,,37,none,,,,,,,,,,,,
1606,"Jelly, made from commercial jelly crystals, Raspberry Razzle flavor (Aeroplane Jelly Company, West Ryde, Australia), prepared with water",SNACK FOODS AND CONFECTIONERY,,53,review,1.100,169642,Jellies,Sweets,69.95,51.22,1.00,17.73,estimated,0.7322,0.0143,0.2535
1607,"Jelly beans, assorted colors (Savings, Grocery Holdings, Tooronga, Australia)",SNACK FOODS AND CONFECTIONERY,,76,none,,,,,,,,,,,,
1608,"Kinder Joy/ Merendero (Hazelnut and vanilla cream, with wafer balls coated with chocolate and hazelnut crumbs) (Kinder, Ferrero, Italy)",SNACK FOODS AND CONFECTIONERY,,42,none,,,,,,,,,,,,
1609,"Kinder Softy nocciola (Praline with hazelnut cream ) (Kinder, Ferrero, Italy)",SNACK FOODS AND CONFECTIONERY,,43,none,,,,,,,,,,,,
1610,Licorice pieces,SNACK FOODS AND CONFECTIONERY,,69,none,,,,,,,,,,,,
1611,"Licorice, soft (Coles Supermarkets, Australia)",SNACK FOODS AND CONFECTIONERY,,78,none,,,,,,,,,,,,
1612,"Macadamia Chocolate (Meiji Co. Ltd, Japan)",SNACK FOODS AND CONFECTIONERY,,24,none,,,,,,,,,,,,
1613,"M&M's® , peanut (Mars Confectionery, Australia)",SNACK FOODS AND CONFECTIONERY,,33,none,,,,,,,,,,,,
1614,"Mars Bar® (Mars Confectionery, Australia)",SNACK FOODS AND CONFECTIONERY,,62,none,,,,,,,,,,,,
1615,"Marshmallows (Candy Lane, Australia)",SNACK FOODS AND CONFECTIONERY,,62,none,,,,,,,,,,,,
1616,"Marshmallows (Woolworths Homebrand, Australia)",SNACK FOODS AND CONFECTIONERY,,67,none,,,,,,,,,,,,
1617,"Nutella® , chocolate hazelnut spread (Ferrero Australia, Milson's Point, NSW, Australia)",SNACK FOODS AND CONFECTIONERY,,33,none,,,,,,,,,,,,
1618,"Nutella® , chocolate hazelnut spread (Ferrero Australia, Australia)",SNACK FOODS AND CONFECTIONERY,,30,none,,,,,,,,,,,,
1619,"Nutella® , chocolate hazelnut spread (Ferrero Australia, Australia)",SNACK FOODS AND CONFECTIONERY,,25,none,,,,,,,,,,,,
1620,"Nutella® (Ferrero, Italy)",SNACK FOODS AND CONFECTIONERY,,45,none,,,,,,,,,,,,
1621,"Nutella & Go (Hazelnut chocolate spread with breadsticks) (Ferrero, Italy)",SNACK FOODS AND CONFECTIONERY,,57,none,,,,,,,,,,,,
1622,"Nutella B-ready (Wafer bar, hazelnut cream-filled ) (Ferrero, Italy)",SNACK FOODS AND CONFECTIONERY,,55,none,,,,,,,,,,,,
1623,"Pocket Coffee (Praline, with coffee cream ) (Ferrero, Italy)",SNACK FOODS AND CONFECTIONERY,,58,none,,,,,,,,,,,,
1624,"Pop Tarts™, double choc (Kellogg's, Australia)",SNACK FOODS AND CONFECTIONERY,,70,none,,,,,,,,,,,,
1625,"Raffaello (Ferrero, Italy)",SNACK FOODS AND CONFECTIONERY,,52,none,,,,,,,,,,,,
1626,"Rocher (Ferrero, Italy)",SNACK FOODS AND CONFECTIONERY,,53,none,,,,,,,,,,,,
1627,"Rondnoir (Ferrero, Italy)",SNACK FOODS AND CONFECTIONERY,,53,none,,,,,,,,,,,,
1628,"Rum balls, containing dark chocolate and coconut",SNACK FOODS AND CONFECTIONERY,,50,none,,,,,,,,,,,,
1629,"Skittles® (Mars Confectionery, Australia)",SNACK FOODS AND CONFECTIONERY,,70,none,,,,,,,,,,,,
1630,"Slush, lemon (Granigel la granita classica siciliana, Dolfin, Italy)",SNACK FOODS AND CONFECTIONERY,,66,none,,,,,,,,,,,,
1631,"Sorbet, caffè/cappuccino (GranSoleil Gran dessert Caffè/Cappuccino, Ferrero, Italy)",SNACK FOODS AND CONFECTIONERY,,62,none,,,,,,,,,,,,
1632,"Sorbet, lemon (GranSoleil Gran dessert Limone, Ferrero, Italy)",SNACK FOODS AND CONFECTIONERY,,58,none,,,,,,,,,,,,
1633,"Sorbet, lemon (Sorbetto al limone, Carte d’or, Algida, Italy)",SNACK FOODS AND CONFECTIONERY,,72,none,,,,,,,,,,,,
1634,"Sorbet, vanilla (GranSoleil Gran dessert Vaniglia, Ferrero, Italy)",SNACK FOODS AND CONFECTIONERY,,57,none,,,,,,,,,,,,
1635,"Sour Straws, strawberry flavor, gummy/chewy confectionery",SNACK FOODS AND CONFECTIONERY,,76,none,,,,,,,,,,,,
1636,"Yummiees lollies (Allseps Pty. Ltd., Australia)",SNACK FOODS AND CONFECTIONERY,,43,none,,,,,,,,,,,,
1637,"Cold-pressed bar, made with 22.1 g maltodextrin (Globe Plus 10 DE maltodextrin) and 21.8 g corn syrup (Globe Plus 63 DE Maltodextrin)",SNACK FOODS AND CONFECTIONERY,,93,none,,,,,,,,,,,,
1638,"Cold-pressed bar, made with 24.9 g SDS (SUSTRA™ 2434 slowly digestible carbohydrate) (Ingredion Incorporated, Bridgewater, NJ) and 18.9 g corn syrup (Globe Plus 63 DE Maltodextrin)",SNACK FOODS AND CONFECTIONERY,,50,none,,,,,,,,,,,,
1639,"Chewy Chocolate Chip & Marshmallow Granola bar, President's Choice® Blue Menu™ (Loblaw Brands Limited, Canada)",SNACK FOODS AND CONFECTIONERY,,78,review,0.781,169674,"Snacks, granola bars, soft, uncoated, chocolate chip",Snacks,70.20,28.92,3.80,21.95,measured,0.4120,0.0541,0.3127
1640,"Chewy Cranberry Apple Granola Bar, President's Choice® Blue Menu™(Loblaw Brands Limited, Canada)",SNACK FOODS AND CONFECTIONERY,,58,none,,,,,,,,,,,,
1641,"Chocolate Healtheries Simple bar, wheat and gluten free (Aussie Bodies Pty. Ltd., Australia)",SNACK FOODS AND CONFECTIONERY,,35,none,,,,,,,,,,,,
1642,"Cocoavia™ high flavanol chocolate almond Snack bar (M&M/Mars, USA)",SNACK FOODS AND CONFECTIONERY,,63,none,,,,,,,,,,,,
1643,"Cocoavia™ Crispy Chocolate bar (M&M/Mars, USA)",SNACK FOODS AND CONFECTIONERY,,33,none,,,,,,,,,,,,
1644,"ExtendBar™ Apple Cinnamon Delight bar (ExtendBar, USA)",SNACK FOODS AND CONFECTIONERY,,33,none,,,,,,,,,,,,
1645,"ExtendBar™ Chocolate Delight bar (ExtendBar, USA)",SNACK FOODS AND CONFECTIONERY,,41,none,,,,,,,,,,,,
1646,"ExtendBar™ Peanut Delight bar (ExtendBar, USA)",SNACK FOODS AND CONFECTIONERY,,32,none,,,,,,,,,,,,
1647,"Fruit and Nuts Superfoods bar (SoLo GI Nutrition, Inc, Canada)",SNACK FOODS AND CONFECTIONERY,,40,review,0.742,173151,"Snacks, NUTRI-GRAIN FRUIT AND NUT BAR",Snacks,66.72,32.45,7.50,26.77,estimated,0.4864,0.1124,0.4012
1648,"Granola bar, containing wheat flour and coconut flour",SNACK FOODS AND CONFECTIONERY,,46,none,,,,,,,,,,,,
1649,"Griffin's Fruitli bar, apricot (Griffins, Auckland, New Zealand)",SNACK FOODS AND CONFECTIONERY,,54,none,,,,,,,,,,,,
1650,"Kinder Bueno white (Wafer bar, milk and hazelnut spread- filled, coated white chocolate) (Kinder, Ferrero, Italy)",SNACK FOODS AND CONFECTIONERY,,47,none,,,,,,,,,,,,
1651,"Kinder Choco fresh (Chocolate bar, milk cream-filled, fresh) (Kinder, Ferrero, Italy)",SNACK FOODS AND CONFECTIONERY,,55,none,,,,,,,,,,,,
1652,"Kinder Happy Hippo (Wafer bar, milk and hazelnut spread- filled, partially coated with white chocolate) (Kinder, Ferrero)",SNACK FOODS AND CONFECTIONERY,,47,none,,,,,,,,,,,,
1653,"Kinder Maxi king (Milk cream bar, sponge cake-filled, coated with chocolate and hazelnut crumbs, fresh) (Kinder, Ferrero, Italy)",SNACK FOODS AND CONFECTIONERY,,58,none,,,,,,,,,,,,
1654,"Kinder Pinguì cacao (Milk cream bar, sponge cake-filled, coated with chocolate, fresh ) (Kinder, Ferrero, Italy)",SNACK FOODS AND CONFECTIONERY,,51,none,,,,,,,,,,,,
1655,"Kinder Pinguì cocco (Milk cream bar, sponge cake-filled, coated with chocolate and coconut, fresh) (Kinder, Ferrero, Italy)",SNACK FOODS AND CONFECTIONERY,,53,none,,,,,,,,,,,,
1656,"KitKat (Nestlè, Italy)",SNACK FOODS AND CONFECTIONERY,,50,none,,,,,,,,,,,,
1657,"Kudos Milk Chocolate Granola bar with M&M's Milk Chocolate Mini Baking Bits (M&M/Mars, USA)",SNACK FOODS AND CONFECTIONERY,baked,52,none,,,,,,,,,,,,
1658,"Kudos Whole-Grain bars, chocolate chip (M&M/Mars, Hackettstown, USA)",SNACK FOODS AND CONFECTIONERY,,62,accepted,0.957,169689,"Snacks, M&M MARS, KUDOS Whole Grain Bar, chocolate chip",Snacks,72.31,38.78,2.60,30.93,estimated,0.5363,0.0360,0.4277
1659,"Kudos Milk Chocolate Granola bars, Peanut Butter flavor (M&M/Mars, USA)",SNACK FOODS AND CONFECTIONERY,,45,review,0.830,168095,"Granola bar, soft, milk chocolate coated, peanut butter",Snacks,54.10,23.63,3.80,26.67,estimated,0.4368,0.0702,0.4930
1660,"Milky Way® bar (M&M/Mars, USA)",SNACK FOODS AND CONFECTIONERY,,62,none,,,,,,,,,,,,
1661,"Milky Way® Lite bar (M&M/Mars, USA)",SNACK FOODS AND CONFECTIONERY,,45,none,,,,,,,,,,,,
1662,"Munch Peanut Butter bar (M&M/Mars, USA)",SNACK FOODS AND CONFECTIONERY,,27,none,,,,,,,,,,,,
1663,"Nuts and Seeds Superfoods bar (SoLo GI Nutrition, Inc, Canada)",SNACK FOODS AND CONFECTIONERY,,33,none,,,,,,,,,,,,
1664,"Nutbutter bar (SoLo GI Nutrition, Inc, Canada, Canada)",SNACK FOODS AND CONFECTIONERY,,22,none,,,,,,,,,,,,
1665,"Omega bar, containing linseeds, sunflower kernels and nuts, gluten-free (Freedom Foods, Australia)",SNACK FOODS AND CONFECTIONERY,,21,none,,,,,,,,,,,,
1666,"Peak Fuel Summit bar, Peanut Brownie (Peak Fuel, Hamner Springs, New Zealand)",SNACK FOODS AND CONFECTIONERY,,60,none,,,,,,,,,,,,
1667,"Peanut Butter Chocolate Pal™ bar (Revival Soy® , Physicians Pharmaceuticals, Inc., USA)",SNACK FOODS AND CONFECTIONERY,,52,none,,,,,,,,,,,,
1668,"60% Whole Wheat Fig Fruit bar, President's Choice® Blue Menu™ (Loblaw Brands Limited, Canada)",SNACK FOODS AND CONFECTIONERY,,72,none,,,,,,,,,,,,
1669,"Snack bar, Apple Cinnamon (Con Agra Inc., Omaha, NE, USA)",SNACK FOODS AND CONFECTIONERY,,40,none,,,,,,,,,,,,
1670,"Snack bar, Peanut Butter and Choc-Chip (Con Agra Inc., USA)",SNACK FOODS AND CONFECTIONERY,,37,none,,,,,,,,,,,,
1671,"Soy Joy Fruit & Soy Bar® , Apple (Otsuka Pharmaceutical Co Ltd, Tokyo, Japan)",SNACK FOODS AND CONFECTIONERY,,19,none,,,,,,,,,,,,
1672,"Soy Joy Fruit & Soy Bar® , Apricot (Otsuka Pharmaceutical Co Ltd, Tokyo, Japan)",SNACK FOODS AND CONFECTIONERY,,27,none,,,,,,,,,,,,
1673,"Soy Joy Fruit & Soy Bar® , Chocolate Orange (Otsuka Pharmaceutical Co Ltd, Tokyo, Japan)",SNACK FOODS AND CONFECTIONERY,,41,none,,,,,,,,,,,,
1674,"Soy Joy Fruit & Soy Bar® , Mango Coconut (Otsuka Pharmaceutical Co Ltd, Tokyo, Japan)",SNACK FOODS AND CONFECTIONERY,,28,none,,,,,,,,,,,,
1675,"Soy Joy Fruit & Soy Bar® , Plum + Fe (Otsuka Pharmaceutical Co Ltd, Tokyo, Japan)",SNACK FOODS AND CONFECTIONERY,,25,none,,,,,,,,,,,,
1676,"Soy Joy Fruit & Soy Bar® , Plum + Folic acid (Otsuka Pharmaceutical Co Ltd, Tokyo, Japan)",SNACK FOODS AND CONFECTIONERY,,27,none,,,,,,,,,,,,
1677,"Soy Joy Fruit & Soy Bar® , Raisin Almond (Otsuka Pharmaceutical Co Ltd, Tokyo, Japan)",SNACK FOODS AND CONFECTIONERY,,28,none,,,,,,,,,,,,
1678,"Soy Joy Fruit & Soy Bar® , Sanzashi (Otsuka Pharmaceutical Co Ltd, Tokyo, Japan)",SNACK FOODS AND CONFECTIONERY,,29,none,,,,,,,,,,,,
1679,"Soy Joy Fruit & Soy Bar® , Strawberry (Otsuka Pharmaceutical Co Ltd, Tokyo, Japan)",SNACK FOODS AND CONFECTIONERY,,33,none,,,,,,,,,,,,
1680,"Trim bar, Chocorama (Aussie Bodies Pty. Ltd., Australia)",SNACK FOODS AND CONFECTIONERY,,31,none,,,,,,,,,,,,
1681,"Trim bar, Mocha flavor (Aussie Bodies Pty. Ltd., Australia)",SNACK FOODS AND CONFECTIONERY,,25,none,,,,,,,,,,,,
1682,"Tronky Nocciola (Wafer bar, hazelnut cream-filled with hazelnut crumbs ) (Ferrero, Italy)",SNACK FOODS AND CONFECTIONERY,,61,none,,,,,,,,,,,,
1683,"Twix® Cookie Bar, caramel (M&M/Mars, USA)",SNACK FOODS AND CONFECTIONERY,,44,none,,,,,,,,,,,,
1684,"Chocolate Cherry Almond bar (Beachbody, LLC, USA)",SNACK FOODS AND CONFECTIONERY,,22,none,,,,,,,,,,,,
1685,"Clif bar, Chocolate Brownie Energy bar (Clif Bar Inc., Berkeley, USA)",SNACK FOODS AND CONFECTIONERY,,57,none,,,,,,,,,,,,
1686,"Energy bar, containing with soy protein isolate, peanut butter and corn syrup",SNACK FOODS AND CONFECTIONERY,,45,none,,,,,,,,,,,,
1687,Energy bar with 2.0 g Filtered Molasses Concentrate added per 100 g (4.01 g FMC/100 gcarbohydrate),SNACK FOODS AND CONFECTIONERY,,40,none,,,,,,,,,,,,
1688,"Peanut Butter Chocolate bar (Beachbody, LLC)",SNACK FOODS AND CONFECTIONERY,,32,none,,,,,,,,,,,,
1689,"Performance Chocolate Energy bar (Power Bar, USA)",SNACK FOODS AND CONFECTIONERY,,53,none,,,,,,,,,,,,
1690,"Power Bar® , chocolate (Powerfood Inc., Berkeley, USA)",SNACK FOODS AND CONFECTIONERY,,58,none,,,,,,,,,,,,
1691,"SmartZone Chocolate flavor, Nutrition bar (Hershey's Food Corporation, Hershey, PA, USA)",SNACK FOODS AND CONFECTIONERY,,16,none,,,,,,,,,,,,
1692,"SmartZone Crunchy Blueberry flavor, Nutrition bar (Hershey's Food Corporation, Hershey, PA, USA)",SNACK FOODS AND CONFECTIONERY,,15,none,,,,,,,,,,,,
1693,"SmartZone Crunchy Chocolate Brownie flavor, Nutrition bar (Hershey's Food Corporation, Hershey, PA, USA)",SNACK FOODS AND CONFECTIONERY,,23,none,,,,,,,,,,,,
1694,"SmartZone Crunchy Chocolate Caramel flavor, Nutrition bar (Hershey's Food Corporation, Hershey, PA, USA)",SNACK FOODS AND CONFECTIONERY,,16,none,,,,,,,,,,,,
1695,"SmartZone Crunchy Chocolate Peanut Butter flavor, Nutrition bar (Hershey's Food Corporation, Hershey, PA, USA)",SNACK FOODS AND CONFECTIONERY,,14,none,,,,,,,,,,,,
1696,"SmartZone Crunchy Key Lime flavor, Nutrition bar (Hershey's Food Corporation, Hershey, PA, USA)",SNACK FOODS AND CONFECTIONERY,,14,none,,,,,,,,,,,,
1697,"SmartZone Peanut Butter flavor, Nutrition bar (Hershey's Food Corporation, Hershey, PA, USA)",SNACK FOODS AND CONFECTIONERY,,18,none,,,,,,,,,,,,
1698,"Snickers® Marathon Energy bar , Chewy Chocolate Peanut flavor (M&M/Mars, USA)",SNACK FOODS AND CONFECTIONERY,,36,none,,,,,,,,,,,,
1699,"Snickers® Marathon Energy bar , Cookies & Crème flavor (M&M/Mars, USA)",SNACK FOODS AND CONFECTIONERY,,50,none,,,,,,,,,,,,
1700,"Snickers® Marathon Energy bar , Multi Grain Crunch flavor (M&M/Mars, USA)",SNACK FOODS AND CONFECTIONERY,,50,none,,,,,,,,,,,,
1701,"Snickers® Marathon Energy bar , Peanut Butter flavor (M&M/Mars, USA)",SNACK FOODS AND CONFECTIONERY,,34,none,,,,,,,,,,,,
1702,"Snickers® Marathon Low Carb Lifestyle Energy bar, Chocolate Fudge Brownie flavor (M&M/Mars, USA)",SNACK FOODS AND CONFECTIONERY,,20,none,,,,,,,,,,,,
1703,"Snickers® Marathon Low Carb Lifestyle Energy bar, Peanut Butter flavor (M&M/Mars, USA)",SNACK FOODS AND CONFECTIONERY,,21,none,,,,,,,,,,,,
1704,"Snickers® Marathon Nutrition bar, Dark Chocolate Crunch flavor (M&M/Mars, USA)",SNACK FOODS AND CONFECTIONERY,,49,none,,,,,,,,,,,,
1705,"Snickers® Marathon Nutrition bar, Honey & Roasted Almond flavor (M&M/Mars, USA)",SNACK FOODS AND CONFECTIONERY,roasted,41,none,,,,,,,,,,,,
1706,"Snickers® Marathon Protein Performance bar, Caramel Nut Rush flavor (M&M/Mars, USA)",SNACK FOODS AND CONFECTIONERY,,26,none,,,,,,,,,,,,
1707,"Snickers® Marathon Protein Performance bar, Chocolate Nut Burst flavor (M&M/Mars, USA)",SNACK FOODS AND CONFECTIONERY,,32,none,,,,,,,,,,,,
1708,"SoLo GI Berry Bliss Nutrition bar (New Era Nutrition Inc, Alberta, Canada)",SNACK FOODS AND CONFECTIONERY,,29,none,,,,,,,,,,,,
1709,"SoLo GI Chocolate Charger Nutrition bar (New Era Nutrition Inc, Alberta, Canada)",SNACK FOODS AND CONFECTIONERY,,28,none,,,,,,,,,,,,
1710,"SoLo GI Lemon Lift Nutrition bar (New Era Nutrition Inc, Alberta, Canada)",SNACK FOODS AND CONFECTIONERY,,29,none,,,,,,,,,,,,
1711,"SoLo GI Mint Mania Nutrition bar (New Era Nutrition Inc, Alberta, Canada)",SNACK FOODS AND CONFECTIONERY,,23,none,,,,,,,,,,,,
1712,"SoLo GI Peanut Power Nutrition bar (New Era Nutrition Inc, Alberta, Canada)",SNACK FOODS AND CONFECTIONERY,,27,none,,,,,,,,,,,,
1713,"SoLo GI Berry Bliss Snack bar (New Era Nutrition Inc, Alberta, Canada)",SNACK FOODS AND CONFECTIONERY,,29,none,,,,,,,,,,,,
1714,"SoLo GI Chocolate Charger Snack bar (New Era Nutrition Inc, Alberta, Canada)",SNACK FOODS AND CONFECTIONERY,,28,none,,,,,,,,,,,,
1715,"SoLo GI Lemon Lift Snack bar (New Era Nutrition Inc, Alberta, Canada)",SNACK FOODS AND CONFECTIONERY,,29,none,,,,,,,,,,,,
1716,"SoLo GI Mint Mania Snack bar (New Era Nutrition Inc, Alberta, Canada)",SNACK FOODS AND CONFECTIONERY,,23,none,,,,,,,,,,,,
1717,"SoLo GI Peanut Power Snack bar (New Era Nutrition Inc, Alberta, Canada)",SNACK FOODS AND CONFECTIONERY,,27,none,,,,,,,,,,,,
1718,"VO Max Chocolate Energy bar (M&M/Mars, USA)",SNACK FOODS AND CONFECTIONERY,,49,none,,,,,,,,,,,,
1719,"Barley Vegetable Instant soup, low-fat, President's Choice® Blue Menu™ (Loblaw Brands Limited, Canada)",SOUPS,instant,41,none,,,,,,,,,,,,
1720,"Black Bean Instant soup, low-fat, spicy, President's Choice® Blue Menu™ (Loblaw Brands Limited, Canada)",SOUPS,instant,57,none,,,,,,,,,,,,
1721,"Black Bean with Vegetables soup, spicy, President's Choice® Blue Menu™ (Loblaw Brands Limited, Canada)",SOUPS,,46,review,0.725,171141,"Soup, black bean, canned, condensed","Soups, Sauces, and Gravies",15.42,2.49,6.80,6.13,estimated,0.1615,0.4410,0.3975
1722,"Carrot soup, President's Choice® Blue Menu™ Soupreme (Loblaw Brands Limited, Canada)",SOUPS,,35,none,,,,,,,,,,,,
1723,"Chicken & Vegetable with wholegrain pasta, Country Ladle® (Campbell's Soups, Homebush, NSW, Australia)",SOUPS,,43,none,,,,,,,,,,,,
1724,"Chunky Roast Chicken and Vegetable soup (Campbell's Soups, Homebush, NSW, Australia)",SOUPS,roasted,52,none,,,,,,,,,,,,
1725,"Lentil Instant soup, low-fat, Indian, President's Choice® Blue Menu™ (Loblaw Brands Limited, Canada)",SOUPS,instant,62,none,,,,,,,,,,,,
1726,"Lentil, ready-to-serve, President's Choice® Blue Menu™ (Loblaw Brands Limited, Canada)",SOUPS,,57,none,,,,,,,,,,,,
1727,"Minestrone, condensed, prepared with water (Campbell's Soup Company, Camden, NJ, USA)",SOUPS,,48,none,,,,,,,,,,,,
1728,"Minestrone, Traditional, Country Ladle® (Campbell's Soups, Australia)",SOUPS,,39,none,,,,,,,,,,,,
1729,"Minestrone & Pasta Instant soup, low-fat, President's Choice® Blue Menu™ (Loblaw Brands Limited, Canada)",SOUPS,instant,54,none,,,,,,,,,,,,
1730,"Mushroom Barley, ready-to-serve, President's Choice® Blue Menu™ (Loblaw Brands Limited, Canada)",SOUPS,,45,none,,,,,,,,,,,,
1731,"Pasta & Fagioli soup, ready-to-serve, President's Choice® Blue Menu™ (Loblaw Brands Limited, Canada)",SOUPS,,52,none,,,,,,,,,,,,
1732,"Potato & Bacon soup, chunky (Campbell's Soups, Homebush, NSW, Australia)",SOUPS,,41,none,,,,,,,,,,,,
1733,"Pumpkin Soup, creamy, Heinz® Very Special™, with pumpkin, cream, potatoes (Heinz Wattie's Ltd, Australia)",SOUPS,,76,none,,,,,,,,,,,,
1734,"Thai Instant soup, low-fat, President's Choice® Blue Menu™ (Loblaw Brands Limited, Canada)",SOUPS,instant,56,none,,,,,,,,,,,,
1735,"Tomato soup, condensed, prepared with water (Campbell's Soup Company, Camden, NJ, USA)",SOUPS,,52,accepted,1.000,172882,"Soup, tomato, canned, condensed","Soups, Sauces, and Gravies",15.22,8.23,1.10,5.89,estimated,0.5407,0.0723,0.3870
1736,"Tomato & Herb, President's Choice® Blue Menu™ Soupreme (Loblaw Brands Limited, Canada)",SOUPS,,47,none,,,,,,,,,,,,
1737,"Vegetable Couscous Instant soup, low-fat, President's Choice® Blue Menu™ (Loblaw Brands Limited, Canada)",SOUPS,instant,57,none,,,,,,,,,,,,
1738,"Vegetarian Chili Instant soup, low-fat, President's Choice® Blue Menu™ (Loblaw Brands Limited, Canada)",SOUPS,instant,36,none,,,,,,,,,,,,
1739,"Winter Squash, President's Choice® Blue Menu™ Soupreme (Loblaw Brands Limited, Canada)",SOUPS,,41,none,,,,,,,,,,,,
1740,"Organic Agave Cactus Nectar, light, 90% fructose (Western Commerce Corp., City of Industry, CA, USA)",SUGARS AND SYRUPS,,11,none,,,,,,,,,,,,
1741,"Organic Agave Cactus Nectar, light, 97% fructose (Western Commerce Corp., USA)",SUGARS AND SYRUPS,,10,none,,,,,,,,,,,,
1742,"Premium Agave nectar (Sweet Cactus Farms, USA)",SUGARS AND SYRUPS,,19,none,,,,,,,,,,,,
1743,Fructose,SUGARS AND SYRUPS,,23,none,,,,,,,,,,,,
1744,"Fructose from corn (Despar, Italy)",SUGARS AND SYRUPS,,25,none,,,,,,,,,,,,
1745,High fructose corn syrup,SUGARS AND SYRUPS,,56,accepted,1.100,169659,"Syrups, corn, high-fructose",Sweets,76.00,75.65,0.00,0.35,estimated,0.9954,0.0000,0.0046
1746,High fructose corn syrup with 3.3 g Filtered Molasses Concentrate added per 100 g (4.16 g FMC/100 g carbohydrate),SUGARS AND SYRUPS,,50,none,,,,,,,,,,,,
1747,Glucose syrup,SUGARS AND SYRUPS,,107,none,,,,,,,,,,,,
1748,Yellow box honey (46% fructose),SUGARS AND SYRUPS,,35,none,,,,,,,,,,,,
1749,Stringy Bark honey (52% fructose),SUGARS AND SYRUPS,,44,none,,,,,,,,,,,,
1750,Red Gum honey (35% fructose),SUGARS AND SYRUPS,,46,none,,,,,,,,,,,,
1751,Iron Bark honey (34% fructose),SUGARS AND SYRUPS,,48,none,,,,,,,,,,,,
1752,"Capilano Premium Honey, blend of eucalypt & floral honeys (Capilano Honey Limited, QLD, Australia)",SUGARS AND SYRUPS,,51,none,,,,,,,,,,,,
1753,Yapunya honey (42 % fructose),SUGARS AND SYRUPS,,52,none,,,,,,,,,,,,
1754,HDI Clover Honey with Bee Pollen (PT. Harmoni Dinamik),SUGARS AND SYRUPS,,53,none,,,,,,,,,,,,
1755,"Leabrook Farms Yellow box honey (Spring Gully Foods Pty Ltd, SA, Australia)",SUGARS AND SYRUPS,,60,none,,,,,,,,,,,,
1756,"Commercial Blend honey (38% fructose) (WA blend, Capilano Honey Ltd., Australia)",SUGARS AND SYRUPS,,62,none,,,,,,,,,,,,
1757,Salvation Jane honey (32% fructose),SUGARS AND SYRUPS,,64,none,,,,,,,,,,,,
1758,"Manuka honey, MGO 440+ (Manuka Health New Zealand Ltd)",SUGARS AND SYRUPS,,65,none,,,,,,,,,,,,
1759,"Clover honey, ratio of fructose: glucose, 1.09 (Vazza Farms, Hermiston, OR, USA)",SUGARS AND SYRUPS,,69,none,,,,,,,,,,,,
1760,"Commercial Blend honey (28% fructose) (NSW blend, Capilano Honey Ltd., Australia)",SUGARS AND SYRUPS,,72,none,,,,,,,,,,,,
1761,"Buckwheat honey, ratio of fructose:glucose, 1.12 Vazza Farms, USA)",SUGARS AND SYRUPS,,73,none,,,,,,,,,,,,
1762,"Cotton honey, ratio of fructose:glucose, 1.03 (Gene Brandi Apiaries, Los Banos, CA, USA)",SUGARS AND SYRUPS,,74,none,,,,,,,,,,,,
1763,"Honey, NS",SUGARS AND SYRUPS,,74,accepted,1.100,169640,Honey,Sweets,82.40,82.12,0.20,0.08,estimated,0.9966,0.0024,0.0010
1764,"Tupelo honey, ratio of fructose:glucose, 1.54 (Tropical Blossom Honey Co, Edgewater, FL, USA)",SUGARS AND SYRUPS,,74,none,,,,,,,,,,,,
1765,Lactose,SUGARS AND SYRUPS,,46,none,,,,,,,,,,,,
1766,Maltose,SUGARS AND SYRUPS,,75,none,,,,,,,,,,,,
1767,Maltose,SUGARS AND SYRUPS,,105,none,,,,,,,,,,,,
1768,Sucrose,SUGARS AND SYRUPS,,59,none,,,,,,,,,,,,
1769,"Sucrose, cane sugar",SUGARS AND SYRUPS,,60,none,,,,,,,,,,,,
1770,Sucrose,SUGARS AND SYRUPS,,61,none,,,,,,,,,,,,
1771,Sucrose,SUGARS AND SYRUPS,,64,none,,,,,,,,,,,,
1772,Sucrose,SUGARS AND SYRUPS,,66,none,,,,,,,,,,,,
1773,"Sugar, cane (Panela)",SUGARS AND SYRUPS,,69,none,,,,,,,,,,,,
1774,Sucrose,SUGARS AND SYRUPS,,84,none,,,,,,,,,,,,
1775,"Sucrose (LoGiCane) (Horizon Science, Australia)",SUGARS AND SYRUPS,,60,none,,,,,,,,,,,,
1776,"Sucrose (LoGiCane) (Horizon Science, Australia)",SUGARS AND SYRUPS,,62,none,,,,,,,,,,,,
1777,"Sugar, refined (Sadam-Eridania, Italy)",SUGARS AND SYRUPS,,91,none,,,,,,,,,,,,
1778,"Arabinose Sugar (95% sucrose + 5% L-arabinose) (Healtang Biotech Co., Ltd, China)",SUGARS AND SYRUPS,,52,none,,,,,,,,,,,,
1779,"Coconut sugar, organic, Loving Earth™ brand",SUGARS AND SYRUPS,,54,none,,,,,,,,,,,,
1780,"Dates Syrup, Gurun Emas (Omni Mal Agencies Sdn. Bhd, Malaysia)",SUGARS AND SYRUPS,,54,none,,,,,,,,,,,,
1781,"Fruit Up sweetener syrup (Rudolf Wild Gmbh & Co, Germany)",SUGARS AND SYRUPS,,39,none,,,,,,,,,,,,
1782,Golden Syrup,SUGARS AND SYRUPS,,63,none,,,,,,,,,,,,
1783,Karo Dark Corn Syrup,SUGARS AND SYRUPS,,90,accepted,1.075,168836,"Syrups, corn, dark",Sweets,77.59,77.59,0.00,0.00,estimated,1.0000,0.0000,0.0000
1784,"Maple flavored syrup (Cottee's Foods, Australia)",SUGARS AND SYRUPS,,68,accepted,1.067,169661,"Syrups, maple",Sweets,67.04,60.46,0.00,6.58,estimated,0.9018,0.0000,0.0982
1785,"Maple syrup, pure Canadian (Queen Foods, Australia)",SUGARS AND SYRUPS,,54,accepted,1.100,169661,"Syrups, maple",Sweets,67.04,60.46,0.00,6.58,estimated,0.9018,0.0000,0.0982
1786,"Rice malt syrup (Pure Harvest Organic, Australia)",SUGARS AND SYRUPS,,98,accepted,1.067,169660,"Syrups, malt",Sweets,71.30,71.30,0.00,0.00,estimated,1.0000,0.0000,0.0000
1787,"Sugar, from organic fruits (Dolcedì, zucchero da frutta biologica, Rigoni di Asiago, Italy)",SUGARS AND SYRUPS,,23,review,0.767,169878,"Syrups, sugar free",Sweets,11.99,0.01,0.70,11.28,estimated,0.0008,0.0584,0.9408
1788,"Snow Pear Red Ginseng Brown Sugar, contains 2.2% Phytolin® (Queen's Joy, Wuzuo Technology, Tianjin, China)",SUGARS AND SYRUPS,,45,none,,,,,,,,,,,,
1789,"Xylose Sugar (90% sucrose + 10% D-Xylose) (Healtang Biotech Co., Ltd, China)",SUGARS AND SYRUPS,,52,none,,,,,,,,,,,,
1790,"Green banana, peeled, boiled 10 min",VEGETABLES,boiled,37,none,,,,,,,,,,,,
1791,"Green banana, peeled, fried in vegetable oil",VEGETABLES,fried,35,none,,,,,,,,,,,,
1792,"Green plantain (Musa paradisiaca ), peeled, boiled 10 min",VEGETABLES,boiled,39,accepted,1.150,168216,"Plantains, green, boiled",Fruits and Fruit Juices,29.15,2.25,2.60,24.47,measured,0.0772,0.0892,0.8395
1793,"Green plantain (Musa paradisiaca ), peeled, fried in vegetable oil",VEGETABLES,fried,40,accepted,1.150,168199,"Plantains, green, fried",Fruits and Fruit Juices,49.17,3.63,3.50,40.70,measured,0.0738,0.0712,0.8277
1794,"Plantain (Musa spp. Ameletiha) chips (made from green plantain), sliced 0.8-1.2 mm thick, deep-fried",VEGETABLES,fried,45,none,,,,,,,,,,,,
1795,"Ripe plantain (Musa paradisiaca ), peeled, boiled 10 min",VEGETABLES,boiled,66,none,,,,,,,,,,,,
1796,"Ripe plantain (Musa paradisiaca ), peeled, fried in vegetable oil",VEGETABLES,fried,90,none,,,,,,,,,,,,
1797,"Peas, plain and frozen (Talleys Group Ltd, New Zealand)",VEGETABLES,,29,accepted,1.100,170016,"Peas, green, frozen, unprepared (Includes foods for USDA's Food Distribution Program)",Vegetables and Vegetable Products,13.62,5.00,4.50,4.17,measured,0.3671,0.3304,0.3062
1798,"Peas, frozen, heated in the microwave (McCain Foods Aust. Pty Ltd, Australia)",VEGETABLES,microwaved,42,accepted,1.150,170017,"Peas, green, frozen, cooked, boiled, drained, without salt",Vegetables and Vegetable Products,14.26,4.40,4.50,5.36,estimated,0.3086,0.3156,0.3759
1799,"Butternut pumpkin, boiled",VEGETABLES,boiled,51,none,,,,,,,,,,,,
1800,"Pumpkin (Cucurbita moschata ), peeled, cubed, boiled 30 min",VEGETABLES,boiled,66,accepted,1.150,168449,"Pumpkin, cooked, boiled, drained, without salt",Vegetables and Vegetable Products,4.90,2.08,1.10,1.72,estimated,0.4245,0.2245,0.3510
1801,"Sweet corn, cooked in microwave for 1.5 min",VEGETABLES,microwaved,51,review,0.817,168525,"Corn, sweet, yellow, cooked, boiled, drained, with salt",Vegetables and Vegetable Products,20.98,4.54,2.40,7.17,measured,0.2164,0.1144,0.3418
1802,Sweet corn,VEGETABLES,,55,review,0.767,168525,"Corn, sweet, yellow, cooked, boiled, drained, with salt",Vegetables and Vegetable Products,20.98,4.54,2.40,7.17,measured,0.2164,0.1144,0.3418
1803,"Eddoe (Colocasia esculenta var. antiquorum ), peeled, boiled 30 min, refrigerated, reheated for 1 min",VEGETABLES,boiled,61,none,,,,,,,,,,,,
1804,"Carrots, unpeeled, boiled",VEGETABLES,boiled,32,accepted,1.150,168519,"Carrots, frozen, cooked, boiled, drained, with salt",Vegetables and Vegetable Products,7.73,4.08,3.30,0.31,measured,0.5278,0.4269,0.0401
1805,"Carrots, diced, frozen (Talleys Group Ltd)",VEGETABLES,,31,accepted,1.100,168519,"Carrots, frozen, cooked, boiled, drained, with salt",Vegetables and Vegetable Products,7.73,4.08,3.30,0.31,measured,0.5278,0.4269,0.0401
1806,"Parsnips, peeled, boiled",VEGETABLES,boiled,52,accepted,1.150,170009,"Parsnips, cooked, boiled, drained, without salt",Vegetables and Vegetable Products,17.01,4.80,3.60,8.61,estimated,0.2822,0.2116,0.5062
1807,"Tannia (Xanthosoma sagittifolium ), peeled, boiled 30 min, refrigerated, reheated for 1 min",VEGETABLES,boiled,60,none,,,,,,,,,,,,
1808,"Irish potato (Solanum tuberosum ), peeled, baked 45 min",VEGETABLES,baked,83,none,,,,,,,,,,,,
1809,"Pontiac potato , peeled and baked",VEGETABLES,baked,93,none,,,,,,,,,,,,
1810,"Bintje potato, peeled, cut into 5 cm by 5 cm slices, at a thickness of 0.5 cm, boiled for 8-9 min",VEGETABLES,boiled,94,none,,,,,,,,,,,,
1811,"Carisma potato, peeled, cut into 5 cm by 5 cm slices, at a thickness of 0.5 cm, boiled for 8-9 min",VEGETABLES,boiled,53,none,,,,,,,,,,,,
1812,"Carisma potato, baby, peeled, cut into slices 1 cm thick, boiled for 8 min",VEGETABLES,boiled,57,none,,,,,,,,,,,,
1813,"Charlotte potato , peeled, quartered, boiled 15 min",VEGETABLES,boiled,66,none,,,,,,,,,,,,
1814,"Charlotte potato , unpeeled, cut into slices 1 cm thick, boiled for 8 min",VEGETABLES,boiled,68,none,,,,,,,,,,,,
1815,"Desiree potato , peeled, boiled 35 min",VEGETABLES,boiled,101,none,,,,,,,,,,,,
1816,"Desiree potato, peeled, cut into 5 cm by 5 cm slices, at a thickness of 0.5 cm, boiled for 8-9 min",VEGETABLES,boiled,74,none,,,,,,,,,,,,
1817,"Desiree potato, peeled, cut into 5 cm by 5 cm slices, at a thickness of 0.5 cm, boiled for 8-9 min",VEGETABLES,boiled,79,none,,,,,,,,,,,,
1818,"Estima potato , peeled, quartered, boiled 15 min",VEGETABLES,boiled,66,none,,,,,,,,,,,,
1819,"King Edward potato, peeled, quartered, boiled 15 min in unsalted water",VEGETABLES,boiled,75,none,,,,,,,,,,,,
1820,"Maiflower potato, peeled, cut into 5 cm by 5 cm slices, at a thickness of 0.5 cm, boiled for 8-9 min",VEGETABLES,boiled,103,none,,,,,,,,,,,,
1821,"Marfona potato, peeled, quartered, boiled 15 min in unsalted water",VEGETABLES,boiled,56,none,,,,,,,,,,,,
1822,"Maris Piper potato, peeled, quartered, boiled 15 min in unsalted water",VEGETABLES,boiled,85,none,,,,,,,,,,,,
1823,"Nicola potato, peeled, quartered, boiled 15 min",VEGETABLES,boiled,59,none,,,,,,,,,,,,
1824,"Nicola potato, unpeeled, boiled whole for 15 min",VEGETABLES,boiled,58,none,,,,,,,,,,,,
1825,"Nicola potato, peeled, cut into 5 cm by 5 cm slices, at a thickness of 0.5 cm, boiled for 8-9 min",VEGETABLES,boiled,69,none,,,,,,,,,,,,
1826,"Pontiac potato , peeled, boiled 35 min",VEGETABLES,boiled,88,none,,,,,,,,,,,,
1827,"Russet Burbank potato, peeled, cut into 5 cm by 5 cm slices, at a thickness of 0 . 5 cm, boiled for 8-9 min",VEGETABLES,boiled,82,none,,,,,,,,,,,,
1828,"Sebago potato , peeled, boiled for 35 min",VEGETABLES,boiled,87,none,,,,,,,,,,,,
1829,"Virginia Rose potato, peeled, cut into 5 cm by 5 cm slices, at a thickness of 0 . 5 cm, boiled for 8-9 min",VEGETABLES,boiled,93,none,,,,,,,,,,,,
1830,"Potato, novel clone, selection 1 (CV92056-4, grown to maturity in Alberta, harvested Oct. 2008), unpeeled, cut into 2.5-3 cm cubes, boiled in salted water for 15 min",VEGETABLES,boiled,60,accepted,1.150,170114,"Potatoes, boiled, cooked in skin, flesh, with salt",Vegetables and Vegetable Products,20.13,0.91,2.00,17.22,estimated,0.0452,0.0994,0.8554
1831,"Potato, novel clone, selection 1 (CV92056-4, grown to maturity in Alberta; harvested Oct. 2008), boiled for 15 min, reheated in microwave for 2-3 min",VEGETABLES,microwaved,75,accepted,1.150,170033,"Potatoes, baked, flesh, without salt",Vegetables and Vegetable Products,21.55,1.70,1.50,18.35,estimated,0.0789,0.0696,0.8515
1832,"Potato, novel clone, selection 1 (CV92056-4, grown in Ontario; harvested Oct. 2009), unpeeled, cut into 2.5-3 cm cubes, boiled in salted water for 15 min",VEGETABLES,boiled,82,accepted,1.150,170114,"Potatoes, boiled, cooked in skin, flesh, with salt",Vegetables and Vegetable Products,20.13,0.91,2.00,17.22,estimated,0.0452,0.0994,0.8554
1833,"Potato, novel clone, selection 2 (CV1102-1, grown in Alberta; harvested prior to maturity Oct. 2009), unpeeled, cut into 2.5- 3 cm cubes, boiled in salted water for 15 min",VEGETABLES,boiled,38,accepted,1.150,170114,"Potatoes, boiled, cooked in skin, flesh, with salt",Vegetables and Vegetable Products,20.13,0.91,2.00,17.22,estimated,0.0452,0.0994,0.8554
1834,"Potato, novel clone, selection 3 (F03031, grown in New Brunswick), unpeeled, cut into 2.5-3 cm cubes, boiled in salted water for 15 min",VEGETABLES,boiled,79,accepted,1.150,170114,"Potatoes, boiled, cooked in skin, flesh, with salt",Vegetables and Vegetable Products,20.13,0.91,2.00,17.22,estimated,0.0452,0.0994,0.8554
1835,"Potato, novel clone, selection 3 (F03031, grown in New Brunswick), boiled 5 min, reheated in microwave 2-3 min",VEGETABLES,microwaved,79,accepted,1.150,170033,"Potatoes, baked, flesh, without salt",Vegetables and Vegetable Products,21.55,1.70,1.50,18.35,estimated,0.0789,0.0696,0.8515
1836,"Potato, novel clone, selection 3 (F03031, grown to maturity in Ontario), boiled 15 min, reheated in microwave 2-3 min",VEGETABLES,microwaved,73,accepted,1.150,170033,"Potatoes, baked, flesh, without salt",Vegetables and Vegetable Products,21.55,1.70,1.50,18.35,estimated,0.0789,0.0696,0.8515
1837,"Potato, novel clone, selection 4 (F03028, grown in New Brunswick), unpeeled, cut into 2.5-3 cm cubes, boiled in salted water for 15 min",VEGETABLES,boiled,72,accepted,1.150,170114,"Potatoes, boiled, cooked in skin, flesh, with salt",Vegetables and Vegetable Products,20.13,0.91,2.00,17.22,estimated,0.0452,0.0994,0.8554
1838,"Potato, novel clone, selection 4 (F03028, grown in New Brunswick), boiled 15 min, reheated in microwave 2-3 min",VEGETABLES,microwaved,58,accepted,1.150,170033,"Potatoes, baked, flesh, without salt",Vegetables and Vegetable Products,21.55,1.70,1.50,18.35,estimated,0.0789,0.0696,0.8515
1839,"Irish potato (Solanum tuberosum ), peeled, cubed, boiled 30 min",VEGETABLES,boiled,59,none,,,,,,,,,,,,
1840,"Irish potato (Solanum tuberosum ), peeled, boiled 30 min, refrigerated, reheated for 1 min",VEGETABLES,boiled,71,none,,,,,,,,,,,,
1841,"New potato , unpeeled and boiled 20 min",VEGETABLES,boiled,78,none,,,,,,,,,,,,
1842,"Potato, NS, boiled",VEGETABLES,boiled,66,accepted,1.150,170114,"Potatoes, boiled, cooked in skin, flesh, with salt",Vegetables and Vegetable Products,20.13,0.91,2.00,17.22,estimated,0.0452,0.0994,0.8554
1843,"Red potatoes, boiled with skin on in salted water for 12 min",VEGETABLES,boiled,89,none,,,,,,,,,,,,
1844,"Potato, frozen peeled cubes, boiled (McCain Purely Potato Cubes, McCains, Wendouree, VIC, Australia)",VEGETABLES,boiled,70,accepted,1.150,170114,"Potatoes, boiled, cooked in skin, flesh, with salt",Vegetables and Vegetable Products,20.13,0.91,2.00,17.22,estimated,0.0452,0.0994,0.8554
1845,"Potato, novel clone, selection 1 (CV92056-4, grown to maturity in Alberta; harvested Oct. 2008), boiled for 15 min, refrigerated at 4°C for 24-28 h, served cold",VEGETABLES,boiled,55,accepted,1.150,170114,"Potatoes, boiled, cooked in skin, flesh, with salt",Vegetables and Vegetable Products,20.13,0.91,2.00,17.22,estimated,0.0452,0.0994,0.8554
1846,"Potato, novel clone, selection 1 (CV92056-4, grown in Ontario; harvested Oct. 2009), boiled for 15 min, refrigerated at 4°C for 24-28 h, served cold",VEGETABLES,boiled,48,accepted,1.150,170114,"Potatoes, boiled, cooked in skin, flesh, with salt",Vegetables and Vegetable Products,20.13,0.91,2.00,17.22,estimated,0.0452,0.0994,0.8554
1847,"Potato, novel clone, selection 2 (CV1102-1, grown to maturity in Alberta, harvested Oct. 2008), boiled for 15 min, refrigerated at 4°C for 24-28 h, served cold",VEGETABLES,boiled,55,accepted,1.150,170114,"Potatoes, boiled, cooked in skin, flesh, with salt",Vegetables and Vegetable Products,20.13,0.91,2.00,17.22,estimated,0.0452,0.0994,0.8554
1848,"Potato, novel clone, selection 2 (CV1102-1, grown in Alberta, harvested prior to maturity Oct. 2009), boiled for 15 min, refrigerated at 4°C for 24-28 h, served cold",VEGETABLES,boiled,41,accepted,1.150,170114,"Potatoes, boiled, cooked in skin, flesh, with salt",Vegetables and Vegetable Products,20.13,0.91,2.00,17.22,estimated,0.0452,0.0994,0.8554
1849,"Potato, novel clone, selection 3 (F03031, grown in New Brunswick), boiled for 15 min, refrigerated at 4°C for -28 h, served cold",VEGETABLES,boiled,40,accepted,1.150,170114,"Potatoes, boiled, cooked in skin, flesh, with salt",Vegetables and Vegetable Products,20.13,0.91,2.00,17.22,estimated,0.0452,0.0994,0.8554
1850,"Potato, novel clone, selection 3 (F03031, grown to maturity in Ontario), boiled for 15 min, refrigerated at 4°C for 24-28 h, served cold",VEGETABLES,boiled,49,accepted,1.150,170114,"Potatoes, boiled, cooked in skin, flesh, with salt",Vegetables and Vegetable Products,20.13,0.91,2.00,17.22,estimated,0.0452,0.0994,0.8554
1851,"Potato, novel clone, selection 4 (F03028, grown in New Brunswick), boiled for 15 min, refrigerated at 4°C for -28 h, served cold",VEGETABLES,boiled,44,accepted,1.150,170114,"Potatoes, boiled, cooked in skin, flesh, with salt",Vegetables and Vegetable Products,20.13,0.91,2.00,17.22,estimated,0.0452,0.0994,0.8554
1852,"Potato, red, cubed, boiled in salted water 12 min, stored overnight in refrigerator, consumed cold",VEGETABLES,boiled,56,accepted,1.150,170114,"Potatoes, boiled, cooked in skin, flesh, with salt",Vegetables and Vegetable Products,20.13,0.91,2.00,17.22,estimated,0.0452,0.0994,0.8554
1853,"New potatoes , canned, heated in microwave 3 min (Mint Tiny Taters™, Edgell's™ brand, Cheltenham, Australia)",VEGETABLES,microwaved,65,none,,,,,,,,,,,,
1854,"French Fries, baked 15 min (OreIda Golden Fries, H.J. Heinz Co, Pittsburgh, PA, USA)",VEGETABLES,baked,64,none,,,,,,,,,,,,
1855,"French Fries, cooked in oven for 20 min from frozen (McCain Superfries, McCains, Wendouree, VIC, Australia)",VEGETABLES,boiled,65,none,,,,,,,,,,,,
1856,"Instant mashed potato (Idahoan Foods, Lewisville, ID, USA)",VEGETABLES,instant,88,none,,,,,,,,,,,,
1857,"Instant mashed potato (Idahoan Foods, Lewisville, ID, USA), prepared with water",VEGETABLES,instant,92,none,,,,,,,,,,,,
1858,"Instant mashed potato (Idahoan Foods, Lewisville, ID, USA), prepared with water",VEGETABLES,instant,69,none,,,,,,,,,,,,
1859,"Instant mashed potato (Idahoan Foods, Lewisville, ID, USA)",VEGETABLES,instant,97,none,,,,,,,,,,,,
1860,"Potato mash (Homestyle, continental, Unilever, Australasia)",VEGETABLES,instant,72,none,,,,,,,,,,,,
1861,"Mashed potato, NS",VEGETABLES,mashed,73,accepted,1.150,169768,"Potatoes, mashed, ready-to-eat",Vegetables and Vegetable Products,13.29,1.76,1.90,7.84,measured,0.1324,0.1430,0.5899
1862,"Mashed potato, Aviko B.V.",VEGETABLES,mashed,76,accepted,1.150,169768,"Potatoes, mashed, ready-to-eat",Vegetables and Vegetable Products,13.29,1.76,1.90,7.84,measured,0.1324,0.1430,0.5899
1863,"Mashed potato, NS",VEGETABLES,mashed,76,accepted,1.150,169768,"Potatoes, mashed, ready-to-eat",Vegetables and Vegetable Products,13.29,1.76,1.90,7.84,measured,0.1324,0.1430,0.5899
1864,"Potato, Folva, precooked, peeled, salted, vacuum packed and then boiled until soft to the center, drained and mashed (Superior Potet, Hoff SA, Gjøvik, Norway)",VEGETABLES,instant,81,accepted,1.150,170114,"Potatoes, boiled, cooked in skin, flesh, with salt",Vegetables and Vegetable Products,20.13,0.91,2.00,17.22,estimated,0.0452,0.0994,0.8554
1865,"Pontiac potato , peeled, cubed, boiled 15 min, mashed",VEGETABLES,mashed,91,none,,,,,,,,,,,,
1866,"Estima potato, cooked in microwave 6 min then baked 10 min",VEGETABLES,baked,93,none,,,,,,,,,,,,
1867,"Pontiac potato , peeled , cooked in microwave on high for 6-7.5 min",VEGETABLES,microwaved,79,none,,,,,,,,,,,,
1868,"Prince Edward Island white potato, cooked in microwave for 18 min",VEGETABLES,microwaved,73,none,,,,,,,,,,,,
1869,"Russet Burbank Norkotah potato, unpeeled, cooked in microwave for 18 min",VEGETABLES,microwaved,77,none,,,,,,,,,,,,
1870,"California white potatoes, cubed, roasted in soybean oil",VEGETABLES,roasted,72,accepted,1.117,170434,"Potatoes, white, flesh and skin, baked",Vegetables and Vegetable Products,21.08,1.53,2.10,17.99,measured,0.0726,0.0996,0.8534
1871,"Irish potato (Solanum tuberosum ), peeled, fried in vegetable oil",VEGETABLES,fried,70,none,,,,,,,,,,,,
1872,"Hash Browns, crispy shredded potato cakes, frozen, baked at 230°C for 17 min, Birds Eye™",VEGETABLES,baked,56,review,0.850,167604,"Potatoes, hash brown, refrigerated, unprepared",Vegetables and Vegetable Products,19.16,0.91,1.80,17.03,measured,0.0475,0.0939,0.8888
1873,"Potato, NS, steamed",VEGETABLES,steamed,62,accepted,1.150,170114,"Potatoes, boiled, cooked in skin, flesh, with salt",Vegetables and Vegetable Products,20.13,0.91,2.00,17.22,estimated,0.0452,0.0994,0.8554
1874,"Sweet potato (Ipomoea batatas ), Dor cultivar, baked with skin on at 175°C for 45 min",VEGETABLES,baked,83,accepted,1.150,168483,"Sweet potato, cooked, baked in skin, flesh, without salt",Vegetables and Vegetable Products,20.71,6.48,3.30,7.05,measured,0.3129,0.1593,0.3404
1875,"Sweet potato (Ipomoea batatas ), Clarendon cultivar, baked with skin on at 175°C for 45 min",VEGETABLES,baked,83,accepted,1.150,168483,"Sweet potato, cooked, baked in skin, flesh, without salt",Vegetables and Vegetable Products,20.71,6.48,3.30,7.05,measured,0.3129,0.1593,0.3404
1876,"Sweet potato (Ipomoea batatas ), Eustace cultivar, baked with skin on at 175°C for 45 min",VEGETABLES,baked,93,accepted,1.150,168483,"Sweet potato, cooked, baked in skin, flesh, without salt",Vegetables and Vegetable Products,20.71,6.48,3.30,7.05,measured,0.3129,0.1593,0.3404
1877,"Sweet potato (Ipomoea batatas ), Fire on Land cultivar, baked with skin on at 175°C for 45 min",VEGETABLES,baked,87,accepted,1.150,168483,"Sweet potato, cooked, baked in skin, flesh, without salt",Vegetables and Vegetable Products,20.71,6.48,3.30,7.05,measured,0.3129,0.1593,0.3404
1878,"Sweet potato (Ipomoea batatas ), Ganja cultivar, baked with skin on at 175°C for 45 min",VEGETABLES,baked,82,accepted,1.150,168483,"Sweet potato, cooked, baked in skin, flesh, without salt",Vegetables and Vegetable Products,20.71,6.48,3.30,7.05,measured,0.3129,0.1593,0.3404
1879,"Sweet potato (Ipomoea batatas ), Ms Mac cultivar, baked with skin on at 175°C for 45 min",VEGETABLES,baked,87,accepted,1.150,168483,"Sweet potato, cooked, baked in skin, flesh, without salt",Vegetables and Vegetable Products,20.71,6.48,3.30,7.05,measured,0.3129,0.1593,0.3404
1880,"Sweet potato (Ipomoea batatas ), Minda cultivar, baked with skin on at 175°C for 45 min",VEGETABLES,baked,91,accepted,1.150,168483,"Sweet potato, cooked, baked in skin, flesh, without salt",Vegetables and Vegetable Products,20.71,6.48,3.30,7.05,measured,0.3129,0.1593,0.3404
1881,"Sweet potato (Ipomoea batatas ), Quarter Million cultivar, baked with skin on at 175°C for 45 min",VEGETABLES,baked,94,accepted,1.150,168483,"Sweet potato, cooked, baked in skin, flesh, without salt",Vegetables and Vegetable Products,20.71,6.48,3.30,7.05,measured,0.3129,0.1593,0.3404
1882,"Sweet potato (Ipomoea batatas ), Watson cultivar, baked with skin on at 175°C for 45 min",VEGETABLES,baked,85,accepted,1.150,168483,"Sweet potato, cooked, baked in skin, flesh, without salt",Vegetables and Vegetable Products,20.71,6.48,3.30,7.05,measured,0.3129,0.1593,0.3404
1883,"Sweet potato (Ipomoea batatas ), Yellow Belly cultivar, baked with skin on at 175°C for 45 min",VEGETABLES,baked,86,accepted,1.150,168483,"Sweet potato, cooked, baked in skin, flesh, without salt",Vegetables and Vegetable Products,20.71,6.48,3.30,7.05,measured,0.3129,0.1593,0.3404
1884,"Sweet potato (Ipomoea batatas ), NS, peeled, baked 45 min",VEGETABLES,baked,94,accepted,1.150,168483,"Sweet potato, cooked, baked in skin, flesh, without salt",Vegetables and Vegetable Products,20.71,6.48,3.30,7.05,measured,0.3129,0.1593,0.3404
1885,"Sweet potato (Ipomoea batatas ), Dor cultivar, peeled, cut into 25 mm slices, boiled in water for 20 min",VEGETABLES,boiled,47,accepted,1.150,168484,"Sweet potato, cooked, boiled, without skin",Vegetables and Vegetable Products,17.72,5.74,2.50,5.22,measured,0.3239,0.1411,0.2946
1886,"Sweet potato (Ipomoea batatas ), Clarendon cultivar, peeled, cut into 25 mm slices, boiled in water for 20 min",VEGETABLES,boiled,46,accepted,1.150,168484,"Sweet potato, cooked, boiled, without skin",Vegetables and Vegetable Products,17.72,5.74,2.50,5.22,measured,0.3239,0.1411,0.2946
1887,"Sweet potato (Ipomoea batatas ), Eustace cultivar, peeled, cut into 25 mm slices, boiled in water for 20 min",VEGETABLES,boiled,49,accepted,1.150,168484,"Sweet potato, cooked, boiled, without skin",Vegetables and Vegetable Products,17.72,5.74,2.50,5.22,measured,0.3239,0.1411,0.2946
1888,"Sweet potato (Ipomoea batatas ), Fire on Land cultivar, peeled, cut into 25 mm slices, boiled in water for 20 min",VEGETABLES,boiled,46,accepted,1.150,168484,"Sweet potato, cooked, boiled, without skin",Vegetables and Vegetable Products,17.72,5.74,2.50,5.22,measured,0.3239,0.1411,0.2946
1889,"Sweet potato (Ipomoea batatas ), Ganja cultivar, peeled, cut into 25 mm slices, boiled in water for 20 min",VEGETABLES,boiled,41,accepted,1.150,168484,"Sweet potato, cooked, boiled, without skin",Vegetables and Vegetable Products,17.72,5.74,2.50,5.22,measured,0.3239,0.1411,0.2946
1890,"Sweet potato (Ipomoea batatas ), Ms Mac cultivar, peeled, cut into 25 mm slices, boiled in water for 20 min",VEGETABLES,boiled,45,accepted,1.150,168484,"Sweet potato, cooked, boiled, without skin",Vegetables and Vegetable Products,17.72,5.74,2.50,5.22,measured,0.3239,0.1411,0.2946
1891,"Sweet potato (Ipomoea batatas ), Minda cultivar, peeled, cut into 25 mm slices, boiled in water for 20 min",VEGETABLES,boiled,49,accepted,1.150,168484,"Sweet potato, cooked, boiled, without skin",Vegetables and Vegetable Products,17.72,5.74,2.50,5.22,measured,0.3239,0.1411,0.2946
1892,"Sweet potato (Ipomoea batatas ), Quarter Million cultivar, peeled, cut into 25 mm slices, boiled in water for 20 min",VEGETABLES,boiled,49,accepted,1.150,168484,"Sweet potato, cooked, boiled, without skin",Vegetables and Vegetable Products,17.72,5.74,2.50,5.22,measured,0.3239,0.1411,0.2946
1893,"Sweet potato (Ipomoea batatas ), Watson cultivar, peeled, cut into 25 mm slices, boiled in water for 20 min",VEGETABLES,boiled,43,accepted,1.150,168484,"Sweet potato, cooked, boiled, without skin",Vegetables and Vegetable Products,17.72,5.74,2.50,5.22,measured,0.3239,0.1411,0.2946
1894,"Sweet potato (Ipomoea batatas ), Yellow Belly cultivar, peeled, cut into 25 mm slices, boiled in water for 20 min",VEGETABLES,boiled,50,accepted,1.150,168484,"Sweet potato, cooked, boiled, without skin",Vegetables and Vegetable Products,17.72,5.74,2.50,5.22,measured,0.3239,0.1411,0.2946
1895,"Sweet potato (Ipomoea batatas ), NS, peeled, cubed, boiled 30 min",VEGETABLES,boiled,46,accepted,1.150,168484,"Sweet potato, cooked, boiled, without skin",Vegetables and Vegetable Products,17.72,5.74,2.50,5.22,measured,0.3239,0.1411,0.2946
1896,"Sweet potato, orange flesh, NS, peeled, cut into pieces, boiled for 8 min",VEGETABLES,boiled,61,accepted,1.150,168484,"Sweet potato, cooked, boiled, without skin",Vegetables and Vegetable Products,17.72,5.74,2.50,5.22,measured,0.3239,0.1411,0.2946
1897,"Sweet potato, purple skin white flesh, peeled, cut into pieces, boiled for 8 min",VEGETABLES,boiled,75,accepted,1.150,168484,"Sweet potato, cooked, boiled, without skin",Vegetables and Vegetable Products,17.72,5.74,2.50,5.22,measured,0.3239,0.1411,0.2946
1898,"Red sweet potato (Ipomoea batatas ), NS, cooking method NS",VEGETABLES,boiled,84,accepted,1.117,168484,"Sweet potato, cooked, boiled, without skin",Vegetables and Vegetable Products,17.72,5.74,2.50,5.22,measured,0.3239,0.1411,0.2946
1899,"Sweet potato, kumara, cooking method NS",VEGETABLES,boiled,77,accepted,1.150,168484,"Sweet potato, cooked, boiled, without skin",Vegetables and Vegetable Products,17.72,5.74,2.50,5.22,measured,0.3239,0.1411,0.2946
1900,"Sweet potato (Ipomoea batatas ), Dor cultivar, peeled, cut into 10 mm wedges, fried in pre-heated vegetable oil",VEGETABLES,fried,76,none,,,,,,,,,,,,
1901,"Sweet potato (Ipomoea batatas ), Clarendon cultivar, peeled, cut into 10 mm wedges, fried in pre-heated vegetable oil",VEGETABLES,fried,73,none,,,,,,,,,,,,
1902,"Sweet potato (Ipomoea batatas ), Eustace cultivar, peeled, cut into 10 mm wedges, fried in pre-heated vegetable oil",VEGETABLES,fried,77,none,,,,,,,,,,,,
1903,"Sweet potato (Ipomoea batatas ), Fire on Land cultivar, peeled, cut into 10 mm wedges, fried in pre-heated vegetable oil",VEGETABLES,fried,75,none,,,,,,,,,,,,
1904,"Sweet potato (Ipomoea batatas ), Ganja cultivar, peeled, cut into 10 mm wedges, fried in pre-heated vegetable oil",VEGETABLES,fried,69,none,,,,,,,,,,,,
1905,"Sweet potato (Ipomoea batatas ), Ms Mac cultivar, peeled, cut into 10 mm wedges, fried in pre-heated vegetable oil",VEGETABLES,fried,63,none,,,,,,,,,,,,
1906,"Sweet potato (Ipomoea batatas ), Minda cultivar, peeled, cut into 10 mm wedges, fried in pre-heated vegetable oil",VEGETABLES,fried,68,none,,,,,,,,,,,,
1907,"Sweet potato (Ipomoea batatas ), Quarter Million cultivar, peeled, cut into 10 mm wedges, fried in pre-heated vegetable oil",VEGETABLES,fried,70,none,,,,,,,,,,,,
1908,"Sweet potato (Ipomoea batatas ), Watson cultivar, peeled, cut into 10 mm wedges, fried in pre-heated vegetable oil",VEGETABLES,fried,67,none,,,,,,,,,,,,
1909,"Sweet potato (Ipomoea batatas ), Yellow Belly cultivar, peeled, cut into 10 mm wedges, fried in pre-heated vegetable oil",VEGETABLES,fried,72,none,,,,,,,,,,,,
1910,"Sweet potato (Ipomoea batatas ), NS, peeled, fried in vegetable oil",VEGETABLES,fried,76,none,,,,,,,,,,,,
1911,"Sweet potato (Ipomoea batatas ), Dor cultivar, skin on, roasted on pre-heated charcoal for 45 min",VEGETABLES,roasted,86,accepted,1.150,168483,"Sweet potato, cooked, baked in skin, flesh, without salt",Vegetables and Vegetable Products,20.71,6.48,3.30,7.05,measured,0.3129,0.1593,0.3404
1912,"Sweet potato (Ipomoea batatas ), Clarendon cultivar, skin on, roasted on pre-heated charcoal for 45 min",VEGETABLES,roasted,81,accepted,1.150,168483,"Sweet potato, cooked, baked in skin, flesh, without salt",Vegetables and Vegetable Products,20.71,6.48,3.30,7.05,measured,0.3129,0.1593,0.3404
1913,"Sweet potato (Ipomoea batatas ), Eustace cultivar, skin on, roasted on pre-heated charcoal for 45 min",VEGETABLES,roasted,93,accepted,1.150,168483,"Sweet potato, cooked, baked in skin, flesh, without salt",Vegetables and Vegetable Products,20.71,6.48,3.30,7.05,measured,0.3129,0.1593,0.3404
1914,"Sweet potato (Ipomoea batatas ), Fire on Land cultivar, skin on, roasted on pre-heated charcoal for 45 min",VEGETABLES,roasted,90,accepted,1.150,168483,"Sweet potato, cooked, baked in skin, flesh, without salt",Vegetables and Vegetable Products,20.71,6.48,3.30,7.05,measured,0.3129,0.1593,0.3404
1915,"Sweet potato (Ipomoea batatas ), Ganja cultivar, skin on, roasted on pre-heated ch arcoal for 45 min",VEGETABLES,roasted,79,accepted,1.150,168483,"Sweet potato, cooked, baked in skin, flesh, without salt",Vegetables and Vegetable Products,20.71,6.48,3.30,7.05,measured,0.3129,0.1593,0.3404
1916,"Sweet potato (Ipomoea batatas ), Ms Mac cultivar, skin on, roasted on pre-heated charcoal for 45 min",VEGETABLES,roasted,85,accepted,1.150,168483,"Sweet potato, cooked, baked in skin, flesh, without salt",Vegetables and Vegetable Products,20.71,6.48,3.30,7.05,measured,0.3129,0.1593,0.3404
1917,"Sweet potato (Ipomoea batatas ), Minda cultivar, skin on, roasted on pre-heated ch arcoal for 45 min",VEGETABLES,roasted,89,accepted,1.150,168483,"Sweet potato, cooked, baked in skin, flesh, without salt",Vegetables and Vegetable Products,20.71,6.48,3.30,7.05,measured,0.3129,0.1593,0.3404
1918,"Sweet potato (Ipomoea batatas ), Quarter Million cultivar, skin on, roasted on pre-heated charcoal for 45 min",VEGETABLES,roasted,91,accepted,1.150,168483,"Sweet potato, cooked, baked in skin, flesh, without salt",Vegetables and Vegetable Products,20.71,6.48,3.30,7.05,measured,0.3129,0.1593,0.3404
1919,"Sweet potato (Ipomoea batatas ), Watson cultivar, skin on, roasted on pre-heated charcoal for 45 min",VEGETABLES,roasted,87,accepted,1.150,168483,"Sweet potato, cooked, baked in skin, flesh, without salt",Vegetables and Vegetable Products,20.71,6.48,3.30,7.05,measured,0.3129,0.1593,0.3404
1920,"Sweet potato (Ipomoea batatas ), Yellow Belly cultivar, skin on, roasted on pre-heated charcoal for 45 min",VEGETABLES,roasted,85,accepted,1.150,168483,"Sweet potato, cooked, baked in skin, flesh, without salt",Vegetables and Vegetable Products,20.71,6.48,3.30,7.05,measured,0.3129,0.1593,0.3404
1921,"Sweet potato (Ipomoea batatas ), NS, peeled, roasted on preheated charcoal",VEGETABLES,roasted,82,accepted,1.150,168483,"Sweet potato, cooked, baked in skin, flesh, without salt",Vegetables and Vegetable Products,20.71,6.48,3.30,7.05,measured,0.3129,0.1593,0.3404
1922,"Sweet potato lattices, processed sweet potato product, baked at 210°C for 18 min (Simplot Australia Pty Ltd, Australia)",VEGETABLES,baked,51,accepted,1.117,168483,"Sweet potato, cooked, baked in skin, flesh, without salt",Vegetables and Vegetable Products,20.71,6.48,3.30,7.05,measured,0.3129,0.1593,0.3404
1923,"Dasheen (Taro), peeled, cubed, boiled 30 min",VEGETABLES,boiled,72,none,,,,,,,,,,,,
1924,"Dasheen, peeled, boiled 30 min, refrigerated, reheated for 1 min",VEGETABLES,boiled,77,none,,,,,,,,,,,,
1925,"Coco yam (Xanthosoma spp. ), peeled, cubed, boiled 30 min",VEGETABLES,boiled,61,none,,,,,,,,,,,,
1926,"Lucea Yam (Dioscorea rotundata) , peeled, cubed, boiled 30 min",VEGETABLES,boiled,74,none,,,,,,,,,,,,
1927,"Lucea Yam (Dioscorea rotundata) , peeled, roasted on preheated charcoal",VEGETABLES,roasted,77,none,,,,,,,,,,,,
1928,"Negro yam (Dioscorea rotundata) , peeled, cubed, boiled 30 min",VEGETABLES,boiled,73,none,,,,,,,,,,,,
1929,"Negro yam (Dioscorea rotundata) , peeled, roasted on preheated charcoal",VEGETABLES,roasted,73,none,,,,,,,,,,,,
1930,"Round leaf yellow yam (Dioscorea cayenensis) , peeled, cubed, boiled 30 min",VEGETABLES,boiled,68,none,,,,,,,,,,,,
1931,"Round leaf yellow yam (Dioscorea cayenensis) , peeled, roasted on preheated charcoal",VEGETABLES,roasted,80,none,,,,,,,,,,,,
1932,"Sweet yam (Dioscorea alata) , peeled, cubed, boiled 30 min",VEGETABLES,boiled,79,none,,,,,,,,,,,,
1933,"Sweet yam (Dioscorea alata) , peeled, roasted on preheated charcoal",VEGETABLES,roasted,82,none,,,,,,,,,,,,
1934,"White yam (Dioscorea alata) , peeled, cubed, boiled 30 min",VEGETABLES,boiled,75,none,,,,,,,,,,,,
1935,"White yam (Dioscorea alata) , peeled, roasted on preheated charcoal",VEGETABLES,roasted,80,none,,,,,,,,,,,,
1936,"White yam (Dioscorea alata ), peeled, boiled 30 min, refrigerated, reheated for 1 min",VEGETABLES,boiled,62,none,,,,,,,,,,,,
1937,"Yam (Chinese sweet potato; Ipomoea batatas L. Lam), skin peeled, cut into 5 cm cubes, steamed by rice cooker",VEGETABLES,boiled,37,none,,,,,,,,,,,,
1938,"Yam (Dioscorea cayenensis), round leaf yellow yam, cut into mm chunks, boiled for 20 min, simmered for 10 min",VEGETABLES,boiled,68,none,,,,,,,,,,,,
1939,"Yam (Dioscorea alata ), white yam, cut into 25 mm chunks, boiled for 20 min, simmered for 10 min",VEGETABLES,boiled,75,none,,,,,,,,,,,,
1940,"Yam (Dioscorea esculenta) , Chinese yam, cut into 25 mm chunks, boiled for 20 min, simmered for 10 min",VEGETABLES,boiled,97,none,,,,,,,,,,,,
1941,"Yam (Dioscorea rotundata) , Lucea yam, cut into 25 mm chunks, boiled for 20 min, simmered for 10 min",VEGETABLES,boiled,74,none,,,,,,,,,,,,
1942,"Yam, cooked, NS",VEGETABLES,boiled,54,none,,,,,,,,,,,,
1943,"Yam, peeled, boiled",VEGETABLES,boiled,35,none,,,,,,,,,,,,
1944,"Yam, steamed",VEGETABLES,steamed,51,none,,,,,,,,,,,,
1945,"Tomato sauce, with extra cheese (Pasta Bake, Dolmio, Mars Foods, New Zealand)",VEGETABLES,baked,35,none,,,,,,,,,,,,
1946,"Tomato and vegetable pasta sauce, commercially-prepared",VEGETABLES,,23,none,,,,,,,,,,,,
1947,"Aloco, plantain (Musa spp. Agnrin) slices (yellow stage of ripeness aag6), salted and fried in vegetable oil",REGIONAL OR TRADITIONAL FOODS,fried,39,none,,,,,,,,,,,,
1948,"Aloco, plantain (Musa spp. Agnrin) slices (yellow with black spots stage of ripeness aag7), salted and fried in vegetable oil",REGIONAL OR TRADITIONAL FOODS,fried,39,none,,,,,,,,,,,,
1949,"Banane braise (blissi), unripe or half-ripe plantain (Musa spp. Afoto), roasted on heated charcoal",REGIONAL OR TRADITIONAL FOODS,roasted,88,none,,,,,,,,,,,,
1950,"Klaclo, plantain fritters made from blended over-ripe plantain (Musa spp. Ameletiha) mixed with cornflour, fried in vegetable oil",REGIONAL OR TRADITIONAL FOODS,fried,44,none,,,,,,,,,,,,
1951,"Meat and okra soup, with fermented cassava dough",REGIONAL OR TRADITIONAL FOODS,,75,none,,,,,,,,,,,,
1952,"Meat, beans and corn pottage with spinach",REGIONAL OR TRADITIONAL FOODS,,33,none,,,,,,,,,,,,
1953,Pap and Bambara nut pudding,REGIONAL OR TRADITIONAL FOODS,,40,none,,,,,,,,,,,,
1954,"Ugali porridge (corn foofoo, pap) made from whole maize flour, cooked for 15 min",REGIONAL OR TRADITIONAL FOODS,boiled,71,none,,,,,,,,,,,,
1955,"Ugali porridge (corn foofoo, pap) made from refined maize flour, cooked for 15 min",REGIONAL OR TRADITIONAL FOODS,boiled,75,none,,,,,,,,,,,,
1956,Arabic bread (baked bread),REGIONAL OR TRADITIONAL FOODS,baked,67,none,,,,,,,,,,,,
1957,Arseyah (Basmati rice with chicken),REGIONAL OR TRADITIONAL FOODS,,72,none,,,,,,,,,,,,
1958,Balalet (Sweet vermicelli),REGIONAL OR TRADITIONAL FOODS,,63,none,,,,,,,,,,,,
1959,Batheetha (Khalas date paste),REGIONAL OR TRADITIONAL FOODS,,59,none,,,,,,,,,,,,
1960,"Biryani, chicken (Basmati rice with chicken)",REGIONAL OR TRADITIONAL FOODS,,52,none,,,,,,,,,,,,
1961,"Boiled vermicelli (Swayweih/Ballaleet), cooked with sugar, served with Omani coffee (130 mL, 225 mg caffeine)",REGIONAL OR TRADITIONAL FOODS,boiled,64,none,,,,,,,,,,,,
1962,"Boiled vermicelli (Swayweih/Ballaleet), cooked with sugar, served with water",REGIONAL OR TRADITIONAL FOODS,boiled,67,none,,,,,,,,,,,,
1963,Chami (cottage cheese),REGIONAL OR TRADITIONAL FOODS,,60,none,,,,,,,,,,,,
1964,Chebab bread (Emirati pancake),REGIONAL OR TRADITIONAL FOODS,,54,none,,,,,,,,,,,,
1965,"Croissant, served with Omani coffee (130 mL, 225 mg caffeine)",REGIONAL OR TRADITIONAL FOODS,,65,none,,,,,,,,,,,,
1966,"Dates, Khalas (Rutab, soft early ripened) (91.1 g), eaten with full-fat plain yoghurt (125 g)",REGIONAL OR TRADITIONAL FOODS,,37,none,,,,,,,,,,,,
1967,"Dates, Khalas variety (Al Saad date factory, Al Ain), served with Arabic coffee",REGIONAL OR TRADITIONAL FOODS,,53,none,,,,,,,,,,,,
1968,"Doughnut, served with Omani coffee (130 mL, 225 mg caffeine)",REGIONAL OR TRADITIONAL FOODS,,77,none,,,,,,,,,,,,
1969,"Fendal (boiled sweet potato, dates added to cooking water)",REGIONAL OR TRADITIONAL FOODS,boiled,74,none,,,,,,,,,,,,
1970,"Fried vermicelli (Swayweih/Ballaleet), cooked with sugar, served with Omani coffee (130 mL, 225 mg caffeine)",REGIONAL OR TRADITIONAL FOODS,boiled,65,none,,,,,,,,,,,,
1971,"Fried vermicelli (Swayweih/Ballaleet), cooked with sugar, served with water",REGIONAL OR TRADITIONAL FOODS,boiled,72,none,,,,,,,,,,,,
1972,"Habba Hamra (red seed drink, containing evaporated milk)",REGIONAL OR TRADITIONAL FOODS,,47,none,,,,,,,,,,,,
1973,"Harees, beef (whole wheat served with meat)",REGIONAL OR TRADITIONAL FOODS,,42,none,,,,,,,,,,,,
1974,Khabisa (semolina pudding with cardamom),REGIONAL OR TRADITIONAL FOODS,,67,none,,,,,,,,,,,,
1975,Khameer bread (baked bread),REGIONAL OR TRADITIONAL FOODS,baked,47,none,,,,,,,,,,,,
1976,Khanfaroosh (Doughnut cake),REGIONAL OR TRADITIONAL FOODS,,45,none,,,,,,,,,,,,
1977,Legemat (Doughnut cake),REGIONAL OR TRADITIONAL FOODS,,44,none,,,,,,,,,,,,
1978,"Machbous, fish (Basmati rice with fish)",REGIONAL OR TRADITIONAL FOODS,,60,none,,,,,,,,,,,,
1979,Muhalla bread (Emirati sweet crepe),REGIONAL OR TRADITIONAL FOODS,,77,none,,,,,,,,,,,,
1980,Regag bread (Thin crispy crepe),REGIONAL OR TRADITIONAL FOODS,,76,none,,,,,,,,,,,,
1981,"Sambosa vegetable, fried in oil, served with water",REGIONAL OR TRADITIONAL FOODS,fried,60,none,,,,,,,,,,,,
1982,"Sambosa vegetable, fried in oil, served with Omani coffee (130 mL, 225 mg caffeine)",REGIONAL OR TRADITIONAL FOODS,fried,57,none,,,,,,,,,,,,
1983,"Thareed, beef (Regag bread served with meat stew)",REGIONAL OR TRADITIONAL FOODS,,74,none,,,,,,,,,,,,
1984,"Baked Barbecued Pork Puff, instant (Hoixe Cake Shop, H.K.)",REGIONAL OR TRADITIONAL FOODS,instant,55,none,,,,,,,,,,,,
1985,"Barbecue pork bun, instant (Maxim's MX, H.K.)",REGIONAL OR TRADITIONAL FOODS,instant,69,none,,,,,,,,,,,,
1986,"Barley Drink (ready-to-drink packet drink made from pearl barley and dried winter melon) (F&N Foods Private Limited, Singapore)",REGIONAL OR TRADITIONAL FOODS,dried,62,none,,,,,,,,,,,,
1987,"Beehoon (rice vermicelli), cooked for 1.5 min (NTUC Fairprice, Singapore)",REGIONAL OR TRADITIONAL FOODS,boiled,35,none,,,,,,,,,,,,
1988,"Bread, Garden milk bar bun",REGIONAL OR TRADITIONAL FOODS,,73,none,,,,,,,,,,,,
1989,"Bun, white, filled with red bean paste",REGIONAL OR TRADITIONAL FOODS,,58,none,,,,,,,,,,,,
1990,"Bun, steamed, made from wheat flour",REGIONAL OR TRADITIONAL FOODS,steamed,85,none,,,,,,,,,,,,
1991,"Bun, white, steamed Chinese",REGIONAL OR TRADITIONAL FOODS,steamed,58,none,,,,,,,,,,,,
1992,"Butter rice, warm white rice and 10 g butter",REGIONAL OR TRADITIONAL FOODS,,79,none,,,,,,,,,,,,
1993,Cake crisp,REGIONAL OR TRADITIONAL FOODS,,59,none,,,,,,,,,,,,
1994,"Cereal Solid Beverage, common type (LVSHOU Health Indystry Group, Guangzhou, China)",REGIONAL OR TRADITIONAL FOODS,,53,none,,,,,,,,,,,,
1995,"Cereal Solid Beverage, fortified type (LVSHOU Health Indystry Group, Guangzhou, China)",REGIONAL OR TRADITIONAL FOODS,,42,none,,,,,,,,,,,,
1996,"Char Siew Pau, steamed barbecue pork bun (Tanjong Rhu Pau & Confectionary, Singapore)",REGIONAL OR TRADITIONAL FOODS,steamed,66,none,,,,,,,,,,,,
1997,"Chee Cheong Fun, rice noodle roll or steamed rice roll, plain served with sweet soya sauce (Hock Seng Food Private Ltd, Singapore)",REGIONAL OR TRADITIONAL FOODS,steamed,81,none,,,,,,,,,,,,
1998,"Chinese Carrot Cake, turnip cake, daikon cake or radish cake, pan-fired shredded radish with plain rice flour (Wei Cian Foods Private Ltd, Singapore)",REGIONAL OR TRADITIONAL FOODS,,77,none,,,,,,,,,,,,
1999,"Chinese herbal jelly, instant, prepared freshly in the morning (Guang Jian Tang Brand, Kwong Tai Agency Co., Ltd., China)",REGIONAL OR TRADITIONAL FOODS,instant,47,none,,,,,,,,,,,,
2000,"Chinese Yam Cake, taro cake or pan-fried shredded yam with plan rice four (Wei Cian Foods Private Limited)",REGIONAL OR TRADITIONAL FOODS,fried,86,none,,,,,,,,,,,,
2001,"Curry Puff, deep-fried pastry dough stuffed with curry, chicken and potatoes (Old Chang Kee (S) Private Limited)",REGIONAL OR TRADITIONAL FOODS,fried,41,none,,,,,,,,,,,,
2002,Curry rice,REGIONAL OR TRADITIONAL FOODS,,67,none,,,,,,,,,,,,
2003,Curry rice with processed cheese,REGIONAL OR TRADITIONAL FOODS,,55,none,,,,,,,,,,,,
2004,"Dumpling, containing meat and shallots",REGIONAL OR TRADITIONAL FOODS,,28,none,,,,,,,,,,,,
2005,"Dumpling, highland buckwheat flour & beef vegetables fillings (Tibet Jingu Agricultural High Tech. Tibet, China)",REGIONAL OR TRADITIONAL FOODS,,43,none,,,,,,,,,,,,
2006,"Egg tart, instant, freshly prepared in the morning (Maxim's MX, Hong Kong)",REGIONAL OR TRADITIONAL FOODS,instant,45,none,,,,,,,,,,,,
2007,"Fried Fritter, instant (Ocean Empire International Ltd., H.K.)",REGIONAL OR TRADITIONAL FOODS,instant,69,none,,,,,,,,,,,,
2008,"Fried Rice in Yangzhou-style, instant",REGIONAL OR TRADITIONAL FOODS,instant,80,none,,,,,,,,,,,,
2009,Fried rice vermicelli in Singapore-style,REGIONAL OR TRADITIONAL FOODS,fried,54,none,,,,,,,,,,,,
2010,Fried rice vermicelli in Singapore-style,REGIONAL OR TRADITIONAL FOODS,fried,58,none,,,,,,,,,,,,
2011,"Glutaminous rice flour (Satou Co. Ltd), instant, served warm with roasted ground soybean",REGIONAL OR TRADITIONAL FOODS,instant,65,review,0.733,168898,"Rice flour, brown",Cereal Grains and Pasta,76.48,0.66,4.60,71.22,estimated,0.0086,0.0601,0.9312
2012,"Glutinous rice, white, cooked in rice cooker (Bangsue Chia Meng Rice Co., Bangkok, Thailand)",REGIONAL OR TRADITIONAL FOODS,boiled,94,accepted,1.100,169711,"Rice, white, glutinous, unenriched, cooked",Cereal Grains and Pasta,21.09,0.05,1.00,20.04,estimated,0.0024,0.0474,0.9502
2013,Glutinous rice ball with cut glutinous cake (mochi),REGIONAL OR TRADITIONAL FOODS,,48,none,,,,,,,,,,,,
2014,"Glutinous rice ball (Lee Chun Brand, Lee Chun Food Ltd., H.K.; Boiled",REGIONAL OR TRADITIONAL FOODS,boiled,61,none,,,,,,,,,,,,
2015,"Green Bean dessert, instant (NISSIN Brand, Nissin Foods Co., LTD., China)",REGIONAL OR TRADITIONAL FOODS,instant,54,none,,,,,,,,,,,,
2016,"Hokkien noodles (Fantastic Fresh, Australia)",REGIONAL OR TRADITIONAL FOODS,,58,none,,,,,,,,,,,,
2017,"Instant cereal, Quaker oatmeal (anchovy flavor), 200 mL boiled water added",REGIONAL OR TRADITIONAL FOODS,instant,67,none,,,,,,,,,,,,
2018,"Instant cereal, Nestlé Vita (red date flavor, high FE), 180 mL boiled water added",REGIONAL OR TRADITIONAL FOODS,instant,94,none,,,,,,,,,,,,
2019,"Instant cereal, Nestlé Vita (green tea flavor, high Ca), 180 mL boiled water added",REGIONAL OR TRADITIONAL FOODS,instant,108,none,,,,,,,,,,,,
2020,Kaya Butter Toast (Just Acia Private Limited),REGIONAL OR TRADITIONAL FOODS,toasted,49,none,,,,,,,,,,,,
2021,Lo Mai Gai (Hock Seng Food Private Limited),REGIONAL OR TRADITIONAL FOODS,,106,none,,,,,,,,,,,,
2022,Low-protein white rice with dried sea algae,REGIONAL OR TRADITIONAL FOODS,,70,none,,,,,,,,,,,,
2023,"""Mai-Lai"" Cake, Instant, prepared freshly in the morning",REGIONAL OR TRADITIONAL FOODS,instant,61,none,,,,,,,,,,,,
2024,"Moon cake, Maxim’s Low Sugar Lotus Seed Paste (salted egg yolk) (Maxim’s Caterers Limited, Hong Kong)",REGIONAL OR TRADITIONAL FOODS,,30,none,,,,,,,,,,,,
2025,"Moon cake, Maxim’s Low Sugar White Lotus Seed Paste (salted egg yolk) (Maxim’s Caterers Limited, Hong Kong)",REGIONAL OR TRADITIONAL FOODS,,29,none,,,,,,,,,,,,
2026,"Moon cake, Maxim’s Low Sugar Lotus Seed Paste (with pine nut) (Maxim’s Caterers Limited, Hong Kong)",REGIONAL OR TRADITIONAL FOODS,,40,none,,,,,,,,,,,,
2027,"Moon cake, Maxim’s Low Sugar White Lotus Seed Paste (with pine nut) (Maxim’s Caterers Limited, Hong Kong)",REGIONAL OR TRADITIONAL FOODS,,33,none,,,,,,,,,,,,
2028,"Moon cakes, Instant, prepared freshly in the morning (Kee Wah Bakery Shop, Hong Kong)",REGIONAL OR TRADITIONAL FOODS,instant,56,none,,,,,,,,,,,,
2029,"Mung bean noodles (Lungkow bean thread or vermicelli noodles), dried, boiled",REGIONAL OR TRADITIONAL FOODS,boiled,39,none,,,,,,,,,,,,
2030,"Mung bean noodles, glass or cellophane noodles, boiled (Longkow Company, Taipei, Taiwan)",REGIONAL OR TRADITIONAL FOODS,boiled,20,none,,,,,,,,,,,,
2031,Nasi Lemak (Old Chang Kee (S) Private Limited),REGIONAL OR TRADITIONAL FOODS,,66,none,,,,,,,,,,,,
2032,"Noodles, sau tao chicken-flavored Sichuan spicy noodles (wheat flour), boiled 3 min",REGIONAL OR TRADITIONAL FOODS,boiled,65,none,,,,,,,,,,,,
2033,"Noodles, doll fried noodles (wheat flour and tapioca starch), boiled 3 min",REGIONAL OR TRADITIONAL FOODS,boiled,88,none,,,,,,,,,,,,
2034,"Noodles, potato, served with meat, NS",REGIONAL OR TRADITIONAL FOODS,,17,none,,,,,,,,,,,,
2035,"Pandan Waffle (waffle batter prepared with pandan leaves, coconut milk, eggs, and oil) (Dilys Creation, Singapore)",REGIONAL OR TRADITIONAL FOODS,,46,none,,,,,,,,,,,,
2036,Pill potato and yam powder,REGIONAL OR TRADITIONAL FOODS,,35,none,,,,,,,,,,,,
2037,"""Pineapple"" bun, instant (Hoixe Cake Shop, H.K.)",REGIONAL OR TRADITIONAL FOODS,instant,65,none,,,,,,,,,,,,
2038,"Pink Rice Cake (teochew rice cake or Png Kueh), steamed rice pastry stuffed with pan-fried glutinous rice (Dilys Creation, Singapore)",REGIONAL OR TRADITIONAL FOODS,steamed,97,none,,,,,,,,,,,,
2039,"Plain steamed vermicelli roll, instant",REGIONAL OR TRADITIONAL FOODS,instant,90,none,,,,,,,,,,,,
2040,Potato noodles with meat,REGIONAL OR TRADITIONAL FOODS,,17,none,,,,,,,,,,,,
2041,"Red bean dessert, instant (Nissin Brand, Nissin Foods Co., LTD., China)",REGIONAL OR TRADITIONAL FOODS,instant,75,none,,,,,,,,,,,,
2042,"Rice gruel with dried algae (Satou Co Ltd., Japan)",REGIONAL OR TRADITIONAL FOODS,,81,none,,,,,,,,,,,,
2043,"Roasted rice ball (Satou Co Ltd., Japan)",REGIONAL OR TRADITIONAL FOODS,roasted,77,none,,,,,,,,,,,,
2044,"Salted meat rice dumpling, instant (Ocean Empire International Ltd., H.K.)",REGIONAL OR TRADITIONAL FOODS,instant,69,none,,,,,,,,,,,,
2045,"Salted meat rice dumpling, instant (Ocean Empire International Ltd., H.K.)",REGIONAL OR TRADITIONAL FOODS,instant,81,none,,,,,,,,,,,,
2046,"Soba noodles, instant, reheated in hot water, served with soup",REGIONAL OR TRADITIONAL FOODS,instant,46,none,,,,,,,,,,,,
2047,"Spring roll, instant",REGIONAL OR TRADITIONAL FOODS,instant,50,none,,,,,,,,,,,,
2048,"Stuffed bun, with shallots and meat, steamed",REGIONAL OR TRADITIONAL FOODS,steamed,39,none,,,,,,,,,,,,
2049,"Sushi, brown rice, vegetable and tofu",REGIONAL OR TRADITIONAL FOODS,,45,none,,,,,,,,,,,,
2050,"Sushi, salmon ('I Love Sushi', Sydney, Australia)",REGIONAL OR TRADITIONAL FOODS,,48,none,,,,,,,,,,,,
2051,"Steamed glutinous rice roll, instant",REGIONAL OR TRADITIONAL FOODS,instant,89,none,,,,,,,,,,,,
2052,"Sticky rice wrapped in lotus leaf, instant (Maxim's MX, H.K.)",REGIONAL OR TRADITIONAL FOODS,instant,83,none,,,,,,,,,,,,
2053,"Sweet milky bun, instant",REGIONAL OR TRADITIONAL FOODS,instant,67,none,,,,,,,,,,,,
2054,"Sweet milky bun, frozen, steamed (AMOY Brand, Amoy Food Ltd., H.K.)",REGIONAL OR TRADITIONAL FOODS,steamed,72,none,,,,,,,,,,,,
2055,"Taro (Colocasia esculenta L. Schott), skin peeled, cut into 5 cm cubes, steamed by rice cooker",REGIONAL OR TRADITIONAL FOODS,boiled,49,accepted,1.100,168486,"Taro, cooked, without salt",Vegetables and Vegetable Products,34.60,0.49,5.10,29.01,estimated,0.0142,0.1474,0.8384
2056,"Tuna Fish Bun, instant (Maxim's MX, H.K.)",REGIONAL OR TRADITIONAL FOODS,instant,46,none,,,,,,,,,,,,
2057,"Udon noodles, instant, with sauce and fried bean curd (Nishin Shokuhin, Japan)",REGIONAL OR TRADITIONAL FOODS,instant,48,none,,,,,,,,,,,,
2058,"White rice (Satou Co. Ltd, Japan), dried sea algae and milk (Snow Brand, Japan), eaten together",REGIONAL OR TRADITIONAL FOODS,dried,48,none,,,,,,,,,,,,
2059,"White rice (Satou Co. Ltd, Japan), dried sea algae and milk (Snow Brand, Japan), milk eaten before rice",REGIONAL OR TRADITIONAL FOODS,dried,56,none,,,,,,,,,,,,
2060,"White rice (Satou Co. Ltd, Japan), dried sea algae and milk (Snow Brand, Japan), milk eaten after rice",REGIONAL OR TRADITIONAL FOODS,dried,55,none,,,,,,,,,,,,
2061,"White rice (Satou Co. Ltd, Japan) with fermented soybean (natto)",REGIONAL OR TRADITIONAL FOODS,,56,none,,,,,,,,,,,,
2062,White rice (Satou Co. Ltd with instant miso soup (soybean paste soup),REGIONAL OR TRADITIONAL FOODS,,61,none,,,,,,,,,,,,
2063,"White rice (Satou Co. Ltd, Japan) with low-fat milk Kemrakuren, Japan)",REGIONAL OR TRADITIONAL FOODS,,69,none,,,,,,,,,,,,
2064,"White rice (Satou Co. Ltd, Japan) and non-sugar yoghurt (Meiji Dairy, Japan), yoghurt eaten before rice",REGIONAL OR TRADITIONAL FOODS,,59,none,,,,,,,,,,,,
2065,"White rice (Satou Co. Ltd, Japan) and non-sugar yoghurt (Meiji Dairy, Japan), yoghurt eaten after rice",REGIONAL OR TRADITIONAL FOODS,,58,none,,,,,,,,,,,,
2066,"White rice (Satou Co. Ltd, Japan) with pickled vinegar and pickled cucumber, pickled foods eaten before rice",REGIONAL OR TRADITIONAL FOODS,,60,none,,,,,,,,,,,,
2067,"White rice (Satou Co. Ltd, Japan) with pickled vinegar and pickled cucumber, consumed together",REGIONAL OR TRADITIONAL FOODS,,61,none,,,,,,,,,,,,
2068,"White rice (Satou Co. Ltd, Japan) with roasted ground soybean (Mitake Food Ind. Japan)",REGIONAL OR TRADITIONAL FOODS,,56,none,,,,,,,,,,,,
2069,"White rice (Satou Co. Ltd, Japan) with salted dried plum (umeboshi)",REGIONAL OR TRADITIONAL FOODS,dried,80,none,,,,,,,,,,,,
2070,"WoTao, made from corn and wheat",REGIONAL OR TRADITIONAL FOODS,,65,none,,,,,,,,,,,,
2071,"Yoghurt, Yitangping (Beijing Sanyuan Foods, Beijing, China)",REGIONAL OR TRADITIONAL FOODS,,21,none,,,,,,,,,,,,
2072,"Youtiao (deep-fried breadstick) (Koufu Private Ltd, Singapore)",REGIONAL OR TRADITIONAL FOODS,fried,55,none,,,,,,,,,,,,
2073,"Basmati rice pilau, with onion and curry powder",REGIONAL OR TRADITIONAL FOODS,,60,none,,,,,,,,,,,,
2074,Bun,REGIONAL OR TRADITIONAL FOODS,,82,none,,,,,,,,,,,,
2075,Bun with 10% fenugreek,REGIONAL OR TRADITIONAL FOODS,,51,none,,,,,,,,,,,,
2076,"Chapatti, frozen, heated in dry pan for 3 min until browned (Kawan Food Manufacturing, Malaysia)",REGIONAL OR TRADITIONAL FOODS,,50,none,,,,,,,,,,,,
2077,"Chapatti (made from Chapatti flour (Elephant Atta Medium Chapatti flour, Rank Hovis Ltd., Manchester, UK)",REGIONAL OR TRADITIONAL FOODS,,68,none,,,,,,,,,,,,
2078,Chapatti,REGIONAL OR TRADITIONAL FOODS,,58,none,,,,,,,,,,,,
2079,Chapatti with 4% ß-glucan,REGIONAL OR TRADITIONAL FOODS,,55,none,,,,,,,,,,,,
2080,Chapatti with 8% ß-glucan,REGIONAL OR TRADITIONAL FOODS,,52,none,,,,,,,,,,,,
2081,"Chapati, flatbread",REGIONAL OR TRADITIONAL FOODS,,63,none,,,,,,,,,,,,
2082,"Chapati, flatbread with 10% fenugreek",REGIONAL OR TRADITIONAL FOODS,,43,none,,,,,,,,,,,,
2083,"Naan bread (True Foods Pty Ltd, VIC, Australia), heated in microwave for 25 sec",REGIONAL OR TRADITIONAL FOODS,microwaved,71,none,,,,,,,,,,,,
2084,"Paratha, frozen, heated in dry pan for 1.5 min until browned (Kawan Food Manufacturing, Malaysia)",REGIONAL OR TRADITIONAL FOODS,,53,none,,,,,,,,,,,,
2085,"Pilaf porridge, whole grain (minimally processed whole grains: oats, long grain brown rice, rye, hard red winter wheat, triticale, buckwheat, barley, sesame seeds), cooked for 30 min",REGIONAL OR TRADITIONAL FOODS,boiled,59,none,,,,,,,,,,,,
2086,Rice dosa,REGIONAL OR TRADITIONAL FOODS,,76,none,,,,,,,,,,,,
2087,Rice idli (commercially available dry mix),REGIONAL OR TRADITIONAL FOODS,,85,none,,,,,,,,,,,,
2088,"Finger millet, decorticated, with lower degree of polish, in the form of upma (savory meal and traditional Indian breakfast choice)",REGIONAL OR TRADITIONAL FOODS,,85,none,,,,,,,,,,,,
2089,Finger millet flakes in the form of upma,REGIONAL OR TRADITIONAL FOODS,,82,none,,,,,,,,,,,,
2090,Finger millet vermicelli in the form of upma,REGIONAL OR TRADITIONAL FOODS,,66,none,,,,,,,,,,,,
2091,Upma,REGIONAL OR TRADITIONAL FOODS,,71,none,,,,,,,,,,,,
